uptime_s,free_mb,total_mb,percent,tensor_layers,metal_broken
 5, 6138, 12124, 51,-1,0
 5, 6138, 12124, 51,-1,0
 5, 6138, 12124, 51,-1,0
 5, 6138, 12124, 51,-1,0
 5, 6138, 12124, 51,-1,0
 5, 6138, 12124, 51,-1,0
 5, 6138, 12124, 51,-1,0
 5, 6138, 12124, 51,-1,0
 5, 6138, 12124, 51,-1,0
 5, 6138, 12124, 51,-1,0
 6, 6138, 12124, 51,-1,0
 6, 6138, 12124, 51,-1,0
 6, 6138, 12124, 51,-1,0
 6, 6138, 12124, 51,-1,0
 6, 6138, 12124, 51,-1,0
 6, 6138, 12124, 51,-1,0
 6, 6138, 12124, 51,-1,0
 6, 6138, 12124, 51,-1,0
 6, 6138, 12124, 51,-1,0
 6, 6138, 12124, 51,-1,0
 7, 6138, 12124, 51,-1,0
 7, 6138, 12124, 51,-1,0
 7, 6138, 12124, 51,-1,0
 7, 6138, 12124, 51,-1,0
 7, 6138, 12124, 51,-1,0
 7, 6138, 12124, 51,-1,0
 7, 6138, 12124, 51,-1,0
 7, 6138, 12124, 51,-1,0
 7, 6138, 12124, 51,-1,0
 7, 6138, 12124, 51,-1,0
 8, 5534, 12124, 46,-1,0
 8, 5422, 12124, 45,-1,0
 8, 5273, 12124, 43,-1,0
 8, 5134, 12124, 42,-1,0
 8, 5134, 12124, 42,-1,0
 8, 5134, 12124, 42,-1,0
 8, 5134, 12124, 42,-1,0
 8, 5134, 12124, 42,-1,0
 8, 5134, 12124, 42,-1,0
 8, 5134, 12124, 42,-1,0
 9, 5134, 12124, 42,-1,0
 9, 5134, 12124, 42,-1,0
 9, 5134, 12124, 42,-1,0
 9, 5134, 12124, 42,-1,0
 9, 5134, 12124, 42,-1,0
 9, 5134, 12124, 42,-1,0
 9, 5134, 12124, 42,-1,0
 9, 5134, 12124, 42,-1,0
 9, 5134, 12124, 42,-1,0
 9, 5134, 12124, 42,-1,0
 10, 5134, 12124, 42,-1,0  10, 5134, 12124, 42,-1, 9 10, 5134, 12124, 42,-1 9, 10, 5134, 12124, 42,- 9,  10, 5134, 12124, 42, 9, 6 10, 5134, 12124, 42 10, 6 10, 5134, 12124, 42 10, 6 10, 5134, 12124, 42 10, 6 10, 5134, 12124, 42 10, 6 10, 5134, 12124, 42 10, 6 11, 5134, 12124, 42 10, 6 11, 5134, 12124, 42 10, 6 11, 5134, 12124, 42 10, 6 11, 5134, 12124, 42 10, 6 11, 5134, 12124, 42 10, 6 11, 5273, 12124, 43 11, 6 11, 6138, 12124, 51 11, 6 11, 6138, 12124, 51 11, 6 11, 5422, 12124, 45 11, 6 11, 5123, 12124, 42 11, 6 12, 5271, 12124, 43 11, 6 12, 6138, 12124, 51 11, 6138, 12124, 51,-1,0
 11, 6138, 12124, 51,-1,0
 11, 6138, 12124, 51,-1,0
 11, 6138, 12124, 51,-1,0
 12, 6138, 12124, 51,-1,0
 12, 6138, 12124, 51,-1,0
 12, 6138, 12124, 51,-1,0
 12, 6138, 12124, 51,-1,0
 12, 6138, 12124, 51,-1,0
 12, 6138, 12124, 51,-1,0
 12, 6138, 12124, 51,-1,0
 12, 6138, 12124, 51,-1,0
 12, 6138, 12124, 51,-1,0
 12, 6138, 12124, 51,-1,0
 13, 6138, 12124, 51,-1,0
 13, 6138, 12124, 51,-1,0
 13, 6138, 12124, 51,-1,0
 13, 6138, 12124, 51,-1,0
 13, 6138, 12124, 51,-1,0
 13, 6138, 12124, 51,-1,0
 13, 6138, 12124, 51,-1,0
 13, 6138, 12124, 51,-1,0
 13, 6138, 12124, 51,-1,0
 13, 6138, 12124, 51,-1,0
 14, 6138, 12124, 51,-1,0
 14, 6138, 12124, 51,-1,0
 14, 6138, 12124, 51,-1,0
 14, 6138, 12124, 51,-1,0
 14, 6138, 12124, 51,-1,0
 14, 6138, 12124, 51,-1,0
 14, 6138, 12124, 51,-1,0
 14, 6138, 12124, 51,-1,0
 14, 6138, 12124, 51,-1,0
 14, 6138, 12124, 51,-1,0
 15, 6138, 12124, 51,-1,0
 15, 6138, 12124, 51,-1,0
 15, 6138, 12124, 51,-1,0
 15, 6138, 12124, 51,-1,0
 15, 6138, 12124, 51,-1,0
 15, 6138, 12124, 51,-1,0
 15, 6138, 12124, 51,-1,0
 15, 6138, 12124, 51,-1,0
 15, 6138, 12124, 51,-1,0
 15, 6138, 12124, 51,-1,0
 16, 6138, 12124, 51,-1,0
 16, 6138, 12124, 51,-1,0
 16, 6138, 12124, 51,-1,0
 16, 6138, 12124, 51,-1,0
 16, 6138, 12124, 51,-1,0
 16, 6138, 12124, 51,-1,0
 16, 6138, 12124, 51,-1,0
 16, 6138, 12124, 51,-1,0
 16, 6138, 12124, 51,-1,0
 16, 6138, 12124, 51,-1,0
 17, 6138, 12124, 51,-1,0
 17, 6138, 12124, 51,-1,0
 17, 6138, 12124, 51,-1,0
 17, 6138, 12124, 51,-1,0
 17, 6138, 12124, 51,-1,0
 17, 6138, 12124, 51,-1,0
 17, 6138, 12124, 51,-1,0
 17, 6138, 12124, 51,-1,0
 17, 6138, 12124, 51,-1,0
 17, 6138, 12124, 51,-1,0
 18, 6138, 12124, 51,-1,0
 18, 6138, 12124, 51,-1,0
 18, 6138, 12124, 51,-1,0
 18, 6138, 12124, 51,-1,0
 18, 6138, 12124, 51,-1,0
 18, 6138, 12124, 51,-1,0
 18, 6138, 12124, 51,-1,0
 18, 6138, 12124, 51,-1,0
 18, 6138, 12124, 51,-1,0
 19, 6138, 12124, 51,-1,0
 19, 6138, 12124, 51,-1,0
 19, 6138, 12124, 51,-1,0
 19, 6138, 12124, 51,-1,0
 19, 6138, 12124, 51,-1,0
 19, 6138, 12124, 51,-1,0
 19, 6138, 12124, 51,-1,0
 19, 6138, 12124, 51,-1,0
 19, 6138, 12124, 51,-1,0
 19, 6138, 12124, 51,-1,0
 20, 6138, 12124, 51,-1,0
 20, 6138, 12124, 51,-1,0
 20, 6138, 12124, 51,-1,0
 20, 6138, 12124, 51,-1,0
 20, 6138, 12124, 51,-1,0
 20, 6138, 12124, 51,-1,0
 20, 6138, 12124, 51,-1,0
 20, 6138, 12124, 51,-1,0
 20, 6138, 12124, 51,-1,0
 20, 6138, 12124, 51,-1,0
 21, 6138, 12124, 51,-1,0
 21, 6138, 12124, 51,-1,0
 21, 6138, 12124, 51,-1,0
 21, 6138, 12124, 51,-1,0
 21, 6138, 12124, 51,-1,0
 21, 6138, 12124, 51,-1,0
 21, 6138, 12124, 51,-1,0
 21, 6138, 12124, 51,-1,0
 21, 6138, 12124, 51,-1,0
 21, 6138, 12124, 51,-1,0
 22, 6138, 12124, 51,-1,0
 22, 6138, 12124, 51,-1,0
 22, 6138, 12124, 51,-1,0
 22, 6138, 12124, 51,-1,0
 22, 6138, 12124, 51,-1,0
 22, 6138, 12124, 51,-1,0
 22, 6138, 12124, 51,-1,0
 22, 6138, 12124, 51,-1,0
 22, 6138, 12124, 51,-1,0
 22, 6138, 12124, 51,-1,0
 23, 6138, 12124, 51,-1,0
 23, 6138, 12124, 51,-1,0
 23, 6138, 12124, 51,-1,0
 23, 6138, 12124, 51,-1,0
 23, 6138, 12124, 51,-1,0
 23, 6138, 12124, 51,-1,0
 23, 6138, 12124, 51,-1,0
 23, 6138, 12124, 51,-1,0
 23, 6138, 12124, 51,-1,0
 23, 6138, 12124, 51,-1,0
 24, 6138, 12124, 51,-1,0
 24, 6138, 12124, 51,-1,0
 24, 6138, 12124, 51,-1,0
 24, 6138, 12124, 51,-1,0
 24, 6138, 12124, 51,-1,0
 24, 6138, 12124, 51,-1,0
 24, 6138, 12124, 51,-1,0
 24, 6138, 12124, 51,-1,0
 24, 6138, 12124, 51,-1,0
 24, 6138, 12124, 51,-1,0
 25, 6138, 12124, 51,-1,0
 25, 6138, 12124, 51,-1,0
 25, 6138, 12124, 51,-1,0
 25, 6138, 12124, 51,-1,0
 25, 6138, 12124, 51,-1,0
 25, 6138, 12124, 51,-1,0
 25, 6138, 12124, 51,-1,0
 25, 6138, 12124, 51,-1,0
 25, 6138, 12124, 51,-1,0
 25, 6138, 12124, 51,-1,0
 26, 6138, 12124, 51,-1,0
 26, 6138, 12124, 51,-1,0
 26, 6138, 12124, 51,-1,0
 26, 6138, 12124, 51,-1,0
 26, 6138, 12124, 51,-1,0
 26, 6138, 12124, 51,-1,0
 26, 6138, 12124, 51,-1,0
 26, 6138, 12124, 51,-1,0
 26, 6138, 12124, 51,-1,0
 26, 6138, 12124, 51,-1,0
 27, 6138, 12124, 51,-1,0
 27, 6138, 12124, 51,-1,0
 27, 6138, 12124, 51,-1,0
 27, 6138, 12124, 51,-1,0
 27, 6138, 12124, 51,-1,0
 27, 6138, 12124, 51,-1,0
 27, 6138, 12124, 51,-1,0
 27, 6138, 12124, 51,-1,0
 27, 6138, 12124, 51,-1,0
 27, 6138, 12124, 51,-1,0
 28, 6138, 12124, 51,-1,0
 28, 6138, 12124, 51,-1,0
 28, 6138, 12124, 51,-1,0
 28, 6138, 12124, 51,-1,0
 28, 6138, 12124, 51,-1,0
 28, 6138, 12124, 51,-1,0
 28, 6138, 12124, 51,-1,0
 28, 6138, 12124, 51,-1,0
 28, 6138, 12124, 51,-1,0
 28, 6138, 12124, 51,-1,0
 29, 6138, 12124, 51,-1,0
 29, 6138, 12124, 51,-1,0
 29, 6138, 12124, 51,-1,0
 29, 6138, 12124, 51,-1,0
 29, 6138, 12124, 51,-1,0
 29, 6138, 12124, 51,-1,0
 29, 6138, 12124, 51,-1,0
 29, 6138, 12124, 51,-1,0
 29, 6138, 12124, 51,-1,0
 29, 6138, 12124, 51,-1,0
 30, 6138, 12124, 51,-1,0
 30, 6138, 12124, 51,-1,0
 30, 6138, 12124, 51,-1,0
 30, 6138, 12124, 51,-1,0
 30, 6138, 12124, 51,-1,0
 30, 6138, 12124, 51,-1,0
 30, 6138, 12124, 51,-1,0
 30, 6138, 12124, 51,-1,0
 30, 6138, 12124, 51,-1,0
 31, 6138, 12124, 51,-1,0
 31, 6138, 12124, 51,-1,0
 31, 6138, 12124, 51,-1,0
 31, 6138, 12124, 51,-1,0
 31, 6138, 12124, 51,-1,0
 31, 6138, 12124, 51,-1,0
 31, 6138, 12124, 51,-1,0
 31, 6138, 12124, 51,-1,0
 31, 6138, 12124, 51,-1,0
 31, 6138, 12124, 51,-1,0
 32, 6138, 12124, 51,-1,0
 32, 6138, 12124, 51,-1,0
 32, 6138, 12124, 51,-1,0
 32, 6138, 12124, 51,-1,0
 32, 6138, 12124, 51,-1,0
 32, 6138, 12124, 51,-1,0
 32, 6138, 12124, 51,-1,0
 32, 6138, 12124, 51,-1,0
 32, 6138, 12124, 51,-1,0
 32, 6138, 12124, 51,-1,0
 33, 6138, 12124, 51,-1,0
 33, 6138, 12124, 51,-1,0
 33, 6138, 12124, 51,-1,0
 33, 6138, 12124, 51,-1,0
 33, 6138, 12124, 51,-1,0
 33, 6138, 12124, 51,-1,0
 33, 6138, 12124, 51,-1,0
 33, 6138, 12124, 51,-1,0
 33, 6138, 12124, 51,-1,0
 33, 6138, 12124, 51,-1,0
 34, 6138, 12124, 51,-1,0
 34, 6138, 12124, 51,-1,0
 34, 6138, 12124, 51,-1,0
 34, 6138, 12124, 51,-1,0
 34, 6138, 12124, 51,-1,0
 34, 12123, 12124, 100,-1,0
 34, 12123, 12124, 100,-1,0
 34, 12123, 12124, 100,-1,0
 34, 12123, 12124, 100,-1,0
 34, 12123, 12124, 100,-1,0
 35, 12123, 12124, 100,-1,0
 35, 12123, 12124, 100,-1,0
 35, 12123, 12124, 100,-1,0
 35, 12123, 12124, 100,-1,0
 35, 12123, 12124, 100,-1,0
 35, 12123, 12124, 100,-1,0
 35, 12123, 12124, 100,-1,0
 35, 12123, 12124, 100,-1,0
 35, 12123, 12124, 100,-1,0
 36, 12123, 12124, 100,-1,0
 36, 12123, 12124, 100,-1,0
 36, 12123, 12124, 100,-1,0
 36, 12123, 12124, 100,-1,0
 36, 12123, 12124, 100,-1,0
 36, 12123, 12124, 100,-1,0
 36, 12123, 12124, 100,-1,0
 36, 12123, 12124, 100,-1,0
 36, 12123, 12124, 100,-1,0
 36, 12123, 12124, 100,-1,0
 37, 12123, 12124, 100,-1,0
 37, 12123, 12124, 100,-1,0
 37, 12123, 12124, 100,-1,0
 37, 12123, 12124, 100,-1,0
 37, 12123, 12124, 100,-1,0
 37, 12123, 12124, 100,-1,0
 37, 12123, 12124, 100,-1,0
 37, 12123, 12124, 100,-1,0
 37, 12123, 12124, 100,-1,0
 37, 12123, 12124, 100,-1,0
 38, 12123, 12124, 100,-1,0
 38, 12123, 12124, 100,-1,0
 38, 12123, 12124, 100,-1,0
 38, 12123, 12124, 100,-1,0
 38, 12123, 12124, 100,-1,0
 38, 12123, 12124, 100,-1,0
 38, 12123, 12124, 100,-1,0
 38, 12123, 12124, 100,-1,0
 38, 12123, 12124, 100,-1,0
 38, 12123, 12124, 100,-1,0
 39, 12123, 12124, 100,-1,0
 39, 12123, 12124, 100,-1,0
 39, 12123, 12124, 100,-1,0
 39, 12123, 12124, 100,-1,0
 39, 12123, 12124, 100,-1,0
 39, 12123, 12124, 100,-1,0
 39, 12123, 12124, 100,-1,0
 39, 12123, 12124, 100,-1,0
 39, 12123, 12124, 100,-1,0
 39, 12123, 12124, 100,-1,0
 40, 12123, 12124, 100,-1,0
 40, 12123, 12124, 100,-1,0
 40, 12123, 12124, 100,-1,0
 40, 12123, 12124, 100,-1,0
 40, 12123, 12124, 100,-1,0
 40, 12123, 12124, 100,-1,0
 40, 12123, 12124, 100,-1,0
 40, 12123, 12124, 100,-1,0
 40, 12123, 12124, 100,-1,0
 40, 12123, 12124, 100,-1,0
 41, 12123, 12124, 100,-1,0
 41, 12123, 12124, 100,-1,0
 41, 12123, 12124, 100,-1,0
 41, 12123, 12124, 100,-1,0
 41, 12123, 12124, 100,-1,0
 41, 12123, 12124, 100,-1,0
 41, 12123, 12124, 100,-1,0
 41, 12123, 12124, 100,-1,0
 41, 12123, 12124, 100,-1,0
 41, 12123, 12124, 100,-1,0
 42, 12123, 12124, 100,-1,0
 42, 12123, 12124, 100,-1,0
 42, 12123, 12124, 100,-1,0
 42, 12123, 12124, 100,-1,0
 42, 12123, 12124, 100,-1,0
 42, 12123, 12124, 100,-1,0
 42, 12123, 12124, 100,-1,0
 42, 12123, 12124, 100,-1,0
 42, 12123, 12124, 100,-1,0
 42, 12123, 12124, 100,-1,0
 43, 12123, 12124, 100,-1,0
 43, 12123, 12124, 100,-1,0
 43, 12123, 12124, 100,-1,0
 43, 12123, 12124, 100,-1,0
 43, 12123, 12124, 100,-1,0
 43, 12123, 12124, 100,-1,0
 43, 12123, 12124, 100,-1,0
 43, 12123, 12124, 100,-1,0
 43, 12123, 12124, 100,-1,0
 43, 12123, 12124, 100,-1,0
 44, 12123, 12124, 100,-1,0
 44, 12123, 12124, 100,-1,0
 44, 12123, 12124, 100,-1,0
 44, 12123, 12124, 100,-1,0
 44, 12123, 12124, 100,-1,0
 44, 12123, 12124, 100,-1,0
 44, 12123, 12124, 100,-1,0
 44, 12123, 12124, 100,-1,0
 44, 12123, 12124, 100,-1,0
 45, 12123, 12124, 100,-1,0
 45, 12123, 12124, 100,-1,0
 45, 12123, 12124, 100,-1,0
 45, 12123, 12124, 100,-1,0
 45, 12123, 12124, 100,-1,0
 45, 12123, 12124, 100,-1,0
 45, 12123, 12124, 100,-1,0
 45, 12123, 12124, 100,-1,0
 45, 12123, 12124, 100,-1,0
 45, 12123, 12124, 100,-1,0
 46, 12123, 12124, 100,-1,0
 46, 12123, 12124, 100,-1,0
 46, 12123, 12124, 100,-1,0
 46, 12123, 12124, 100,-1,0
 46, 12123, 12124, 100,-1,0
 46, 12123, 12124, 100,-1,0
 46, 12123, 12124, 100,-1,0
 46, 12123, 12124, 100,-1,0
 46, 12123, 12124, 100,-1,0
 46, 12123, 12124, 100,-1,0
 47, 12123, 12124, 100,-1,0
 47, 12123, 12124, 100,-1,0
 47, 12123, 12124, 100,-1,0
 47, 12123, 12124, 100,-1,0
 47, 12123, 12124, 100,-1,0
 47, 12123, 12124, 100,-1,0
 47, 12123, 12124, 100,-1,0
 47, 12123, 12124, 100,-1,0
 47, 12123, 12124, 100,-1,0
 47, 12123, 12124, 100,-1,0
 48, 12123, 12124, 100,-1,0
 48, 12123, 12124, 100,-1,0
 48, 12123, 12124, 100,-1,0
 48, 12123, 12124, 100,-1,0
 48, 12123, 12124, 100,-1,0
 48, 12123, 12124, 100,-1,0
 48, 12123, 12124, 100,-1,0
 48, 12123, 12124, 100,-1,0
 48, 12123, 12124, 100,-1,0
 48, 12123, 12124, 100,-1,0
 49, 12123, 12124, 100,-1,0
 49, 12123, 12124, 100,-1,0
 49, 12123, 12124, 100,-1,0
 49, 12123, 12124, 100,-1,0
 49, 12123, 12124, 100,-1,0
 49, 12123, 12124, 100,-1,0
 49, 12123, 12124, 100,-1,0
 49, 12123, 12124, 100,-1,0
 49, 12123, 12124, 100,-1,0
 49, 12123, 12124, 100,-1,0
 50, 12123, 12124, 100,-1,0
 50, 12123, 12124, 100,-1,0
 50, 12123, 12124, 100,-1,0
 50, 12123, 12124, 100,-1,0
 50, 12123, 12124, 100,-1,0
 50, 12123, 12124, 100,-1,0
 50, 12123, 12124, 100,-1,0
 50, 12123, 12124, 100,-1,0
 50, 12123, 12124, 100,-1,0
 50, 12123, 12124, 100,-1,0
 51, 12123, 12124, 100,-1,0
 51, 12123, 12124, 100,-1,0
 51, 12123, 12124, 100,-1,0
 51, 12123, 12124, 100,-1,0
 51, 12123, 12124, 100,-1,0
 51, 12123, 12124, 100,-1,0
 51, 12123, 12124, 100,-1,0
 51, 12123, 12124, 100,-1,0
 51, 12123, 12124, 100,-1,0
 51, 12123, 12124, 100,-1,0
 52, 12123, 12124, 100,-1,0
 52, 12123, 12124, 100,-1,0
 52, 12123, 12124, 100,-1,0
 52, 12123, 12124, 100,-1,0
 52, 12123, 12124, 100,-1,0
 52, 12123, 12124, 100,-1,0
 52, 12123, 12124, 100,-1,0
 52, 12123, 12124, 100,-1,0
 52, 12123, 12124, 100,-1,0
 52, 12123, 12124, 100,-1,0
 53, 12123, 12124, 100,-1,0
 53, 12123, 12124, 100,-1,0
 53, 12123, 12124, 100,-1,0
 53, 12123, 12124, 100,-1,0
 53, 12123, 12124, 100,-1,0
 53, 12123, 12124, 100,-1,0
 53, 12123, 12124, 100,-1,0
 53, 12123, 12124, 100,-1,0
 53, 12123, 12124, 100,-1,0
 53, 12123, 12124, 100,-1,0
 54, 12123, 12124, 100,-1,0
 54, 12123, 12124, 100,-1,0
 54, 12123, 12124, 100,-1,0
 54, 12123, 12124, 100,-1,0
 54, 12123, 12124, 100,-1,0
 54, 12123, 12124, 100,-1,0
 54, 12123, 12124, 100,-1,0
 54, 12123, 12124, 100,-1,0
 54, 12123, 12124, 100,-1,0
 54, 12123, 12124, 100,-1,0
 55, 12123, 12124, 100,-1,0
 55, 12123, 12124, 100,-1,0
 55, 12123, 12124, 100,-1,0
 55, 12123, 12124, 100,-1,0
 55, 12123, 12124, 100,-1,0
 55, 12123, 12124, 100,-1,0
 55, 12123, 12124, 100,-1,0
 55, 12123, 12124, 100,-1,0
 55, 12123, 12124, 100,-1,0
 56, 12123, 12124, 100,-1,0
 56, 12123, 12124, 100,-1,0
 56, 12123, 12124, 100,-1,0
 56, 12123, 12124, 100,-1,0
 56, 12123, 12124, 100,-1,0
 56, 12123, 12124, 100,-1,0
 56, 12123, 12124, 100,-1,0
 56, 12123, 12124, 100,-1,0
 56, 12123, 12124, 100,-1,0
 56, 12123, 12124, 100,-1,0
 57, 12123, 12124, 100,-1,0
 57, 12123, 12124, 100,-1,0
 57, 12123, 12124, 100,-1,0
 57, 12123, 12124, 100,-1,0
 57, 12123, 12124, 100,-1,0
 57, 12123, 12124, 100,-1,0
 57, 12123, 12124, 100,-1,0
 57, 12123, 12124, 100,-1,0
 57, 12123, 12124, 100,-1,0
 57, 12123, 12124, 100,-1,0
 58, 12123, 12124, 100,-1,0
 58, 12123, 12124, 100,-1,0
 58, 12123, 12124, 100,-1,0
 58, 12123, 12124, 100,-1,0
 58, 12123, 12124, 100,-1,0
 58, 12123, 12124, 100,-1,0
 58, 12123, 12124, 100,-1,0
 58, 12123, 12124, 100,-1,0
 58, 12123, 12124, 100,-1,0
 58, 12123, 12124, 100,-1,0
 59, 12123, 12124, 100,-1,0
 59, 12123, 12124, 100,-1,0
 59, 12123, 12124, 100,-1,0
 59, 12123, 12124, 100,-1,0
 59, 12123, 12124, 100,-1,0
 59, 12123, 12124, 100,-1,0
 59, 12123, 12124, 100,-1,0
 59, 12123, 12124, 100,-1,0
 59, 12123, 12124, 100,-1,0
 59, 12123, 12124, 100,-1,0
 60, 12123, 12124, 100,-1,0
 60, 12123, 12124, 100,-1,0
 60, 12123, 12124, 100,-1,0
 60, 12123, 12124, 100,-1,0
 60, 12123, 12124, 100,-1,0
 60, 12123, 12124, 100,-1,0
 60, 12123, 12124, 100,-1,0
 60, 12123, 12124, 100,-1,0
 60, 12123, 12124, 100,-1,0
 60, 12123, 12124, 100,-1,0
 61, 12123, 12124, 100,-1,0
 61, 12123, 12124, 100,-1,0
 61, 12123, 12124, 100,-1,0
 61, 12123, 12124, 100,-1,0
 61, 12123, 12124, 100,-1,0
 61, 12123, 12124, 100,-1,0
 61, 12123, 12124, 100,-1,0
 61, 12123, 12124, 100,-1,0
 61, 12123, 12124, 100,-1,0
 61, 12123, 12124, 100,-1,0
 62, 12123, 12124, 100,-1,0
 62, 12123, 12124, 100,-1,0
 62, 12123, 12124, 100,-1,0
 62, 12123, 12124, 100,-1,0
 62, 12123, 12124, 100,-1,0
 62, 12123, 12124, 100,-1,0
 62, 12123, 12124, 100,-1,0
 62, 12123, 12124, 100,-1,0
 62, 12123, 12124, 100,-1,0
 62, 12123, 12124, 100,-1,0
 63, 12123, 12124, 100,-1,0
 63, 12123, 12124, 100,-1,0
 63, 12123, 12124, 100,-1,0
 63, 12123, 12124, 100,-1,0
 63, 12123, 12124, 100,-1,0
 63, 12123, 12124, 100,-1,0
 63, 12123, 12124, 100,-1,0
 63, 12123, 12124, 100,-1,0
 63, 12123, 12124, 100,-1,0
 63, 12123, 12124, 100,-1,0
 64, 12123, 12124, 100,-1,0
 64, 12123, 12124, 100,-1,0
 64, 12123, 12124, 100,-1,0
 64, 12123, 12124, 100,-1,0
 64, 12123, 12124, 100,-1,0
 64, 12123, 12124, 100,-1,0
 64, 12123, 12124, 100,-1,0
 64, 12123, 12124, 100,-1,0
 64, 12123, 12124, 100,-1,0
 64, 12123, 12124, 100,-1,0
 65, 12123, 12124, 100,-1,0
 65, 12123, 12124, 100,-1,0
 65, 12123, 12124, 100,-1,0
 65, 12123, 12124, 100,-1,0
 65, 12123, 12124, 100,-1,0
 65, 12123, 12124, 100,-1,0
 65, 12123, 12124, 100,-1,0
 65, 12123, 12124, 100,-1,0
 65, 12123, 12124, 100,-1,0
 65, 12123, 12124, 100,-1,0
 66, 12123, 12124, 100,-1,0
 66, 12123, 12124, 100,-1,0
 66, 12123, 12124, 100,-1,0
 66, 12123, 12124, 100,-1,0
 66, 12123, 12124, 100,-1,0
 66, 12123, 12124, 100,-1,0
 66, 12123, 12124, 100,-1,0
 66, 12123, 12124, 100,-1,0
 66, 12123, 12124, 100,-1,0
 67, 12123, 12124, 100,-1,0
 67, 12123, 12124, 100,-1,0
 67, 12123, 12124, 100,-1,0
 67, 12123, 12124, 100,-1,0
 67, 12123, 12124, 100,-1,0
 67, 12123, 12124, 100,-1,0
 67, 12123, 12124, 100,-1,0
 67, 12123, 12124, 100,-1,0
 67, 12123, 12124, 100,-1,0
 67, 12123, 12124, 100,-1,0
 68, 12123, 12124, 100,-1,0
 68, 12123, 12124, 100,-1,0
 68, 12123, 12124, 100,-1,0
 68, 12123, 12124, 100,-1,0
 68, 12123, 12124, 100,-1,0
 68, 12123, 12124, 100,-1,0
 68, 12123, 12124, 100,-1,0
 68, 12123, 12124, 100,-1,0
 68, 12123, 12124, 100,-1,0
 68, 12123, 12124, 100,-1,0
 69, 12123, 12124, 100,-1,0
 69, 12123, 12124, 100,-1,0
 69, 12123, 12124, 100,-1,0
 69, 12123, 12124, 100,-1,0
 69, 12123, 12124, 100,-1,0
 69, 12123, 12124, 100,-1,0
 69, 12123, 12124, 100,-1,0
 69, 12123, 12124, 100,-1,0
 69, 12123, 12124, 100,-1,0
 69, 12123, 12124, 100,-1,0
 70, 12123, 12124, 100,-1,0
 70, 12123, 12124, 100,-1,0
 70, 12123, 12124, 100,-1,0
 70, 12123, 12124, 100,-1,0
 70, 12123, 12124, 100,-1,0
 70, 12123, 12124, 100,-1,0
 70, 12123, 12124, 100,-1,0
 70, 12123, 12124, 100,-1,0
 70, 12123, 12124, 100,-1,0
 70, 12123, 12124, 100,-1,0
 71, 12123, 12124, 100,-1,0
 71, 12123, 12124, 100,-1,0
 71, 12123, 12124, 100,-1,0
 71, 12123, 12124, 100,-1,0
 71, 12123, 12124, 100,-1,0
 71, 12123, 12124, 100,-1,0
 71, 12123, 12124, 100,-1,0
 71, 12123, 12124, 100,-1,0
 71, 12123, 12124, 100,-1,0
 71, 12123, 12124, 100,-1,0
 72, 12123, 12124, 100,-1,0
 72, 12123, 12124, 100,-1,0
 72, 12123, 12124, 100,-1,0
 72, 12123, 12124, 100,-1,0
 72, 12123, 12124, 100,-1,0
 72, 12123, 12124, 100,-1,0
 72, 12123, 12124, 100,-1,0
 72, 12123, 12124, 100,-1,0
 72, 12123, 12124, 100,-1,0
 72, 12123, 12124, 100,-1,0
 73, 12123, 12124, 100,-1,0
 73, 12123, 12124, 100,-1,0
 73, 12123, 12124, 100,-1,0
 73, 12123, 12124, 100,-1,0
 73, 12123, 12124, 100,-1,0
 73, 12123, 12124, 100,-1,0
 73, 12123, 12124, 100,-1,0
 73, 12123, 12124, 100,-1,0
 73, 12123, 12124, 100,-1,0
 73, 12123, 12124, 100,-1,0
 74, 12123, 12124, 100,-1,0
 74, 12123, 12124, 100,-1,0
 74, 12123, 12124, 100,-1,0
 74, 12123, 12124, 100,-1,0
 74, 12123, 12124, 100,-1,0
 74, 12123, 12124, 100,-1,0
 74, 12123, 12124, 100,-1,0
 74, 12123, 12124, 100,-1,0
 74, 12123, 12124, 100,-1,0
 75, 12123, 12124, 100,-1,0
 75, 12123, 12124, 100,-1,0
 75, 12123, 12124, 100,-1,0
 75, 12123, 12124, 100,-1,0
 75, 12123, 12124, 100,-1,0
 75, 12123, 12124, 100,-1,0
 75, 12123, 12124, 100,-1,0
 75, 12123, 12124, 100,-1,0
 75, 12123, 12124, 100,-1,0
 75, 12123, 12124, 100,-1,0
 76, 12123, 12124, 100,-1,0
 76, 12123, 12124, 100,-1,0
 76, 12123, 12124, 100,-1,0
 76, 12123, 12124, 100,-1,0
 76, 12123, 12124, 100,-1,0
 76, 12123, 12124, 100,-1,0
 76, 12123, 12124, 100,-1,0
 76, 12123, 12124, 100,-1,0
 76, 12123, 12124, 100,-1,0
 76, 12123, 12124, 100,-1,0
 77, 12123, 12124, 100,-1,0
 77, 12123, 12124, 100,-1,0
 77, 12123, 12124, 100,-1,0
 77, 12123, 12124, 100,-1,0
 77, 12123, 12124, 100,-1,0
 77, 12123, 12124, 100,-1,0
 77, 12123, 12124, 100,-1,0
 77, 12123, 12124, 100,-1,0
 77, 12123, 12124, 100,-1,0
 77, 12123, 12124, 100,-1,0
 78, 12123, 12124, 100,-1,0
 78, 12123, 12124, 100,-1,0
 78, 12123, 12124, 100,-1,0
 78, 12123, 12124, 100,-1,0
 78, 12123, 12124, 100,-1,0
 78, 12123, 12124, 100,-1,0
 78, 12123, 12124, 100,-1,0
 78, 12123, 12124, 100,-1,0
 78, 12123, 12124, 100,-1,0
 78, 12123, 12124, 100,-1,0
 79, 12123, 12124, 100,-1,0
 79, 12123, 12124, 100,-1,0
 79, 12123, 12124, 100,-1,0
 79, 12123, 12124, 100,-1,0
 79, 12123, 12124, 100,-1,0
 79, 12123, 12124, 100,-1,0
 79, 12123, 12124, 100,-1,0
 79, 12123, 12124, 100,-1,0
 79, 12123, 12124, 100,-1,0
 79, 12123, 12124, 100,-1,0
 80, 12123, 12124, 100,-1,0
 80, 12123, 12124, 100,-1,0
 80, 12123, 12124, 100,-1,0
 80, 12123, 12124, 100,-1,0
 80, 12123, 12124, 100,-1,0
 80, 12123, 12124, 100,-1,0
 80, 12123, 12124, 100,-1,0
 80, 12123, 12124, 100,-1,0
 80, 12123, 12124, 100,-1,0
 80, 12123, 12124, 100,-1,0
 81, 12123, 12124, 100,-1,0
 81, 12123, 12124, 100,-1,0
 81, 12123, 12124, 100,-1,0
 81, 12123, 12124, 100,-1,0
 81, 12123, 12124, 100,-1,0
 81, 12123, 12124, 100,-1,0
 81, 12123, 12124, 100,-1,0
 81, 12123, 12124, 100,-1,0
 81, 12123, 12124, 100,-1,0
 81, 12123, 12124, 100,-1,0
 82, 12123, 12124, 100,-1,0
 82, 12123, 12124, 100,-1,0
 82, 12123, 12124, 100,-1,0
 82, 12123, 12124, 100,-1,0
 82, 12123, 12124, 100,-1,0
 82, 12123, 12124, 100,-1,0
 82, 12123, 12124, 100,-1,0
 82, 12123, 12124, 100,-1,0
 82, 12123, 12124, 100,-1,0
 82, 12123, 12124, 100,-1,0
 83, 12123, 12124, 100,-1,0
 83, 12123, 12124, 100,-1,0
 83, 12123, 12124, 100,-1,0
 83, 12123, 12124, 100,-1,0
 83, 12123, 12124, 100,-1,0
 83, 12123, 12124, 100,-1,0
 83, 12123, 12124, 100,-1,0
 83, 12123, 12124, 100,-1,0
 83, 12123, 12124, 100,-1,0
 84, 12123, 12124, 100,-1,0
 84, 12123, 12124, 100,-1,0
 84, 12123, 12124, 100,-1,0
 84, 12123, 12124, 100,-1,0
 84, 12123, 12124, 100,-1,0
 84, 12123, 12124, 100,-1,0
 84, 12123, 12124, 100,-1,0
 84, 12123, 12124, 100,-1,0
 84, 12123, 12124, 100,-1,0
 84, 12123, 12124, 100,-1,0
 85, 12123, 12124, 100,-1,0
 85, 12123, 12124, 100,-1,0
 85, 12123, 12124, 100,-1,0
 85, 12123, 12124, 100,-1,0
 85, 12123, 12124, 100,-1,0
 85, 12123, 12124, 100,-1,0
 85, 12123, 12124, 100,-1,0
 85, 12123, 12124, 100,-1,0
 85, 12123, 12124, 100,-1,0
 85, 12123, 12124, 100,-1,0
 86, 12123, 12124, 100,-1,0
 86, 12123, 12124, 100,-1,0
 86, 12123, 12124, 100,-1,0
 86, 12123, 12124, 100,-1,0
 86, 12123, 12124, 100,-1,0
 86, 12123, 12124, 100,-1,0
 86, 12123, 12124, 100,-1,0
 86, 12123, 12124, 100,-1,0
 86, 12123, 12124, 100,-1,0
 86, 12123, 12124, 100,-1,0
 87, 12123, 12124, 100,-1,0
 87, 12123, 12124, 100,-1,0
 87, 12123, 12124, 100,-1,0
 87, 12123, 12124, 100,-1,0
 87, 12123, 12124, 100,-1,0
 87, 12123, 12124, 100,-1,0
 87, 12123, 12124, 100,-1,0
 87, 12123, 12124, 100,-1,0
 87, 12123, 12124, 100,-1,0
 87, 12123, 12124, 100,-1,0
 88, 12123, 12124, 100,-1,0
 88, 12123, 12124, 100,-1,0
 88, 12123, 12124, 100,-1,0
 88, 12123, 12124, 100,-1,0
 88, 12123, 12124, 100,-1,0
 88, 12123, 12124, 100,-1,0
 88, 12123, 12124, 100,-1,0
 88, 12123, 12124, 100,-1,0
 88, 12123, 12124, 100,-1,0
 88, 12123, 12124, 100,-1,0
 89, 12123, 12124, 100,-1,0
 89, 12123, 12124, 100,-1,0
 89, 12123, 12124, 100,-1,0
 89, 12123, 12124, 100,-1,0
 89, 12123, 12124, 100,-1,0
 89, 12123, 12124, 100,-1,0
 89, 12123, 12124, 100,-1,0
 89, 12123, 12124, 100,-1,0
 89, 12123, 12124, 100,-1,0
 89, 12123, 12124, 100,-1,0
 90, 12123, 12124, 100,-1,0
 90, 12123, 12124, 100,-1,0
 90, 12123, 12124, 100,-1,0
 90, 12123, 12124, 100,-1,0
 90, 12123, 12124, 100,-1,0
 90, 12123, 12124, 100,-1,0
 90, 12123, 12124, 100,-1,0
 90, 12123, 12124, 100,-1,0
 90, 12123, 12124, 100,-1,0
 90, 12123, 12124, 100,-1,0
 91, 12123, 12124, 100,-1,0
 91, 12123, 12124, 100,-1,0
 91, 12123, 12124, 100,-1,0
 91, 12123, 12124, 100,-1,0
 91, 12123, 12124, 100,-1,0
 91, 12123, 12124, 100,-1,0
 91, 12123, 12124, 100,-1,0
 91, 12123, 12124, 100,-1,0
 91, 12123, 12124, 100,-1,0
 91, 12123, 12124, 100,-1,0
 92, 12123, 12124, 100,-1,0
 92, 12123, 12124, 100,-1,0
 92, 12123, 12124, 100,-1,0
 92, 12123, 12124, 100,-1,0
 92, 12123, 12124, 100,-1,0
 92, 12123, 12124, 100,-1,0
 92, 12123, 12124, 100,-1,0
 92, 12123, 12124, 100,-1,0
 92, 12123, 12124, 100,-1,0
 92, 12123, 12124, 100,-1,0
 93, 12123, 12124, 100,-1,0
 93, 12123, 12124, 100,-1,0
 93, 12123, 12124, 100,-1,0
 93, 12123, 12124, 100,-1,0
 93, 12123, 12124, 100,-1,0
 93, 12123, 12124, 100,-1,0
 93, 12123, 12124, 100,-1,0
 93, 12123, 12124, 100,-1,0
 93, 12123, 12124, 100,-1,0
 93, 12123, 12124, 100,-1,0
 94, 12123, 12124, 100,-1,0
 94, 12123, 12124, 100,-1,0
 94, 12123, 12124, 100,-1,0
 94, 12123, 12124, 100,-1,0
 94, 12123, 12124, 100,-1,0
 94, 12123, 12124, 100,-1,0
 94, 12123, 12124, 100,-1,0
 94, 12123, 12124, 100,-1,0
 94, 12123, 12124, 100,-1,0
 95, 12123, 12124, 100,-1,0
 95, 12123, 12124, 100,-1,0
 95, 12123, 12124, 100,-1,0
 95, 12123, 12124, 100,-1,0
 95, 12123, 12124, 100,-1,0
 95, 12123, 12124, 100,-1,0
 95, 12123, 12124, 100,-1,0
 95, 12123, 12124, 100,-1,0
 95, 12123, 12124, 100,-1,0
 95, 12123, 12124, 100,-1,0
 96, 12123, 12124, 100,-1,0
 96, 12123, 12124, 100,-1,0
 96, 12123, 12124, 100,-1,0
 96, 12123, 12124, 100,-1,0
 96, 12123, 12124, 100,-1,0
 96, 12123, 12124, 100,-1,0
 96, 12123, 12124, 100,-1,0
 96, 12123, 12124, 100,-1,0
 96, 12123, 12124, 100,-1,0
 96, 12123, 12124, 100,-1,0
 97, 12123, 12124, 100,-1,0
 97, 12123, 12124, 100,-1,0
 97, 12123, 12124, 100,-1,0
 97, 12123, 12124, 100,-1,0
 97, 12123, 12124, 100,-1,0
 97, 12123, 12124, 100,-1,0
 97, 12123, 12124, 100,-1,0
 97, 12123, 12124, 100,-1,0
 97, 12123, 12124, 100,-1,0
 97, 12123, 12124, 100,-1,0
 98, 12123, 12124, 100,-1,0
 98, 12123, 12124, 100,-1,0
 98, 12123, 12124, 100,-1,0
 98, 12123, 12124, 100,-1,0
 98, 12123, 12124, 100,-1,0
 98, 12123, 12124, 100,-1,0
 98, 12123, 12124, 100,-1,0
 98, 12123, 12124, 100,-1,0
 98, 12123, 12124, 100,-1,0
 98, 12123, 12124, 100,-1,0
 99, 12123, 12124, 100,-1,0
 99, 12123, 12124, 100,-1,0
 99, 12123, 12124, 100,-1,0
 99, 12123, 12124, 100,-1,0
 99, 12123, 12124, 100,-1,0
 99, 12123, 12124, 100,-1,0
 99, 12123, 12124, 100,-1,0
 99, 12123, 12124, 100,-1,0
 99, 12123, 12124, 100,-1,0
 99, 12123, 12124, 100,-1,0
 100, 12123, 12124, 100,-1,0
 100, 12123, 12124, 100,-1,0
 100, 12123, 12124, 100,-1,0
 100, 12123, 12124, 100,-1,0
 100, 12123, 12124, 100,-1,0
 100, 12123, 12124, 100,-1,0
 100, 12123, 12124, 100,-1,0
 100, 12123, 12124, 100,-1,0
 100, 12123, 12124, 100,-1,0
 100, 12123, 12124, 100,-1,0
 101, 12123, 12124, 100,-1,0
 101, 12123, 12124, 100,-1,0
 101, 12123, 12124, 100,-1,0
 101, 12123, 12124, 100,-1,0
 101, 12123, 12124, 100,-1,0
 101, 12123, 12124, 100,-1,0
 101, 12123, 12124, 100,-1,0
 101, 12123, 12124, 100,-1,0
 101, 12123, 12124, 100,-1,0
 101, 12123, 12124, 100,-1,0
 102, 12123, 12124, 100,-1,0
 102, 12123, 12124, 100,-1,0
 102, 12123, 12124, 100,-1,0
 102, 12123, 12124, 100,-1,0
 102, 12123, 12124, 100,-1,0
 102, 12123, 12124, 100,-1,0
 102, 12123, 12124, 100,-1,0
 102, 12123, 12124, 100,-1,0
 102, 12123, 12124, 100,-1,0
 103, 12123, 12124, 100,-1,0
 103, 12123, 12124, 100,-1,0
 103, 12123, 12124, 100,-1,0
 103, 12123, 12124, 100,-1,0
 103, 12123, 12124, 100,-1,0
 103, 12123, 12124, 100,-1,0
 103, 12123, 12124, 100,-1,0
 103, 12123, 12124, 100,-1,0
 103, 12123, 12124, 100,-1,0
 103, 12123, 12124, 100,-1,0
 104, 12123, 12124, 100,-1,0
 104, 12123, 12124, 100,-1,0
 104, 12123, 12124, 100,-1,0
 104, 12123, 12124, 100,-1,0
 104, 12123, 12124, 100,-1,0
 104, 12123, 12124, 100,-1,0
 104, 12123, 12124, 100,-1,0
 104, 12123, 12124, 100,-1,0
 104, 12123, 12124, 100,-1,0
 104, 12123, 12124, 100,-1,0
 105, 12123, 12124, 100,-1,0
 105, 12123, 12124, 100,-1,0
 105, 12123, 12124, 100,-1,0
 105, 12123, 12124, 100,-1,0
 105, 12123, 12124, 100,-1,0
 105, 12123, 12124, 100,-1,0
 105, 12123, 12124, 100,-1,0
 105, 12123, 12124, 100,-1,0
 105, 12123, 12124, 100,-1,0
 105, 12123, 12124, 100,-1,0
 106, 12123, 12124, 100,-1,0
 106, 12123, 12124, 100,-1,0
 106, 12123, 12124, 100,-1,0
 106, 12123, 12124, 100,-1,0
 106, 12123, 12124, 100,-1,0
 106, 12123, 12124, 100,-1,0
 106, 12123, 12124, 100,-1,0
 106, 12123, 12124, 100,-1,0
 106, 12123, 12124, 100,-1,0
 106, 12123, 12124, 100,-1,0
 107, 12123, 12124, 100,-1,0
 107, 12123, 12124, 100,-1,0
 107, 12123, 12124, 100,-1,0
 107, 12123, 12124, 100,-1,0
 107, 12123, 12124, 100,-1,0
 107, 12123, 12124, 100,-1,0
 107, 12123, 12124, 100,-1,0
 107, 12123, 12124, 100,-1,0
 107, 12123, 12124, 100,-1,0
 107, 12123, 12124, 100,-1,0
 108, 12123, 12124, 100,-1,0
 108, 12123, 12124, 100,-1,0
 108, 12123, 12124, 100,-1,0
 108, 12123, 12124, 100,-1,0
 108, 12123, 12124, 100,-1,0
 108, 12123, 12124, 100,-1,0
 108, 12123, 12124, 100,-1,0
 108, 12123, 12124, 100,-1,0
 108, 12123, 12124, 100,-1,0
 108, 12123, 12124, 100,-1,0
 109, 12123, 12124, 100,-1,0
 109, 12123, 12124, 100,-1,0
 109, 12123, 12124, 100,-1,0
 109, 12123, 12124, 100,-1,0
 109, 12123, 12124, 100,-1,0
 109, 12123, 12124, 100,-1,0
 109, 12123, 12124, 100,-1,0
 109, 12123, 12124, 100,-1,0
 109, 12123, 12124, 100,-1,0
 109, 12123, 12124, 100,-1,0
 110, 12123, 12124, 100,-1,0
 110, 12123, 12124, 100,-1,0
 110, 12123, 12124, 100,-1,0
 110, 12123, 12124, 100,-1,0
 110, 12123, 12124, 100,-1,0
 110, 12123, 12124, 100,-1,0
 110, 12123, 12124, 100,-1,0
 110, 12123, 12124, 100,-1,0
 110, 12123, 12124, 100,-1,0
 111, 12123, 12124, 100,-1,0
 111, 12123, 12124, 100,-1,0
 111, 12123, 12124, 100,-1,0
 111, 12123, 12124, 100,-1,0
 111, 12123, 12124, 100,-1,0
 111, 12123, 12124, 100,-1,0
 111, 12123, 12124, 100,-1,0
 111, 12123, 12124, 100,-1,0
 111, 12123, 12124, 100,-1,0
 111, 12123, 12124, 100,-1,0
 112, 12123, 12124, 100,-1,0
 112, 12123, 12124, 100,-1,0
 112, 12123, 12124, 100,-1,0
 112, 12123, 12124, 100,-1,0
 112, 12123, 12124, 100,-1,0
 112, 12123, 12124, 100,-1,0
 112, 12123, 12124, 100,-1,0
 112, 12123, 12124, 100,-1,0
 112, 12123, 12124, 100,-1,0
 112, 12123, 12124, 100,-1,0
 113, 12123, 12124, 100,-1,0
 113, 12123, 12124, 100,-1,0
 113, 12123, 12124, 100,-1,0
 113, 12123, 12124, 100,-1,0
 113, 12123, 12124, 100,-1,0
 113, 12123, 12124, 100,-1,0
 113, 12123, 12124, 100,-1,0
 113, 12123, 12124, 100,-1,0
 113, 12123, 12124, 100,-1,0
 113, 12123, 12124, 100,-1,0
 114, 12123, 12124, 100,-1,0
 114, 12123, 12124, 100,-1,0
 114, 12123, 12124, 100,-1,0
 114, 12123, 12124, 100,-1,0
 114, 12123, 12124, 100,-1,0
 114, 12123, 12124, 100,-1,0
 114, 12123, 12124, 100,-1,0
 114, 12123, 12124, 100,-1,0
 114, 12123, 12124, 100,-1,0
 114, 12123, 12124, 100,-1,0
 115, 12123, 12124, 100,-1,0
 115, 12123, 12124, 100,-1,0
 115, 12123, 12124, 100,-1,0
 115, 12123, 12124, 100,-1,0
 115, 12123, 12124, 100,-1,0
 115, 12123, 12124, 100,-1,0
 115, 12123, 12124, 100,-1,0
 115, 12123, 12124, 100,-1,0
 115, 12123, 12124, 100,-1,0
 116, 12123, 12124, 100,-1,0
 116, 12123, 12124, 100,-1,0
 116, 12123, 12124, 100,-1,0
 116, 12123, 12124, 100,-1,0
 116, 12123, 12124, 100,-1,0
 116, 12123, 12124, 100,-1,0
 116, 12123, 12124, 100,-1,0
 116, 12123, 12124, 100,-1,0
 116, 12123, 12124, 100,-1,0
 116, 12123, 12124, 100,-1,0
 117, 12123, 12124, 100,-1,0
 117, 12123, 12124, 100,-1,0
 117, 12123, 12124, 100,-1,0
 117, 12123, 12124, 100,-1,0
 117, 12123, 12124, 100,-1,0
 117, 12123, 12124, 100,-1,0
 117, 12123, 12124, 100,-1,0
 117, 12123, 12124, 100,-1,0
 117, 12123, 12124, 100,-1,0
 117, 12123, 12124, 100,-1,0
 118, 12123, 12124, 100,-1,0
 118, 12123, 12124, 100,-1,0
 118, 12123, 12124, 100,-1,0
 118, 12123, 12124, 100,-1,0
 118, 12123, 12124, 100,-1,0
 118, 12123, 12124, 100,-1,0
 118, 12123, 12124, 100,-1,0
 118, 12123, 12124, 100,-1,0
 118, 12123, 12124, 100,-1,0
 119, 12123, 12124, 100,-1,0
 119, 12123, 12124, 100,-1,0
 119, 12123, 12124, 100,-1,0
 119, 12123, 12124, 100,-1,0
 119, 12123, 12124, 100,-1,0
 119, 12123, 12124, 100,-1,0
 119, 12123, 12124, 100,-1,0
 119, 12123, 12124, 100,-1,0
 119, 12123, 12124, 100,-1,0
 119, 12123, 12124, 100,-1,0
 120, 12123, 12124, 100,-1,0
 120, 12123, 12124, 100,-1,0
 120, 12123, 12124, 100,-1,0
 120, 12123, 12124, 100,-1,0
 120, 12123, 12124, 100,-1,0
 120, 12123, 12124, 100,-1,0
 120, 12123, 12124, 100,-1,0
 120, 12123, 12124, 100,-1,0
 120, 12123, 12124, 100,-1,0
 120, 12123, 12124, 100,-1,0
 121, 12123, 12124, 100,-1,0
 121, 12123, 12124, 100,-1,0
 121, 12123, 12124, 100,-1,0
 121, 12123, 12124, 100,-1,0
 121, 12123, 12124, 100,-1,0
 121, 12123, 12124, 100,-1,0
 121, 12123, 12124, 100,-1,0
 121, 12123, 12124, 100,-1,0
 121, 12123, 12124, 100,-1,0
 121, 12123, 12124, 100,-1,0
 122, 12123, 12124, 100,-1,0
 122, 12123, 12124, 100,-1,0
 122, 12123, 12124, 100,-1,0
 122, 12123, 12124, 100,-1,0
 122, 12123, 12124, 100,-1,0
 122, 12123, 12124, 100,-1,0
 122, 12123, 12124, 100,-1,0
 122, 12123, 12124, 100,-1,0
 122, 12123, 12124, 100,-1,0
 122, 12123, 12124, 100,-1,0
 123, 12123, 12124, 100,-1,0
 123, 12123, 12124, 100,-1,0
 123, 12123, 12124, 100,-1,0
 123, 12123, 12124, 100,-1,0
 123, 12123, 12124, 100,-1,0
 123, 12123, 12124, 100,-1,0
 123, 12123, 12124, 100,-1,0
 123, 12123, 12124, 100,-1,0
 123, 12123, 12124, 100,-1,0
 123, 12123, 12124, 100,-1,0
 124, 12123, 12124, 100,-1,0
 124, 12123, 12124, 100,-1,0
 124, 12123, 12124, 100,-1,0
 124, 12123, 12124, 100,-1,0
 124, 12123, 12124, 100,-1,0
 124, 12123, 12124, 100,-1,0
 124, 12123, 12124, 100,-1,0
 124, 12123, 12124, 100,-1,0
 124, 12123, 12124, 100,-1,0
 124, 12123, 12124, 100,-1,0
 125, 12123, 12124, 100,-1,0
 125, 12123, 12124, 100,-1,0
 125, 12123, 12124, 100,-1,0
 125, 12123, 12124, 100,-1,0
 125, 12123, 12124, 100,-1,0
 125, 12123, 12124, 100,-1,0
 125, 12123, 12124, 100,-1,0
 125, 12123, 12124, 100,-1,0
 125, 12123, 12124, 100,-1,0
 125, 12123, 12124, 100,-1,0
 126, 12123, 12124, 100,-1,0
 126, 12123, 12124, 100,-1,0
 126, 12123, 12124, 100,-1,0
 126, 12123, 12124, 100,-1,0
 126, 12123, 12124, 100,-1,0
 126, 12123, 12124, 100,-1,0
 126, 12123, 12124, 100,-1,0
 126, 12123, 12124, 100,-1,0
 126, 12123, 12124, 100,-1,0
 127, 12123, 12124, 100,-1,0
 127, 12123, 12124, 100,-1,0
 127, 12123, 12124, 100,-1,0
 127, 12123, 12124, 100,-1,0
 127, 12123, 12124, 100,-1,0
 127, 12123, 12124, 100,-1,0
 127, 12123, 12124, 100,-1,0
 127, 12123, 12124, 100,-1,0
 127, 12123, 12124, 100,-1,0
 127, 12123, 12124, 100,-1,0
 128, 12123, 12124, 100,-1,0
 128, 12123, 12124, 100,-1,0
 128, 12123, 12124, 100,-1,0
 128, 12123, 12124, 100,-1,0
 128, 12123, 12124, 100,-1,0
 128, 12123, 12124, 100,-1,0
 128, 12123, 12124, 100,-1,0
 128, 12123, 12124, 100,-1,0
 128, 12123, 12124, 100,-1,0
 128, 12123, 12124, 100,-1,0
 129, 12123, 12124, 100,-1,0
 129, 12123, 12124, 100,-1,0
 129, 12123, 12124, 100,-1,0
 129, 12123, 12124, 100,-1,0
 129, 12123, 12124, 100,-1,0
 129, 12123, 12124, 100,-1,0
 129, 12123, 12124, 100,-1,0
 129, 12123, 12124, 100,-1,0
 129, 12123, 12124, 100,-1,0
 129, 12123, 12124, 100,-1,0
 130, 12123, 12124, 100,-1,0
 130, 12123, 12124, 100,-1,0
 130, 12123, 12124, 100,-1,0
 130, 12123, 12124, 100,-1,0
 130, 12123, 12124, 100,-1,0
 130, 12123, 12124, 100,-1,0
 130, 12123, 12124, 100,-1,0
 130, 12123, 12124, 100,-1,0
 130, 12123, 12124, 100,-1,0
 130, 12123, 12124, 100,-1,0
 131, 12123, 12124, 100,-1,0
 131, 12123, 12124, 100,-1,0
 131, 12123, 12124, 100,-1,0
 131, 12123, 12124, 100,-1,0
 131, 12123, 12124, 100,-1,0
 131, 12123, 12124, 100,-1,0
 131, 12123, 12124, 100,-1,0
 131, 12123, 12124, 100,-1,0
 131, 12123, 12124, 100,-1,0
 131, 12123, 12124, 100,-1,0
 132, 12123, 12124, 100,-1,0
 132, 12123, 12124, 100,-1,0
 132, 12123, 12124, 100,-1,0
 132, 12123, 12124, 100,-1,0
 132, 12123, 12124, 100,-1,0
 132, 12123, 12124, 100,-1,0
 132, 12123, 12124, 100,-1,0
 132, 12123, 12124, 100,-1,0
 132, 12123, 12124, 100,-1,0
 133, 12123, 12124, 100,-1,0
 133, 12123, 12124, 100,-1,0
 133, 12123, 12124, 100,-1,0
 133, 12123, 12124, 100,-1,0
 133, 12123, 12124, 100,-1,0
 133, 12123, 12124, 100,-1,0
 133, 12123, 12124, 100,-1,0
 133, 12123, 12124, 100,-1,0
 133, 12123, 12124, 100,-1,0
 133, 12123, 12124, 100,-1,0
 134, 12123, 12124, 100,-1,0
 134, 12123, 12124, 100,-1,0
 134, 12123, 12124, 100,-1,0
 134, 12123, 12124, 100,-1,0
 134, 12123, 12124, 100,-1,0
 134, 12123, 12124, 100,-1,0
 134, 12123, 12124, 100,-1,0
 134, 12123, 12124, 100,-1,0
 134, 12123, 12124, 100,-1,0
 134, 12123, 12124, 100,-1,0
 135, 12123, 12124, 100,-1,0
 135, 12123, 12124, 100,-1,0
 135, 12123, 12124, 100,-1,0
 135, 12123, 12124, 100,-1,0
 135, 12123, 12124, 100,-1,0
 135, 12123, 12124, 100,-1,0
 135, 12123, 12124, 100,-1,0
 135, 12123, 12124, 100,-1,0
 135, 12123, 12124, 100,-1,0
 135, 12123, 12124, 100,-1,0
 136, 12123, 12124, 100,-1,0
 136, 12123, 12124, 100,-1,0
 136, 12123, 12124, 100,-1,0
 136, 12123, 12124, 100,-1,0
 136, 12123, 12124, 100,-1,0
 136, 12123, 12124, 100,-1,0
 136, 12123, 12124, 100,-1,0
 136, 12123, 12124, 100,-1,0
 136, 12123, 12124, 100,-1,0
 136, 12123, 12124, 100,-1,0
 137, 12123, 12124, 100,-1,0
 137, 12123, 12124, 100,-1,0
 137, 12123, 12124, 100,-1,0
 137, 12123, 12124, 100,-1,0
 137, 12123, 12124, 100,-1,0
 137, 12123, 12124, 100,-1,0
 137, 12123, 12124, 100,-1,0
 137, 12123, 12124, 100,-1,0
 137, 12123, 12124, 100,-1,0
 137, 12123, 12124, 100,-1,0
 138, 12123, 12124, 100,-1,0
 138, 12123, 12124, 100,-1,0
 138, 12123, 12124, 100,-1,0
 138, 12123, 12124, 100,-1,0
 138, 12123, 12124, 100,-1,0
 138, 12123, 12124, 100,-1,0
 138, 12123, 12124, 100,-1,0
 138, 12123, 12124, 100,-1,0
 138, 12123, 12124, 100,-1,0
 138, 12123, 12124, 100,-1,0
 139, 12123, 12124, 100,-1,0
 139, 12123, 12124, 100,-1,0
 139, 12123, 12124, 100,-1,0
 139, 12123, 12124, 100,-1,0
 139, 12123, 12124, 100,-1,0
 139, 12123, 12124, 100,-1,0
 139, 12123, 12124, 100,-1,0
 139, 12123, 12124, 100,-1,0
 139, 12123, 12124, 100,-1,0
 140, 12123, 12124, 100,-1,0
 140, 12123, 12124, 100,-1,0
 140, 12123, 12124, 100,-1,0
 140, 12123, 12124, 100,-1,0
 140, 12123, 12124, 100,-1,0
 140, 12123, 12124, 100,-1,0
 140, 12123, 12124, 100,-1,0
 140, 12123, 12124, 100,-1,0
 140, 12123, 12124, 100,-1,0
 140, 12123, 12124, 100,-1,0
 141, 12123, 12124, 100,-1,0
 141, 12123, 12124, 100,-1,0
 141, 12123, 12124, 100,-1,0
 141, 12123, 12124, 100,-1,0
 141, 12123, 12124, 100,-1,0
 141, 12123, 12124, 100,-1,0
 141, 12123, 12124, 100,-1,0
 141, 12123, 12124, 100,-1,0
 141, 12123, 12124, 100,-1,0
 141, 12123, 12124, 100,-1,0
 142, 12123, 12124, 100,-1,0
 142, 12123, 12124, 100,-1,0
 142, 12123, 12124, 100,-1,0
 142, 12123, 12124, 100,-1,0
 142, 12123, 12124, 100,-1,0
 142, 12123, 12124, 100,-1,0
 142, 12123, 12124, 100,-1,0
 142, 12123, 12124, 100,-1,0
 142, 12123, 12124, 100,-1,0
 142, 12123, 12124, 100,-1,0
 143, 12123, 12124, 100,-1,0
 143, 12123, 12124, 100,-1,0
 143, 12123, 12124, 100,-1,0
 143, 12123, 12124, 100,-1,0
 143, 12123, 12124, 100,-1,0
 143, 12123, 12124, 100,-1,0
 143, 12123, 12124, 100,-1,0
 143, 12123, 12124, 100,-1,0
 143, 12123, 12124, 100,-1,0
 143, 12123, 12124, 100,-1,0
 144, 12123, 12124, 100,-1,0
 144, 12123, 12124, 100,-1,0
 144, 12123, 12124, 100,-1,0
 144, 12123, 12124, 100,-1,0
 144, 12123, 12124, 100,-1,0
 144, 12123, 12124, 100,-1,0
 144, 12123, 12124, 100,-1,0
 144, 12123, 12124, 100,-1,0
 144, 12123, 12124, 100,-1,0
 144, 12123, 12124, 100,-1,0
 145, 12123, 12124, 100,-1,0
 145, 12123, 12124, 100,-1,0
 145, 12123, 12124, 100,-1,0
 145, 12123, 12124, 100,-1,0
 145, 12123, 12124, 100,-1,0
 145, 12123, 12124, 100,-1,0
 145, 12123, 12124, 100,-1,0
 145, 12123, 12124, 100,-1,0
 145, 12123, 12124, 100,-1,0
 145, 12123, 12124, 100,-1,0
 146, 12123, 12124, 100,-1,0
 146, 12123, 12124, 100,-1,0
 146, 12123, 12124, 100,-1,0
 146, 12123, 12124, 100,-1,0
 146, 12123, 12124, 100,-1,0
 146, 12123, 12124, 100,-1,0
 146, 12123, 12124, 100,-1,0
 146, 12123, 12124, 100,-1,0
 146, 12123, 12124, 100,-1,0
 146, 12123, 12124, 100,-1,0
 147, 12123, 12124, 100,-1,0
 147, 12123, 12124, 100,-1,0
 147, 12123, 12124, 100,-1,0
 147, 12123, 12124, 100,-1,0
 147, 12123, 12124, 100,-1,0
 147, 12123, 12124, 100,-1,0
 147, 12123, 12124, 100,-1,0
 147, 12123, 12124, 100,-1,0
 147, 12123, 12124, 100,-1,0
 148, 12123, 12124, 100,-1,0
 148, 12123, 12124, 100,-1,0
 148, 12123, 12124, 100,-1,0
 148, 12123, 12124, 100,-1,0
 148, 12123, 12124, 100,-1,0
 148, 12123, 12124, 100,-1,0
 148, 12123, 12124, 100,-1,0
 148, 12123, 12124, 100,-1,0
 148, 12123, 12124, 100,-1,0
 148, 12123, 12124, 100,-1,0
 149, 12123, 12124, 100,-1,0
 149, 12123, 12124, 100,-1,0
 149, 12123, 12124, 100,-1,0
 149, 12123, 12124, 100,-1,0
 149, 12123, 12124, 100,-1,0
 149, 12123, 12124, 100,-1,0
 149, 12123, 12124, 100,-1,0
 149, 12123, 12124, 100,-1,0
 149, 12123, 12124, 100,-1,0
 149, 12123, 12124, 100,-1,0
 150, 12123, 12124, 100,-1,0
 150, 12123, 12124, 100,-1,0
 150, 12123, 12124, 100,-1,0
 150, 12123, 12124, 100,-1,0
 150, 12123, 12124, 100,-1,0
 150, 12123, 12124, 100,-1,0
 150, 12123, 12124, 100,-1,0
 150, 12123, 12124, 100,-1,0
 150, 12123, 12124, 100,-1,0
 150, 12123, 12124, 100,-1,0
 151, 12123, 12124, 100,-1,0
 151, 12123, 12124, 100,-1,0
 151, 12123, 12124, 100,-1,0
 151, 12123, 12124, 100,-1,0
 151, 12123, 12124, 100,-1,0
 151, 12123, 12124, 100,-1,0
 151, 12123, 12124, 100,-1,0
 151, 12123, 12124, 100,-1,0
 151, 12123, 12124, 100,-1,0
 151, 12123, 12124, 100,-1,0
 152, 12123, 12124, 100,-1,0
 152, 12123, 12124, 100,-1,0
 152, 12123, 12124, 100,-1,0
 152, 12123, 12124, 100,-1,0
 152, 12123, 12124, 100,-1,0
 152, 12123, 12124, 100,-1,0
 152, 12123, 12124, 100,-1,0
 152, 12123, 12124, 100,-1,0
 152, 12123, 12124, 100,-1,0
 152, 12123, 12124, 100,-1,0
 153, 12123, 12124, 100,-1,0
 153, 12123, 12124, 100,-1,0
 153, 12123, 12124, 100,-1,0
 153, 12123, 12124, 100,-1,0
 153, 12123, 12124, 100,-1,0
 153, 12123, 12124, 100,-1,0
 153, 12123, 12124, 100,-1,0
 153, 12123, 12124, 100,-1,0
 153, 12123, 12124, 100,-1,0
 153, 12123, 12124, 100,-1,0
 154, 12123, 12124, 100,-1,0
 154, 12123, 12124, 100,-1,0
 154, 12123, 12124, 100,-1,0
 154, 12123, 12124, 100,-1,0
 154, 12123, 12124, 100,-1,0
 154, 12123, 12124, 100,-1,0
 154, 12123, 12124, 100,-1,0
 154, 12123, 12124, 100,-1,0
 154, 12123, 12124, 100,-1,0
 154, 12123, 12124, 100,-1,0
 155, 12123, 12124, 100,-1,0
 155, 12123, 12124, 100,-1,0
 155, 12123, 12124, 100,-1,0
 155, 12123, 12124, 100,-1,0
 155, 12123, 12124, 100,-1,0
 155, 12123, 12124, 100,-1,0
 155, 12123, 12124, 100,-1,0
 155, 12123, 12124, 100,-1,0
 155, 12123, 12124, 100,-1,0
 155, 12123, 12124, 100,-1,0
 156, 12123, 12124, 100,-1,0
 156, 12123, 12124, 100,-1,0
 156, 12123, 12124, 100,-1,0
 156, 12123, 12124, 100,-1,0
 156, 12123, 12124, 100,-1,0
 156, 12123, 12124, 100,-1,0
 156, 12123, 12124, 100,-1,0
 156, 12123, 12124, 100,-1,0
 156, 12123, 12124, 100,-1,0
 156, 12123, 12124, 100,-1,0
 157, 12123, 12124, 100,-1,0
 157, 12123, 12124, 100,-1,0
 157, 12123, 12124, 100,-1,0
 157, 12123, 12124, 100,-1,0
 157, 12123, 12124, 100,-1,0
 157, 12123, 12124, 100,-1,0
 157, 12123, 12124, 100,-1,0
 157, 12123, 12124, 100,-1,0
 157, 12123, 12124, 100,-1,0
 157, 12123, 12124, 100,-1,0
 158, 12123, 12124, 100,-1,0
 158, 12123, 12124, 100,-1,0
 158, 12123, 12124, 100,-1,0
 158, 12123, 12124, 100,-1,0
 158, 12123, 12124, 100,-1,0
 158, 12123, 12124, 100,-1,0
 158, 12123, 12124, 100,-1,0
 158, 12123, 12124, 100,-1,0
 158, 12123, 12124, 100,-1,0
 158, 12123, 12124, 100,-1,0
 159, 12123, 12124, 100,-1,0
 159, 12123, 12124, 100,-1,0
 159, 12123, 12124, 100,-1,0
 159, 12123, 12124, 100,-1,0
 159, 12123, 12124, 100,-1,0
 159, 12123, 12124, 100,-1,0
 159, 12123, 12124, 100,-1,0
 159, 12123, 12124, 100,-1,0
 159, 12123, 12124, 100,-1,0
 159, 12123, 12124, 100,-1,0
 160, 12123, 12124, 100,-1,0
 160, 12123, 12124, 100,-1,0
 160, 12123, 12124, 100,-1,0
 160, 12123, 12124, 100,-1,0
 160, 12123, 12124, 100,-1,0
 160, 12123, 12124, 100,-1,0
 160, 12123, 12124, 100,-1,0
 160, 12123, 12124, 100,-1,0
 160, 12123, 12124, 100,-1,0
 160, 12123, 12124, 100,-1,0
 161, 12123, 12124, 100,-1,0
 161, 12123, 12124, 100,-1,0
 161, 12123, 12124, 100,-1,0
 161, 12123, 12124, 100,-1,0
 161, 12123, 12124, 100,-1,0
 161, 12123, 12124, 100,-1,0
 161, 12123, 12124, 100,-1,0
 161, 12123, 12124, 100,-1,0
 161, 12123, 12124, 100,-1,0
 161, 12123, 12124, 100,-1,0
 162, 12123, 12124, 100,-1,0
 162, 12123, 12124, 100,-1,0
 162, 12123, 12124, 100,-1,0
 162, 12123, 12124, 100,-1,0
 162, 12123, 12124, 100,-1,0
 162, 12123, 12124, 100,-1,0
 162, 12123, 12124, 100,-1,0
 162, 12123, 12124, 100,-1,0
 162, 12123, 12124, 100,-1,0
 163, 12123, 12124, 100,-1,0
 163, 12123, 12124, 100,-1,0
 163, 12123, 12124, 100,-1,0
 163, 12123, 12124, 100,-1,0
 163, 12123, 12124, 100,-1,0
 163, 12123, 12124, 100,-1,0
 163, 12123, 12124, 100,-1,0
 163, 12123, 12124, 100,-1,0
 163, 12123, 12124, 100,-1,0
 163, 12123, 12124, 100,-1,0
 164, 12123, 12124, 100,-1,0
 164, 12123, 12124, 100,-1,0
 164, 12123, 12124, 100,-1,0
 164, 12123, 12124, 100,-1,0
 164, 12123, 12124, 100,-1,0
 164, 12123, 12124, 100,-1,0
 164, 12123, 12124, 100,-1,0
 164, 12123, 12124, 100,-1,0
 164, 12123, 12124, 100,-1,0
 164, 12123, 12124, 100,-1,0
 165, 12123, 12124, 100,-1,0
 165, 12123, 12124, 100,-1,0
 165, 12123, 12124, 100,-1,0
 165, 12123, 12124, 100,-1,0
 165, 12123, 12124, 100,-1,0
 165, 12123, 12124, 100,-1,0
 165, 12123, 12124, 100,-1,0
 165, 12123, 12124, 100,-1,0
 165, 12123, 12124, 100,-1,0
 165, 12123, 12124, 100,-1,0
 166, 12123, 12124, 100,-1,0
 166, 12123, 12124, 100,-1,0
 166, 12123, 12124, 100,-1,0
 166, 12123, 12124, 100,-1,0
 166, 12123, 12124, 100,-1,0
 166, 12123, 12124, 100,-1,0
 166, 12123, 12124, 100,-1,0
 166, 12123, 12124, 100,-1,0
 166, 12123, 12124, 100,-1,0
 166, 12123, 12124, 100,-1,0
 167, 12123, 12124, 100,-1,0
 167, 12123, 12124, 100,-1,0
 167, 12123, 12124, 100,-1,0
 167, 12123, 12124, 100,-1,0
 167, 12123, 12124, 100,-1,0
 167, 12123, 12124, 100,-1,0
 167, 12123, 12124, 100,-1,0
 167, 12123, 12124, 100,-1,0
 167, 12123, 12124, 100,-1,0
 167, 12123, 12124, 100,-1,0
 168, 12123, 12124, 100,-1,0
 168, 12123, 12124, 100,-1,0
 168, 12123, 12124, 100,-1,0
 168, 12123, 12124, 100,-1,0
 168, 12123, 12124, 100,-1,0
 168, 12123, 12124, 100,-1,0
 168, 12123, 12124, 100,-1,0
 168, 12123, 12124, 100,-1,0
 168, 12123, 12124, 100,-1,0
 168, 12123, 12124, 100,-1,0
 169, 12123, 12124, 100,-1,0
 169, 12123, 12124, 100,-1,0
 169, 12123, 12124, 100,-1,0
 169, 12123, 12124, 100,-1,0
 169, 12123, 12124, 100,-1,0
 169, 12123, 12124, 100,-1,0
 169, 12123, 12124, 100,-1,0
 169, 12123, 12124, 100,-1,0
 169, 12123, 12124, 100,-1,0
 169, 12123, 12124, 100,-1,0
 170, 12123, 12124, 100,-1,0
 170, 12123, 12124, 100,-1,0
 170, 12123, 12124, 100,-1,0
 170, 12123, 12124, 100,-1,0
 170, 12123, 12124, 100,-1,0
 170, 12123, 12124, 100,-1,0
 170, 12123, 12124, 100,-1,0
 170, 12123, 12124, 100,-1,0
 170, 12123, 12124, 100,-1,0
 170, 12123, 12124, 100,-1,0
 171, 12123, 12124, 100,-1,0
 171, 12123, 12124, 100,-1,0
 171, 12123, 12124, 100,-1,0
 171, 12123, 12124, 100,-1,0
 171, 12123, 12124, 100,-1,0
 171, 12123, 12124, 100,-1,0
 171, 12123, 12124, 100,-1,0
 171, 12123, 12124, 100,-1,0
 171, 12123, 12124, 100,-1,0
 171, 12123, 12124, 100,-1,0
 172, 12123, 12124, 100,-1,0
 172, 12123, 12124, 100,-1,0
 172, 12123, 12124, 100,-1,0
 172, 12123, 12124, 100,-1,0
 172, 12123, 12124, 100,-1,0
 172, 12123, 12124, 100,-1,0
 172, 12123, 12124, 100,-1,0
 172, 12123, 12124, 100,-1,0
 172, 12123, 12124, 100,-1,0
 172, 12123, 12124, 100,-1,0
 173, 12123, 12124, 100,-1,0
 173, 12123, 12124, 100,-1,0
 173, 12123, 12124, 100,-1,0
 173, 12123, 12124, 100,-1,0
 173, 12123, 12124, 100,-1,0
 173, 12123, 12124, 100,-1,0
 173, 12123, 12124, 100,-1,0
 173, 12123, 12124, 100,-1,0
 173, 12123, 12124, 100,-1,0
 174, 12123, 12124, 100,-1,0
 174, 12123, 12124, 100,-1,0
 174, 12123, 12124, 100,-1,0
 174, 12123, 12124, 100,-1,0
 174, 12123, 12124, 100,-1,0
 174, 12123, 12124, 100,-1,0
 174, 12123, 12124, 100,-1,0
 174, 12123, 12124, 100,-1,0
 174, 12123, 12124, 100,-1,0
 174, 12123, 12124, 100,-1,0
 175, 12123, 12124, 100,-1,0
 175, 12123, 12124, 100,-1,0
 175, 12123, 12124, 100,-1,0
 175, 12123, 12124, 100,-1,0
 175, 12123, 12124, 100,-1,0
 175, 12123, 12124, 100,-1,0
 175, 12123, 12124, 100,-1,0
 175, 12123, 12124, 100,-1,0
 175, 12123, 12124, 100,-1,0
 175, 12123, 12124, 100,-1,0
 176, 12123, 12124, 100,-1,0
 176, 12123, 12124, 100,-1,0
 176, 12123, 12124, 100,-1,0
 176, 12123, 12124, 100,-1,0
 176, 12123, 12124, 100,-1,0
 176, 12123, 12124, 100,-1,0
 176, 12123, 12124, 100,-1,0
 176, 12123, 12124, 100,-1,0
 176, 12123, 12124, 100,-1,0
 176, 12123, 12124, 100,-1,0
 177, 12123, 12124, 100,-1,0
 177, 12123, 12124, 100,-1,0
 177, 12123, 12124, 100,-1,0
 177, 12123, 12124, 100,-1,0
 177, 12123, 12124, 100,-1,0
 177, 12123, 12124, 100,-1,0
 177, 12123, 12124, 100,-1,0
 177, 12123, 12124, 100,-1,0
 177, 12123, 12124, 100,-1,0
 177, 12123, 12124, 100,-1,0
 178, 12123, 12124, 100,-1,0
 178, 12123, 12124, 100,-1,0
 178, 12123, 12124, 100,-1,0
 178, 12123, 12124, 100,-1,0
 178, 12123, 12124, 100,-1,0
 178, 12123, 12124, 100,-1,0
 178, 12123, 12124, 100,-1,0
 178, 12123, 12124, 100,-1,0
 178, 12123, 12124, 100,-1,0
 178, 12123, 12124, 100,-1,0
 179, 12123, 12124, 100,-1,0
 179, 12123, 12124, 100,-1,0
 179, 12123, 12124, 100,-1,0
 179, 12123, 12124, 100,-1,0
 179, 12123, 12124, 100,-1,0
 179, 12123, 12124, 100,-1,0
 179, 12123, 12124, 100,-1,0
 179, 12123, 12124, 100,-1,0
 179, 12123, 12124, 100,-1,0
 179, 12123, 12124, 100,-1,0
 180, 12123, 12124, 100,-1,0
 180, 12123, 12124, 100,-1,0
 180, 12123, 12124, 100,-1,0
 180, 12123, 12124, 100,-1,0
 180, 12123, 12124, 100,-1,0
 180, 12123, 12124, 100,-1,0
 180, 12123, 12124, 100,-1,0
 180, 12123, 12124, 100,-1,0
 180, 12123, 12124, 100,-1,0
 180, 12123, 12124, 100,-1,0
 181, 12123, 12124, 100,-1,0
 181, 12123, 12124, 100,-1,0
 181, 12123, 12124, 100,-1,0
 181, 12123, 12124, 100,-1,0
 181, 12123, 12124, 100,-1,0
 181, 12123, 12124, 100,-1,0
 181, 12123, 12124, 100,-1,0
 181, 12123, 12124, 100,-1,0
 181, 12123, 12124, 100,-1,0
 181, 12123, 12124, 100,-1,0
 182, 12123, 12124, 100,-1,0
 182, 12123, 12124, 100,-1,0
 182, 12123, 12124, 100,-1,0
 182, 12123, 12124, 100,-1,0
 182, 12123, 12124, 100,-1,0
 182, 12123, 12124, 100,-1,0
 182, 12123, 12124, 100,-1,0
 182, 12123, 12124, 100,-1,0
 182, 12123, 12124, 100,-1,0
 182, 12123, 12124, 100,-1,0
 183, 12123, 12124, 100,-1,0
 183, 12123, 12124, 100,-1,0
 183, 12123, 12124, 100,-1,0
 183, 12123, 12124, 100,-1,0
 183, 12123, 12124, 100,-1,0
 183, 12123, 12124, 100,-1,0
 183, 12123, 12124, 100,-1,0
 183, 12123, 12124, 100,-1,0
 183, 12123, 12124, 100,-1,0
 183, 12123, 12124, 100,-1,0
 184, 12123, 12124, 100,-1,0
 184, 12123, 12124, 100,-1,0
 184, 12123, 12124, 100,-1,0
 184, 12123, 12124, 100,-1,0
 184, 12123, 12124, 100,-1,0
 184, 12123, 12124, 100,-1,0
 184, 12123, 12124, 100,-1,0
 184, 12123, 12124, 100,-1,0
 184, 12123, 12124, 100,-1,0
 185, 12123, 12124, 100,-1,0
 185, 12123, 12124, 100,-1,0
 185, 12123, 12124, 100,-1,0
 185, 12123, 12124, 100,-1,0
 185, 12123, 12124, 100,-1,0
 185, 12123, 12124, 100,-1,0
 185, 12123, 12124, 100,-1,0
 185, 12123, 12124, 100,-1,0
 185, 12123, 12124, 100,-1,0
 185, 12123, 12124, 100,-1,0
 186, 12123, 12124, 100,-1,0
 186, 12123, 12124, 100,-1,0
 186, 12123, 12124, 100,-1,0
 186, 12123, 12124, 100,-1,0
 186, 12123, 12124, 100,-1,0
 186, 12123, 12124, 100,-1,0
 186, 12123, 12124, 100,-1,0
 186, 12123, 12124, 100,-1,0
 186, 12123, 12124, 100,-1,0
 186, 12123, 12124, 100,-1,0
 187, 12123, 12124, 100,-1,0
 187, 12123, 12124, 100,-1,0
 187, 12123, 12124, 100,-1,0
 187, 12123, 12124, 100,-1,0
 187, 12123, 12124, 100,-1,0
 187, 12123, 12124, 100,-1,0
 187, 12123, 12124, 100,-1,0
 187, 12123, 12124, 100,-1,0
 187, 12123, 12124, 100,-1,0
 187, 12123, 12124, 100,-1,0
 188, 12123, 12124, 100,-1,0
 188, 12123, 12124, 100,-1,0
 188, 12123, 12124, 100,-1,0
 188, 12123, 12124, 100,-1,0
 188, 12123, 12124, 100,-1,0
 188, 12123, 12124, 100,-1,0
 188, 12123, 12124, 100,-1,0
 188, 12123, 12124, 100,-1,0
 188, 12123, 12124, 100,-1,0
 188, 12123, 12124, 100,-1,0
 189, 12123, 12124, 100,-1,0
 189, 12123, 12124, 100,-1,0
 189, 12123, 12124, 100,-1,0
 189, 12123, 12124, 100,-1,0
 189, 12123, 12124, 100,-1,0
 189, 12123, 12124, 100,-1,0
 189, 12123, 12124, 100,-1,0
 189, 12123, 12124, 100,-1,0
 189, 12123, 12124, 100,-1,0
 189, 12123, 12124, 100,-1,0
 190, 12123, 12124, 100,-1,0
 190, 12123, 12124, 100,-1,0
 190, 12123, 12124, 100,-1,0
 190, 12123, 12124, 100,-1,0
 190, 12123, 12124, 100,-1,0
 190, 12123, 12124, 100,-1,0
 190, 12123, 12124, 100,-1,0
 190, 12123, 12124, 100,-1,0
 190, 12123, 12124, 100,-1,0
 190, 12123, 12124, 100,-1,0
 191, 12123, 12124, 100,-1,0
 191, 12123, 12124, 100,-1,0
 191, 12123, 12124, 100,-1,0
 191, 12123, 12124, 100,-1,0
 191, 12123, 12124, 100,-1,0
 191, 12123, 12124, 100,-1,0
 191, 12123, 12124, 100,-1,0
 191, 12123, 12124, 100,-1,0
 191, 12123, 12124, 100,-1,0
 191, 12123, 12124, 100,-1,0
 192, 12123, 12124, 100,-1,0
 192, 12123, 12124, 100,-1,0
 192, 12123, 12124, 100,-1,0
 192, 12123, 12124, 100,-1,0
 192, 12123, 12124, 100,-1,0
 192, 12123, 12124, 100,-1,0
 192, 12123, 12124, 100,-1,0
 192, 12123, 12124, 100,-1,0
 192, 12123, 12124, 100,-1,0
 192, 12123, 12124, 100,-1,0
 193, 12123, 12124, 100,-1,0
 193, 12123, 12124, 100,-1,0
 193, 12123, 12124, 100,-1,0
 193, 12123, 12124, 100,-1,0
 193, 12123, 12124, 100,-1,0
 193, 12123, 12124, 100,-1,0
 193, 12123, 12124, 100,-1,0
 193, 12123, 12124, 100,-1,0
 193, 12123, 12124, 100,-1,0
 193, 12123, 12124, 100,-1,0
 194, 12123, 12124, 100,-1,0
 194, 12123, 12124, 100,-1,0
 194, 12123, 12124, 100,-1,0
 194, 12123, 12124, 100,-1,0
 194, 12123, 12124, 100,-1,0
 194, 12123, 12124, 100,-1,0
 194, 12123, 12124, 100,-1,0
 194, 12123, 12124, 100,-1,0
 194, 12123, 12124, 100,-1,0
 195, 12123, 12124, 100,-1,0
 195, 12123, 12124, 100,-1,0
 195, 12123, 12124, 100,-1,0
 195, 12123, 12124, 100,-1,0
 195, 12123, 12124, 100,-1,0
 195, 12123, 12124, 100,-1,0
 195, 12123, 12124, 100,-1,0
 195, 12123, 12124, 100,-1,0
 195, 12123, 12124, 100,-1,0
 195, 12123, 12124, 100,-1,0
 196, 12123, 12124, 100,-1,0
 196, 12123, 12124, 100,-1,0
 196, 12123, 12124, 100,-1,0
 196, 12123, 12124, 100,-1,0
 196, 12123, 12124, 100,-1,0
 196, 12123, 12124, 100,-1,0
 196, 12123, 12124, 100,-1,0
 196, 12123, 12124, 100,-1,0
 196, 12123, 12124, 100,-1,0
 196, 12123, 12124, 100,-1,0
 197, 12123, 12124, 100,-1,0
 197, 12123, 12124, 100,-1,0
 197, 12123, 12124, 100,-1,0
 197, 12123, 12124, 100,-1,0
 197, 12123, 12124, 100,-1,0
 197, 12123, 12124, 100,-1,0
 197, 12123, 12124, 100,-1,0
 197, 12123, 12124, 100,-1,0
 197, 12123, 12124, 100,-1,0
 197, 12123, 12124, 100,-1,0
 198, 12123, 12124, 100,-1,0
 198, 12123, 12124, 100,-1,0
 198, 12123, 12124, 100,-1,0
 198, 12123, 12124, 100,-1,0
 198, 12123, 12124, 100,-1,0
 198, 12123, 12124, 100,-1,0
 198, 12123, 12124, 100,-1,0
 198, 12123, 12124, 100,-1,0
 198, 12123, 12124, 100,-1,0
 198, 12123, 12124, 100,-1,0
 199, 12123, 12124, 100,-1,0
 199, 12123, 12124, 100,-1,0
 199, 12123, 12124, 100,-1,0
 199, 12123, 12124, 100,-1,0
 199, 12123, 12124, 100,-1,0
 199, 12123, 12124, 100,-1,0
 199, 12123, 12124, 100,-1,0
 199, 12123, 12124, 100,-1,0
 199, 12123, 12124, 100,-1,0
 199, 12123, 12124, 100,-1,0
 200, 12123, 12124, 100,-1,0
 200, 12123, 12124, 100,-1,0
 200, 12123, 12124, 100,-1,0
 200, 12123, 12124, 100,-1,0
 200, 12123, 12124, 100,-1,0
 200, 12123, 12124, 100,-1,0
 200, 12123, 12124, 100,-1,0
 200, 12123, 12124, 100,-1,0
 200, 12123, 12124, 100,-1,0
 201, 12123, 12124, 100,-1,0
 201, 12123, 12124, 100,-1,0
 201, 12123, 12124, 100,-1,0
 201, 12123, 12124, 100,-1,0
 201, 12123, 12124, 100,-1,0
 201, 12123, 12124, 100,-1,0
 201, 12123, 12124, 100,-1,0
 201, 12123, 12124, 100,-1,0
 201, 12123, 12124, 100,-1,0
 201, 12123, 12124, 100,-1,0
 202, 12123, 12124, 100,-1,0
 202, 12123, 12124, 100,-1,0
 202, 12123, 12124, 100,-1,0
 202, 12123, 12124, 100,-1,0
 202, 12123, 12124, 100,-1,0
 202, 12123, 12124, 100,-1,0
 202, 12123, 12124, 100,-1,0
 202, 12123, 12124, 100,-1,0
 202, 12123, 12124, 100,-1,0
 202, 12123, 12124, 100,-1,0
 203, 12123, 12124, 100,-1,0
 203, 12123, 12124, 100,-1,0
 203, 12123, 12124, 100,-1,0
 203, 12123, 12124, 100,-1,0
 203, 12123, 12124, 100,-1,0
 203, 12123, 12124, 100,-1,0
 203, 12123, 12124, 100,-1,0
 203, 12123, 12124, 100,-1,0
 203, 12123, 12124, 100,-1,0
 203, 12123, 12124, 100,-1,0
 204, 12123, 12124, 100,-1,0
 204, 12123, 12124, 100,-1,0
 204, 12123, 12124, 100,-1,0
 204, 12123, 12124, 100,-1,0
 204, 12123, 12124, 100,-1,0
 204, 12123, 12124, 100,-1,0
 204, 12123, 12124, 100,-1,0
 204, 12123, 12124, 100,-1,0
 204, 12123, 12124, 100,-1,0
 204, 12123, 12124, 100,-1,0
 205, 12123, 12124, 100,-1,0
 205, 12123, 12124, 100,-1,0
 205, 12123, 12124, 100,-1,0
 205, 12123, 12124, 100,-1,0
 205, 12123, 12124, 100,-1,0
 205, 12123, 12124, 100,-1,0
 205, 12123, 12124, 100,-1,0
 205, 12123, 12124, 100,-1,0
 205, 12123, 12124, 100,-1,0
 205, 12123, 12124, 100,-1,0
 206, 12123, 12124, 100,-1,0
 206, 12123, 12124, 100,-1,0
 206, 12123, 12124, 100,-1,0
 206, 12123, 12124, 100,-1,0
 206, 12123, 12124, 100,-1,0
 206, 12123, 12124, 100,-1,0
 206, 12123, 12124, 100,-1,0
 206, 12123, 12124, 100,-1,0
 206, 12123, 12124, 100,-1,0
 206, 12123, 12124, 100,-1,0
 207, 12123, 12124, 100,-1,0
 207, 12123, 12124, 100,-1,0
 207, 12123, 12124, 100,-1,0
 207, 12123, 12124, 100,-1,0
 207, 12123, 12124, 100,-1,0
 207, 12123, 12124, 100,-1,0
 207, 12123, 12124, 100,-1,0
 207, 12123, 12124, 100,-1,0
 207, 12123, 12124, 100,-1,0
 207, 12123, 12124, 100,-1,0
 208, 12123, 12124, 100,-1,0
 208, 12123, 12124, 100,-1,0
 208, 12123, 12124, 100,-1,0
 208, 12123, 12124, 100,-1,0
 208, 12123, 12124, 100,-1,0
 208, 12123, 12124, 100,-1,0
 208, 12123, 12124, 100,-1,0
 208, 12123, 12124, 100,-1,0
 208, 12123, 12124, 100,-1,0
 208, 12123, 12124, 100,-1,0
 209, 12123, 12124, 100,-1,0
 209, 12123, 12124, 100,-1,0
 209, 12123, 12124, 100,-1,0
 209, 12123, 12124, 100,-1,0
 209, 12123, 12124, 100,-1,0
 209, 12123, 12124, 100,-1,0
 209, 12123, 12124, 100,-1,0
 209, 12123, 12124, 100,-1,0
 209, 12123, 12124, 100,-1,0
 209, 12123, 12124, 100,-1,0
 210, 12123, 12124, 100,-1,0
 210, 12123, 12124, 100,-1,0
 210, 12123, 12124, 100,-1,0
 210, 12123, 12124, 100,-1,0
 210, 12123, 12124, 100,-1,0
 210, 12123, 12124, 100,-1,0
 210, 12123, 12124, 100,-1,0
 210, 12123, 12124, 100,-1,0
 210, 12123, 12124, 100,-1,0
 210, 12123, 12124, 100,-1,0
 211, 12123, 12124, 100,-1,0
 211, 12123, 12124, 100,-1,0
 211, 12123, 12124, 100,-1,0
 211, 12123, 12124, 100,-1,0
 211, 12123, 12124, 100,-1,0
 211, 12123, 12124, 100,-1,0
 211, 12123, 12124, 100,-1,0
 211, 12123, 12124, 100,-1,0
 211, 12123, 12124, 100,-1,0
 212, 12123, 12124, 100,-1,0
 212, 12123, 12124, 100,-1,0
 212, 12123, 12124, 100,-1,0
 212, 12123, 12124, 100,-1,0
 212, 12123, 12124, 100,-1,0
 212, 12123, 12124, 100,-1,0
 212, 12123, 12124, 100,-1,0
 212, 12123, 12124, 100,-1,0
 212, 12123, 12124, 100,-1,0
 212, 12123, 12124, 100,-1,0
 213, 12123, 12124, 100,-1,0
 213, 12123, 12124, 100,-1,0
 213, 12123, 12124, 100,-1,0
 213, 12123, 12124, 100,-1,0
 213, 12123, 12124, 100,-1,0
 213, 12123, 12124, 100,-1,0
 213, 12123, 12124, 100,-1,0
 213, 12123, 12124, 100,-1,0
 213, 12123, 12124, 100,-1,0
 213, 12123, 12124, 100,-1,0
 214, 12123, 12124, 100,-1,0
 214, 12123, 12124, 100,-1,0
 214, 12123, 12124, 100,-1,0
 214, 12123, 12124, 100,-1,0
 214, 12123, 12124, 100,-1,0
 214, 12123, 12124, 100,-1,0
 214, 12123, 12124, 100,-1,0
 214, 12123, 12124, 100,-1,0
 214, 12123, 12124, 100,-1,0
 214, 12123, 12124, 100,-1,0
 215, 12123, 12124, 100,-1,0
 215, 12123, 12124, 100,-1,0
 215, 12123, 12124, 100,-1,0
 215, 12123, 12124, 100,-1,0
 215, 12123, 12124, 100,-1,0
 215, 12123, 12124, 100,-1,0
 215, 12123, 12124, 100,-1,0
 215, 12123, 12124, 100,-1,0
 215, 12123, 12124, 100,-1,0
 215, 12123, 12124, 100,-1,0
 216, 12123, 12124, 100,-1,0
 216, 12123, 12124, 100,-1,0
 216, 12123, 12124, 100,-1,0
 216, 12123, 12124, 100,-1,0
 216, 12123, 12124, 100,-1,0
 216, 12123, 12124, 100,-1,0
 216, 12123, 12124, 100,-1,0
 216, 12123, 12124, 100,-1,0
 216, 12123, 12124, 100,-1,0
 216, 12123, 12124, 100,-1,0
 217, 12123, 12124, 100,-1,0
 217, 12123, 12124, 100,-1,0
 217, 12123, 12124, 100,-1,0
 217, 12123, 12124, 100,-1,0
 217, 12123, 12124, 100,-1,0
 217, 12123, 12124, 100,-1,0
 217, 12123, 12124, 100,-1,0
 217, 12123, 12124, 100,-1,0
 217, 12123, 12124, 100,-1,0
 217, 12123, 12124, 100,-1,0
 218, 12123, 12124, 100,-1,0
 218, 12123, 12124, 100,-1,0
 218, 12123, 12124, 100,-1,0
 218, 12123, 12124, 100,-1,0
 218, 12123, 12124, 100,-1,0
 218, 12123, 12124, 100,-1,0
 218, 12123, 12124, 100,-1,0
 218, 12123, 12124, 100,-1,0
 218, 12123, 12124, 100,-1,0
 218, 12123, 12124, 100,-1,0
 219, 12123, 12124, 100,-1,0
 219, 12123, 12124, 100,-1,0
 219, 12123, 12124, 100,-1,0
 219, 12123, 12124, 100,-1,0
 219, 12123, 12124, 100,-1,0
 219, 12123, 12124, 100,-1,0
 219, 12123, 12124, 100,-1,0
 219, 12123, 12124, 100,-1,0
 219, 12123, 12124, 100,-1,0
 219, 12123, 12124, 100,-1,0
 220, 12123, 12124, 100,-1,0
 220, 12123, 12124, 100,-1,0
 220, 12123, 12124, 100,-1,0
 220, 12123, 12124, 100,-1,0
 220, 12123, 12124, 100,-1,0
 220, 12123, 12124, 100,-1,0
 220, 12123, 12124, 100,-1,0
 220, 12123, 12124, 100,-1,0
 220, 12123, 12124, 100,-1,0
 220, 12123, 12124, 100,-1,0
 221, 12123, 12124, 100,-1,0
 221, 12123, 12124, 100,-1,0
 221, 12123, 12124, 100,-1,0
 221, 12123, 12124, 100,-1,0
 221, 12123, 12124, 100,-1,0
 221, 12123, 12124, 100,-1,0
 221, 12123, 12124, 100,-1,0
 221, 12123, 12124, 100,-1,0
 221, 12123, 12124, 100,-1,0
 221, 12123, 12124, 100,-1,0
 222, 12123, 12124, 100,-1,0
 222, 12123, 12124, 100,-1,0
 222, 12123, 12124, 100,-1,0
 222, 12123, 12124, 100,-1,0
 222, 12123, 12124, 100,-1,0
 222, 12123, 12124, 100,-1,0
 222, 12123, 12124, 100,-1,0
 222, 12123, 12124, 100,-1,0
 222, 12123, 12124, 100,-1,0
 223, 12123, 12124, 100,-1,0
 223, 12123, 12124, 100,-1,0
 223, 12123, 12124, 100,-1,0
 223, 12123, 12124, 100,-1,0
 223, 12123, 12124, 100,-1,0
 223, 12123, 12124, 100,-1,0
 223, 12123, 12124, 100,-1,0
 223, 12123, 12124, 100,-1,0
 223, 12123, 12124, 100,-1,0
 223, 12123, 12124, 100,-1,0
 224, 12123, 12124, 100,-1,0
 224, 12123, 12124, 100,-1,0
 224, 12123, 12124, 100,-1,0
 224, 12123, 12124, 100,-1,0
 224, 12123, 12124, 100,-1,0
 224, 12123, 12124, 100,-1,0
 224, 12123, 12124, 100,-1,0
 224, 12123, 12124, 100,-1,0
 224, 12123, 12124, 100,-1,0
 224, 12123, 12124, 100,-1,0
 225, 12123, 12124, 100,-1,0
 225, 12123, 12124, 100,-1,0
 225, 12123, 12124, 100,-1,0
 225, 12123, 12124, 100,-1,0
 225, 12123, 12124, 100,-1,0
 225, 12123, 12124, 100,-1,0
 225, 12123, 12124, 100,-1,0
 225, 12123, 12124, 100,-1,0
 225, 12123, 12124, 100,-1,0
 225, 12123, 12124, 100,-1,0
 226, 12123, 12124, 100,-1,0
 226, 12123, 12124, 100,-1,0
 226, 12123, 12124, 100,-1,0
 226, 12123, 12124, 100,-1,0
 226, 12123, 12124, 100,-1,0
 226, 12123, 12124, 100,-1,0
 226, 12123, 12124, 100,-1,0
 226, 12123, 12124, 100,-1,0
 226, 12123, 12124, 100,-1,0
 226, 12123, 12124, 100,-1,0
 227, 12123, 12124, 100,-1,0
 227, 12123, 12124, 100,-1,0
 227, 12123, 12124, 100,-1,0
 227, 12123, 12124, 100,-1,0
 227, 12123, 12124, 100,-1,0
 227, 12123, 12124, 100,-1,0
 227, 12123, 12124, 100,-1,0
 227, 12123, 12124, 100,-1,0
 227, 12123, 12124, 100,-1,0
 227, 12123, 12124, 100,-1,0
 228, 12123, 12124, 100,-1,0
 228, 12123, 12124, 100,-1,0
 228, 12123, 12124, 100,-1,0
 228, 12123, 12124, 100,-1,0
 228, 12123, 12124, 100,-1,0
 228, 12123, 12124, 100,-1,0
 228, 12123, 12124, 100,-1,0
 228, 12123, 12124, 100,-1,0
 228, 12123, 12124, 100,-1,0
 229, 12123, 12124, 100,-1,0
 229, 12123, 12124, 100,-1,0
 229, 12123, 12124, 100,-1,0
 229, 12123, 12124, 100,-1,0
 229, 12123, 12124, 100,-1,0
 229, 12123, 12124, 100,-1,0
 229, 12123, 12124, 100,-1,0
 229, 12123, 12124, 100,-1,0
 229, 12123, 12124, 100,-1,0
 229, 12123, 12124, 100,-1,0
 230, 12123, 12124, 100,-1,0
 230, 12123, 12124, 100,-1,0
 230, 12123, 12124, 100,-1,0
 230, 12123, 12124, 100,-1,0
 230, 12123, 12124, 100,-1,0
 230, 12123, 12124, 100,-1,0
 230, 12123, 12124, 100,-1,0
 230, 12123, 12124, 100,-1,0
 230, 12123, 12124, 100,-1,0
 230, 12123, 12124, 100,-1,0
 231, 12123, 12124, 100,-1,0
 231, 12123, 12124, 100,-1,0
 231, 12123, 12124, 100,-1,0
 231, 12123, 12124, 100,-1,0
 231, 12123, 12124, 100,-1,0
 231, 12123, 12124, 100,-1,0
 231, 12123, 12124, 100,-1,0
 231, 12123, 12124, 100,-1,0
 231, 12123, 12124, 100,-1,0
 231, 12123, 12124, 100,-1,0
 232, 12123, 12124, 100,-1,0
 232, 12123, 12124, 100,-1,0
 232, 12123, 12124, 100,-1,0
 232, 12123, 12124, 100,-1,0
 232, 12123, 12124, 100,-1,0
 232, 12123, 12124, 100,-1,0
 232, 12123, 12124, 100,-1,0
 232, 12123, 12124, 100,-1,0
 232, 12123, 12124, 100,-1,0
 232, 12123, 12124, 100,-1,0
 233, 12123, 12124, 100,-1,0
 233, 12123, 12124, 100,-1,0
 233, 12123, 12124, 100,-1,0
 233, 12123, 12124, 100,-1,0
 233, 12123, 12124, 100,-1,0
 233, 12123, 12124, 100,-1,0
 233, 12123, 12124, 100,-1,0
 233, 12123, 12124, 100,-1,0
 233, 12123, 12124, 100,-1,0
 233, 12123, 12124, 100,-1,0
 234, 12123, 12124, 100,-1,0
 234, 12123, 12124, 100,-1,0
 234, 12123, 12124, 100,-1,0
 234, 12123, 12124, 100,-1,0
 234, 12123, 12124, 100,-1,0
 234, 12123, 12124, 100,-1,0
 234, 12123, 12124, 100,-1,0
 234, 12123, 12124, 100,-1,0
 234, 12123, 12124, 100,-1,0
 234, 12123, 12124, 100,-1,0
 235, 12123, 12124, 100,-1,0
 235, 12123, 12124, 100,-1,0
 235, 12123, 12124, 100,-1,0
 235, 12123, 12124, 100,-1,0
 235, 12123, 12124, 100,-1,0
 235, 12123, 12124, 100,-1,0
 235, 12123, 12124, 100,-1,0
 235, 12123, 12124, 100,-1,0
 235, 12123, 12124, 100,-1,0
 235, 12123, 12124, 100,-1,0
 236, 12123, 12124, 100,-1,0
 236, 12123, 12124, 100,-1,0
 236, 12123, 12124, 100,-1,0
 236, 12123, 12124, 100,-1,0
 236, 12123, 12124, 100,-1,0
 236, 12123, 12124, 100,-1,0
 236, 12123, 12124, 100,-1,0
 236, 12123, 12124, 100,-1,0
 236, 12123, 12124, 100,-1,0
 236, 12123, 12124, 100,-1,0
 237, 12123, 12124, 100,-1,0
 237, 12123, 12124, 100,-1,0
 237, 12123, 12124, 100,-1,0
 237, 12123, 12124, 100,-1,0
 237, 12123, 12124, 100,-1,0
 237, 12123, 12124, 100,-1,0
 237, 12123, 12124, 100,-1,0
 237, 12123, 12124, 100,-1,0
 237, 12123, 12124, 100,-1,0
 237, 12123, 12124, 100,-1,0
 238, 12123, 12124, 100,-1,0
 238, 12123, 12124, 100,-1,0
 238, 12123, 12124, 100,-1,0
 238, 12123, 12124, 100,-1,0
 238, 12123, 12124, 100,-1,0
 238, 12123, 12124, 100,-1,0
 238, 12123, 12124, 100,-1,0
 238, 12123, 12124, 100,-1,0
 238, 12123, 12124, 100,-1,0
 238, 12123, 12124, 100,-1,0
 239, 12123, 12124, 100,-1,0
 239, 12123, 12124, 100,-1,0
 239, 12123, 12124, 100,-1,0
 239, 12123, 12124, 100,-1,0
 239, 12123, 12124, 100,-1,0
 239, 12123, 12124, 100,-1,0
 239, 12123, 12124, 100,-1,0
 239, 12123, 12124, 100,-1,0
 239, 12123, 12124, 100,-1,0
 240, 12123, 12124, 100,-1,0
 240, 12123, 12124, 100,-1,0
 240, 12123, 12124, 100,-1,0
 240, 12123, 12124, 100,-1,0
 240, 12123, 12124, 100,-1,0
 240, 12123, 12124, 100,-1,0
 240, 12123, 12124, 100,-1,0
 240, 12123, 12124, 100,-1,0
 240, 12123, 12124, 100,-1,0
 240, 12123, 12124, 100,-1,0
 241, 12123, 12124, 100,-1,0
 241, 12123, 12124, 100,-1,0
 241, 12123, 12124, 100,-1,0
 241, 12123, 12124, 100,-1,0
 241, 12123, 12124, 100,-1,0
 241, 12123, 12124, 100,-1,0
 241, 12123, 12124, 100,-1,0
 241, 12123, 12124, 100,-1,0
 241, 12123, 12124, 100,-1,0
 241, 12123, 12124, 100,-1,0
 242, 12123, 12124, 100,-1,0
 242, 12123, 12124, 100,-1,0
 242, 12123, 12124, 100,-1,0
 242, 12123, 12124, 100,-1,0
 242, 12123, 12124, 100,-1,0
 242, 12123, 12124, 100,-1,0
 242, 12123, 12124, 100,-1,0
 242, 12123, 12124, 100,-1,0
 242, 12123, 12124, 100,-1,0
 242, 12123, 12124, 100,-1,0
 243, 12123, 12124, 100,-1,0
 243, 12123, 12124, 100,-1,0
 243, 12123, 12124, 100,-1,0
 243, 12123, 12124, 100,-1,0
 243, 12123, 12124, 100,-1,0
 243, 12123, 12124, 100,-1,0
 243, 12123, 12124, 100,-1,0
 243, 12123, 12124, 100,-1,0
 243, 12123, 12124, 100,-1,0
 243, 12123, 12124, 100,-1,0
 244, 12123, 12124, 100,-1,0
 244, 12123, 12124, 100,-1,0
 244, 12123, 12124, 100,-1,0
 244, 12123, 12124, 100,-1,0
 244, 12123, 12124, 100,-1,0
 244, 12123, 12124, 100,-1,0
 244, 12123, 12124, 100,-1,0
 244, 12123, 12124, 100,-1,0
 244, 12123, 12124, 100,-1,0
 244, 12123, 12124, 100,-1,0
 245, 12123, 12124, 100,-1,0
 245, 12123, 12124, 100,-1,0
 245, 12123, 12124, 100,-1,0
 245, 12123, 12124, 100,-1,0
 245, 12123, 12124, 100,-1,0
 245, 12123, 12124, 100,-1,0
 245, 12123, 12124, 100,-1,0
 245, 12123, 12124, 100,-1,0
 245, 12123, 12124, 100,-1,0
 245, 12123, 12124, 100,-1,0
 246, 12123, 12124, 100,-1,0
 246, 12123, 12124, 100,-1,0
 246, 12123, 12124, 100,-1,0
 246, 12123, 12124, 100,-1,0
 246, 12123, 12124, 100,-1,0
 246, 12123, 12124, 100,-1,0
 246, 12123, 12124, 100,-1,0
 246, 12123, 12124, 100,-1,0
 246, 12123, 12124, 100,-1,0
 246, 12123, 12124, 100,-1,0
 247, 12123, 12124, 100,-1,0
 247, 12123, 12124, 100,-1,0
 247, 12123, 12124, 100,-1,0
 247, 12123, 12124, 100,-1,0
 247, 12123, 12124, 100,-1,0
 247, 12123, 12124, 100,-1,0
 247, 12123, 12124, 100,-1,0
 247, 12123, 12124, 100,-1,0
 247, 12123, 12124, 100,-1,0
 247, 12123, 12124, 100,-1,0
 248, 12123, 12124, 100,-1,0
 248, 12123, 12124, 100,-1,0
 248, 12123, 12124, 100,-1,0
 248, 12123, 12124, 100,-1,0
 248, 12123, 12124, 100,-1,0
 248, 12123, 12124, 100,-1,0
 248, 12123, 12124, 100,-1,0
 248, 12123, 12124, 100,-1,0
 248, 12123, 12124, 100,-1,0
 248, 12123, 12124, 100,-1,0
 249, 12123, 12124, 100,-1,0
 249, 12123, 12124, 100,-1,0
 249, 12123, 12124, 100,-1,0
 249, 12123, 12124, 100,-1,0
 249, 12123, 12124, 100,-1,0
 249, 12123, 12124, 100,-1,0
 249, 12123, 12124, 100,-1,0
 249, 12123, 12124, 100,-1,0
 249, 12123, 12124, 100,-1,0
 249, 12123, 12124, 100,-1,0
 250, 12123, 12124, 100,-1,0
 250, 12123, 12124, 100,-1,0
 250, 12123, 12124, 100,-1,0
 250, 12123, 12124, 100,-1,0
 250, 12123, 12124, 100,-1,0
 250, 12123, 12124, 100,-1,0
 250, 12123, 12124, 100,-1,0
 250, 12123, 12124, 100,-1,0
 250, 12123, 12124, 100,-1,0
 250, 12123, 12124, 100,-1,0
 251, 12123, 12124, 100,-1,0
 251, 12123, 12124, 100,-1,0
 251, 12123, 12124, 100,-1,0
 251, 12123, 12124, 100,-1,0
 251, 12123, 12124, 100,-1,0
 251, 12123, 12124, 100,-1,0
 251, 12123, 12124, 100,-1,0
 251, 12123, 12124, 100,-1,0
 251, 12123, 12124, 100,-1,0
 252, 12123, 12124, 100,-1,0
 252, 12123, 12124, 100,-1,0
 252, 12123, 12124, 100,-1,0
 252, 12123, 12124, 100,-1,0
 252, 12123, 12124, 100,-1,0
 252, 12123, 12124, 100,-1,0
 252, 12123, 12124, 100,-1,0
 252, 12123, 12124, 100,-1,0
 252, 12123, 12124, 100,-1,0
 252, 12123, 12124, 100,-1,0
 253, 12123, 12124, 100,-1,0
 253, 12123, 12124, 100,-1,0
 253, 12123, 12124, 100,-1,0
 253, 12123, 12124, 100,-1,0
 253, 12123, 12124, 100,-1,0
 253, 12123, 12124, 100,-1,0
 253, 12123, 12124, 100,-1,0
 253, 12123, 12124, 100,-1,0
 253, 12123, 12124, 100,-1,0
 253, 12123, 12124, 100,-1,0
 254, 12123, 12124, 100,-1,0
 254, 12123, 12124, 100,-1,0
 254, 12123, 12124, 100,-1,0
 254, 12123, 12124, 100,-1,0
 254, 12123, 12124, 100,-1,0
 254, 12123, 12124, 100,-1,0
 254, 12123, 12124, 100,-1,0
 254, 12123, 12124, 100,-1,0
 254, 12123, 12124, 100,-1,0
 254, 12123, 12124, 100,-1,0
 255, 12123, 12124, 100,-1,0
 255, 12123, 12124, 100,-1,0
 255, 12123, 12124, 100,-1,0
 255, 12123, 12124, 100,-1,0
 255, 12123, 12124, 100,-1,0
 255, 12123, 12124, 100,-1,0
 255, 12123, 12124, 100,-1,0
 255, 12123, 12124, 100,-1,0
 255, 12123, 12124, 100,-1,0
 255, 12123, 12124, 100,-1,0
 256, 12123, 12124, 100,-1,0
 256, 12123, 12124, 100,-1,0
 256, 12123, 12124, 100,-1,0
 256, 12123, 12124, 100,-1,0
 256, 12123, 12124, 100,-1,0
 256, 12123, 12124, 100,-1,0
 256, 12123, 12124, 100,-1,0
 256, 12123, 12124, 100,-1,0
 256, 12123, 12124, 100,-1,0
 256, 12123, 12124, 100,-1,0
 257, 12123, 12124, 100,-1,0
 257, 12123, 12124, 100,-1,0
 257, 12123, 12124, 100,-1,0
 257, 12123, 12124, 100,-1,0
 257, 12123, 12124, 100,-1,0
 257, 12123, 12124, 100,-1,0
 257, 12123, 12124, 100,-1,0
 257, 12123, 12124, 100,-1,0
 257, 12123, 12124, 100,-1,0
 257, 12123, 12124, 100,-1,0
 258, 12123, 12124, 100,-1,0
 258, 12123, 12124, 100,-1,0
 258, 12123, 12124, 100,-1,0
 258, 12123, 12124, 100,-1,0
 258, 12123, 12124, 100,-1,0
 258, 12123, 12124, 100,-1,0
 258, 12123, 12124, 100,-1,0
 258, 12123, 12124, 100,-1,0
 258, 12123, 12124, 100,-1,0
 258, 12123, 12124, 100,-1,0
 259, 12123, 12124, 100,-1,0
 259, 12123, 12124, 100,-1,0
 259, 12123, 12124, 100,-1,0
 259, 12123, 12124, 100,-1,0
 259, 12123, 12124, 100,-1,0
 259, 12123, 12124, 100,-1,0
 259, 12123, 12124, 100,-1,0
 259, 12123, 12124, 100,-1,0
 259, 12123, 12124, 100,-1,0
 259, 12123, 12124, 100,-1,0
 260, 12123, 12124, 100,-1,0
 260, 12123, 12124, 100,-1,0
 260, 12123, 12124, 100,-1,0
 260, 12123, 12124, 100,-1,0
 260, 12123, 12124, 100,-1,0
 260, 12123, 12124, 100,-1,0
 260, 12123, 12124, 100,-1,0
 260, 12123, 12124, 100,-1,0
 260, 12123, 12124, 100,-1,0
 261, 12123, 12124, 100,-1,0
 261, 12123, 12124, 100,-1,0
 261, 12123, 12124, 100,-1,0
 261, 12123, 12124, 100,-1,0
 261, 12123, 12124, 100,-1,0
 261, 12123, 12124, 100,-1,0
 261, 12123, 12124, 100,-1,0
 261, 12123, 12124, 100,-1,0
 261, 12123, 12124, 100,-1,0
 261, 12123, 12124, 100,-1,0
 262, 12123, 12124, 100,-1,0
 262, 12123, 12124, 100,-1,0
 262, 12123, 12124, 100,-1,0
 262, 12123, 12124, 100,-1,0
 262, 12123, 12124, 100,-1,0
 262, 12123, 12124, 100,-1,0
 262, 12123, 12124, 100,-1,0
 262, 12123, 12124, 100,-1,0
 262, 12123, 12124, 100,-1,0
 262, 12123, 12124, 100,-1,0
 263, 12123, 12124, 100,-1,0
 263, 12123, 12124, 100,-1,0
 263, 12123, 12124, 100,-1,0
 263, 12123, 12124, 100,-1,0
 263, 12123, 12124, 100,-1,0
 263, 12123, 12124, 100,-1,0
 263, 12123, 12124, 100,-1,0
 263, 12123, 12124, 100,-1,0
 263, 12123, 12124, 100,-1,0
 263, 12123, 12124, 100,-1,0
 264, 12123, 12124, 100,-1,0
 264, 12123, 12124, 100,-1,0
 264, 12123, 12124, 100,-1,0
 264, 12123, 12124, 100,-1,0
 264, 12123, 12124, 100,-1,0
 264, 12123, 12124, 100,-1,0
 264, 12123, 12124, 100,-1,0
 264, 12123, 12124, 100,-1,0
 264, 12123, 12124, 100,-1,0
 264, 12123, 12124, 100,-1,0
 265, 12123, 12124, 100,-1,0
 265, 12123, 12124, 100,-1,0
 265, 12123, 12124, 100,-1,0
 265, 12123, 12124, 100,-1,0
 265, 12123, 12124, 100,-1,0
 265, 12123, 12124, 100,-1,0
 265, 12123, 12124, 100,-1,0
 265, 12123, 12124, 100,-1,0
 265, 12123, 12124, 100,-1,0
 265, 12123, 12124, 100,-1,0
 266, 12123, 12124, 100,-1,0
 266, 12123, 12124, 100,-1,0
 266, 12123, 12124, 100,-1,0
 266, 12123, 12124, 100,-1,0
 266, 12123, 12124, 100,-1,0
 266, 12123, 12124, 100,-1,0
 266, 12123, 12124, 100,-1,0
 266, 12123, 12124, 100,-1,0
 266, 12123, 12124, 100,-1,0
 266, 12123, 12124, 100,-1,0
 267, 12123, 12124, 100,-1,0
 267, 12123, 12124, 100,-1,0
 267, 12123, 12124, 100,-1,0
 267, 12123, 12124, 100,-1,0
 267, 12123, 12124, 100,-1,0
 267, 12123, 12124, 100,-1,0
 267, 12123, 12124, 100,-1,0
 267, 12123, 12124, 100,-1,0
 267, 12123, 12124, 100,-1,0
 267, 12123, 12124, 100,-1,0
 268, 12123, 12124, 100,-1,0
 268, 12123, 12124, 100,-1,0
 268, 12123, 12124, 100,-1,0
 268, 12123, 12124, 100,-1,0
 268, 12123, 12124, 100,-1,0
 268, 12123, 12124, 100,-1,0
 268, 12123, 12124, 100,-1,0
 268, 12123, 12124, 100,-1,0
 268, 12123, 12124, 100,-1,0
 268, 12123, 12124, 100,-1,0
 269, 12123, 12124, 100,-1,0
 269, 12123, 12124, 100,-1,0
 269, 12123, 12124, 100,-1,0
 269, 12123, 12124, 100,-1,0
 269, 12123, 12124, 100,-1,0
 269, 12123, 12124, 100,-1,0
 269, 12123, 12124, 100,-1,0
 269, 12123, 12124, 100,-1,0
 269, 12123, 12124, 100,-1,0
 269, 12123, 12124, 100,-1,0
 270, 12123, 12124, 100,-1,0
 270, 12123, 12124, 100,-1,0
 270, 12123, 12124, 100,-1,0
 270, 12123, 12124, 100,-1,0
 270, 12123, 12124, 100,-1,0
 270, 12123, 12124, 100,-1,0
 270, 12123, 12124, 100,-1,0
 270, 12123, 12124, 100,-1,0
 270, 12123, 12124, 100,-1,0
 270, 12123, 12124, 100,-1,0
 271, 12123, 12124, 100,-1,0
 271, 12123, 12124, 100,-1,0
 271, 12123, 12124, 100,-1,0
 271, 12123, 12124, 100,-1,0
 271, 12123, 12124, 100,-1,0
 271, 12123, 12124, 100,-1,0
 271, 12123, 12124, 100,-1,0
 271, 12123, 12124, 100,-1,0
 271, 12123, 12124, 100,-1,0
 271, 12123, 12124, 100,-1,0
 272, 12123, 12124, 100,-1,0
 272, 12123, 12124, 100,-1,0
 272, 12123, 12124, 100,-1,0
 272, 12123, 12124, 100,-1,0
 272, 12123, 12124, 100,-1,0
 272, 12123, 12124, 100,-1,0
 272, 12123, 12124, 100,-1,0
 272, 12123, 12124, 100,-1,0
 272, 12123, 12124, 100,-1,0
 273, 12123, 12124, 100,-1,0
 273, 12123, 12124, 100,-1,0
 273, 12123, 12124, 100,-1,0
 273, 12123, 12124, 100,-1,0
 273, 12123, 12124, 100,-1,0
 273, 12123, 12124, 100,-1,0
 273, 12123, 12124, 100,-1,0
 273, 12123, 12124, 100,-1,0
 273, 12123, 12124, 100,-1,0
 273, 12123, 12124, 100,-1,0
 274, 12123, 12124, 100,-1,0
 274, 12123, 12124, 100,-1,0
 274, 12123, 12124, 100,-1,0
 274, 12123, 12124, 100,-1,0
 274, 12123, 12124, 100,-1,0
 274, 12123, 12124, 100,-1,0
 274, 12123, 12124, 100,-1,0
 274, 12123, 12124, 100,-1,0
 274, 12123, 12124, 100,-1,0
 274, 12123, 12124, 100,-1,0
 275, 12123, 12124, 100,-1,0
 275, 12123, 12124, 100,-1,0
 275, 12123, 12124, 100,-1,0
 275, 12123, 12124, 100,-1,0
 275, 12123, 12124, 100,-1,0
 275, 12123, 12124, 100,-1,0
 275, 12123, 12124, 100,-1,0
 275, 12123, 12124, 100,-1,0
 275, 12123, 12124, 100,-1,0
 275, 12123, 12124, 100,-1,0
 276, 12123, 12124, 100,-1,0
 276, 12123, 12124, 100,-1,0
 276, 12123, 12124, 100,-1,0
 276, 12123, 12124, 100,-1,0
 276, 12123, 12124, 100,-1,0
 276, 12123, 12124, 100,-1,0
 276, 12123, 12124, 100,-1,0
 276, 12123, 12124, 100,-1,0
 276, 12123, 12124, 100,-1,0
 276, 12123, 12124, 100,-1,0
 277, 12123, 12124, 100,-1,0
 277, 12123, 12124, 100,-1,0
 277, 12123, 12124, 100,-1,0
 277, 12123, 12124, 100,-1,0
 277, 12123, 12124, 100,-1,0
 277, 12123, 12124, 100,-1,0
 277, 12123, 12124, 100,-1,0
 277, 12123, 12124, 100,-1,0
 277, 12123, 12124, 100,-1,0
 277, 12123, 12124, 100,-1,0
 278, 12123, 12124, 100,-1,0
 278, 12123, 12124, 100,-1,0
 278, 12123, 12124, 100,-1,0
 278, 12123, 12124, 100,-1,0
 278, 12123, 12124, 100,-1,0
 278, 12123, 12124, 100,-1,0
 278, 12123, 12124, 100,-1,0
 278, 12123, 12124, 100,-1,0
 278, 12123, 12124, 100,-1,0
 278, 12123, 12124, 100,-1,0
 279, 12123, 12124, 100,-1,0
 279, 12123, 12124, 100,-1,0
 279, 12123, 12124, 100,-1,0
 279, 12123, 12124, 100,-1,0
 279, 12123, 12124, 100,-1,0
 279, 12123, 12124, 100,-1,0
 279, 12123, 12124, 100,-1,0
 279, 12123, 12124, 100,-1,0
 279, 12123, 12124, 100,-1,0
 279, 12123, 12124, 100,-1,0
 280, 12123, 12124, 100,-1,0
 280, 12123, 12124, 100,-1,0
 280, 12123, 12124, 100,-1,0
 280, 12123, 12124, 100,-1,0
 280, 12123, 12124, 100,-1,0
 280, 12123, 12124, 100,-1,0
 280, 12123, 12124, 100,-1,0
 280, 12123, 12124, 100,-1,0
 280, 12123, 12124, 100,-1,0
 280, 12123, 12124, 100,-1,0
 281, 12123, 12124, 100,-1,0
 281, 12123, 12124, 100,-1,0
 281, 12123, 12124, 100,-1,0
 281, 12123, 12124, 100,-1,0
 281, 12123, 12124, 100,-1,0
 281, 12123, 12124, 100,-1,0
 281, 12123, 12124, 100,-1,0
 281, 12123, 12124, 100,-1,0
 281, 12123, 12124, 100,-1,0
 281, 12123, 12124, 100,-1,0
 282, 12123, 12124, 100,-1,0
 282, 12123, 12124, 100,-1,0
 282, 12123, 12124, 100,-1,0
 282, 12123, 12124, 100,-1,0
 282, 12123, 12124, 100,-1,0
 282, 12123, 12124, 100,-1,0
 282, 12123, 12124, 100,-1,0
 282, 12123, 12124, 100,-1,0
 282, 12123, 12124, 100,-1,0
 283, 12123, 12124, 100,-1,0
 283, 12123, 12124, 100,-1,0
 283, 12123, 12124, 100,-1,0
 283, 12123, 12124, 100,-1,0
 283, 12123, 12124, 100,-1,0
 283, 12123, 12124, 100,-1,0
 283, 12123, 12124, 100,-1,0
 283, 12123, 12124, 100,-1,0
 283, 12123, 12124, 100,-1,0
 283, 12123, 12124, 100,-1,0
 284, 12123, 12124, 100,-1,0
 284, 12123, 12124, 100,-1,0
 284, 12123, 12124, 100,-1,0
 284, 12123, 12124, 100,-1,0
 284, 12123, 12124, 100,-1,0
 284, 12123, 12124, 100,-1,0
 284, 12123, 12124, 100,-1,0
 284, 12123, 12124, 100,-1,0
 284, 12123, 12124, 100,-1,0
 284, 12123, 12124, 100,-1,0
 285, 12123, 12124, 100,-1,0
 285, 12123, 12124, 100,-1,0
 285, 12123, 12124, 100,-1,0
 285, 12123, 12124, 100,-1,0
 285, 12123, 12124, 100,-1,0
 285, 12123, 12124, 100,-1,0
 285, 12123, 12124, 100,-1,0
 285, 12123, 12124, 100,-1,0
 285, 12123, 12124, 100,-1,0
 285, 12123, 12124, 100,-1,0
 286, 12123, 12124, 100,-1,0
 286, 12123, 12124, 100,-1,0
 286, 12123, 12124, 100,-1,0
 286, 12123, 12124, 100,-1,0
 286, 12123, 12124, 100,-1,0
 286, 12123, 12124, 100,-1,0
 286, 12123, 12124, 100,-1,0
 286, 12123, 12124, 100,-1,0
 286, 12123, 12124, 100,-1,0
 286, 12123, 12124, 100,-1,0
 287, 12123, 12124, 100,-1,0
 287, 12123, 12124, 100,-1,0
 287, 12123, 12124, 100,-1,0
 287, 12123, 12124, 100,-1,0
 287, 12123, 12124, 100,-1,0
 287, 12123, 12124, 100,-1,0
 287, 12123, 12124, 100,-1,0
 287, 12123, 12124, 100,-1,0
 287, 12123, 12124, 100,-1,0
 287, 12123, 12124, 100,-1,0
 288, 12123, 12124, 100,-1,0
 288, 12123, 12124, 100,-1,0
 288, 12123, 12124, 100,-1,0
 288, 12123, 12124, 100,-1,0
 288, 12123, 12124, 100,-1,0
 288, 12123, 12124, 100,-1,0
 288, 12123, 12124, 100,-1,0
 288, 12123, 12124, 100,-1,0
 288, 12123, 12124, 100,-1,0
 288, 12123, 12124, 100,-1,0
 289, 12123, 12124, 100,-1,0
 289, 12123, 12124, 100,-1,0
 289, 12123, 12124, 100,-1,0
 289, 12123, 12124, 100,-1,0
 289, 12123, 12124, 100,-1,0
 289, 12123, 12124, 100,-1,0
 289, 12123, 12124, 100,-1,0
 289, 12123, 12124, 100,-1,0
 289, 12123, 12124, 100,-1,0
 289, 12123, 12124, 100,-1,0
 290, 12123, 12124, 100,-1,0
 290, 12123, 12124, 100,-1,0
 290, 12123, 12124, 100,-1,0
 290, 12123, 12124, 100,-1,0
 290, 12123, 12124, 100,-1,0
 290, 12123, 12124, 100,-1,0
 290, 12123, 12124, 100,-1,0
 290, 12123, 12124, 100,-1,0
 290, 12123, 12124, 100,-1,0
 291, 12123, 12124, 100,-1,0
 291, 12123, 12124, 100,-1,0
 291, 12123, 12124, 100,-1,0
 291, 12123, 12124, 100,-1,0
 291, 12123, 12124, 100,-1,0
 291, 12123, 12124, 100,-1,0
 291, 12123, 12124, 100,-1,0
 291, 12123, 12124, 100,-1,0
 291, 12123, 12124, 100,-1,0
 291, 12123, 12124, 100,-1,0
 292, 12123, 12124, 100,-1,0
 292, 12123, 12124, 100,-1,0
 292, 12123, 12124, 100,-1,0
 292, 12123, 12124, 100,-1,0
 292, 12123, 12124, 100,-1,0
 292, 12123, 12124, 100,-1,0
 292, 12123, 12124, 100,-1,0
 292, 12123, 12124, 100,-1,0
 292, 12123, 12124, 100,-1,0
 292, 12123, 12124, 100,-1,0
 293, 12123, 12124, 100,-1,0
 293, 12123, 12124, 100,-1,0
 293, 12123, 12124, 100,-1,0
 293, 12123, 12124, 100,-1,0
 293, 12123, 12124, 100,-1,0
 293, 12123, 12124, 100,-1,0
 293, 12123, 12124, 100,-1,0
 293, 12123, 12124, 100,-1,0
 293, 12123, 12124, 100,-1,0
 293, 12123, 12124, 100,-1,0
 294, 12123, 12124, 100,-1,0
 294, 12123, 12124, 100,-1,0
 294, 12123, 12124, 100,-1,0
 294, 12123, 12124, 100,-1,0
 294, 12123, 12124, 100,-1,0
 294, 12123, 12124, 100,-1,0
 294, 12123, 12124, 100,-1,0
 294, 12123, 12124, 100,-1,0
 294, 12123, 12124, 100,-1,0
 294, 12123, 12124, 100,-1,0
 295, 12123, 12124, 100,-1,0
 295, 12123, 12124, 100,-1,0
 295, 12123, 12124, 100,-1,0
 295, 12123, 12124, 100,-1,0
 295, 12123, 12124, 100,-1,0
 295, 12123, 12124, 100,-1,0
 295, 12123, 12124, 100,-1,0
 295, 12123, 12124, 100,-1,0
 295, 12123, 12124, 100,-1,0
 295, 12123, 12124, 100,-1,0
 296, 12123, 12124, 100,-1,0
 296, 12123, 12124, 100,-1,0
 296, 12123, 12124, 100,-1,0
 296, 12123, 12124, 100,-1,0
 296, 12123, 12124, 100,-1,0
 296, 12123, 12124, 100,-1,0
 296, 12123, 12124, 100,-1,0
 296, 12123, 12124, 100,-1,0
 296, 12123, 12124, 100,-1,0
 296, 12123, 12124, 100,-1,0
 297, 12123, 12124, 100,-1,0
 297, 12123, 12124, 100,-1,0
 297, 12123, 12124, 100,-1,0
 297, 12123, 12124, 100,-1,0
 297, 12123, 12124, 100,-1,0
 297, 12123, 12124, 100,-1,0
 297, 12123, 12124, 100,-1,0
 297, 12123, 12124, 100,-1,0
 297, 12123, 12124, 100,-1,0
 297, 12123, 12124, 100,-1,0
 298, 12123, 12124, 100,-1,0
 298, 12123, 12124, 100,-1,0
 298, 12123, 12124, 100,-1,0
 298, 12123, 12124, 100,-1,0
 298, 12123, 12124, 100,-1,0
 298, 12123, 12124, 100,-1,0
 298, 12123, 12124, 100,-1,0
 298, 12123, 12124, 100,-1,0
 298, 12123, 12124, 100,-1,0
 298, 12123, 12124, 100,-1,0
 299, 12123, 12124, 100,-1,0
 299, 12123, 12124, 100,-1,0
 299, 12123, 12124, 100,-1,0
 299, 12123, 12124, 100,-1,0
 299, 12123, 12124, 100,-1,0
 299, 12123, 12124, 100,-1,0
 299, 12123, 12124, 100,-1,0
 299, 12123, 12124, 100,-1,0
 299, 12123, 12124, 100,-1,0
 299, 12123, 12124, 100,-1,0
 300, 12123, 12124, 100,-1,0
 300, 12123, 12124, 100,-1,0
 300, 12123, 12124, 100,-1,0
 300, 12123, 12124, 100,-1,0
 300, 12123, 12124, 100,-1,0
 300, 12123, 12124, 100,-1,0
 300, 12123, 12124, 100,-1,0
 300, 12123, 12124, 100,-1,0
 300, 12123, 12124, 100,-1,0
 300, 12123, 12124, 100,-1,0
 301, 12123, 12124, 100,-1,0
 301, 12123, 12124, 100,-1,0
 301, 12123, 12124, 100,-1,0
 301, 12123, 12124, 100,-1,0
 301, 12123, 12124, 100,-1,0
 301, 12123, 12124, 100,-1,0
 301, 12123, 12124, 100,-1,0
 301, 12123, 12124, 100,-1,0
 301, 12123, 12124, 100,-1,0
 302, 12123, 12124, 100,-1,0
 302, 12123, 12124, 100,-1,0
 302, 12123, 12124, 100,-1,0
 302, 12123, 12124, 100,-1,0
 302, 12123, 12124, 100,-1,0
 302, 12123, 12124, 100,-1,0
 302, 12123, 12124, 100,-1,0
 302, 12123, 12124, 100,-1,0
 302, 12123, 12124, 100,-1,0
 302, 12123, 12124, 100,-1,0
 303, 12123, 12124, 100,-1,0
 303, 12123, 12124, 100,-1,0
 303, 12123, 12124, 100,-1,0
 303, 12123, 12124, 100,-1,0
 303, 12123, 12124, 100,-1,0
 303, 12123, 12124, 100,-1,0
 303, 12123, 12124, 100,-1,0
 303, 12123, 12124, 100,-1,0
 303, 12123, 12124, 100,-1,0
 303, 12123, 12124, 100,-1,0
 304, 12123, 12124, 100,-1,0
 304, 12123, 12124, 100,-1,0
 304, 12123, 12124, 100,-1,0
 304, 12123, 12124, 100,-1,0
 304, 12123, 12124, 100,-1,0
 304, 12123, 12124, 100,-1,0
 304, 12123, 12124, 100,-1,0
 304, 12123, 12124, 100,-1,0
 304, 12123, 12124, 100,-1,0
 304, 12123, 12124, 100,-1,0
 305, 12123, 12124, 100,-1,0
 305, 12123, 12124, 100,-1,0
 305, 12123, 12124, 100,-1,0
 305, 12123, 12124, 100,-1,0
 305, 12123, 12124, 100,-1,0
 305, 12123, 12124, 100,-1,0
 305, 12123, 12124, 100,-1,0
 305, 12123, 12124, 100,-1,0
 305, 12123, 12124, 100,-1,0
 305, 12123, 12124, 100,-1,0
 306, 12123, 12124, 100,-1,0
 306, 12123, 12124, 100,-1,0
 306, 12123, 12124, 100,-1,0
 306, 12123, 12124, 100,-1,0
 306, 12123, 12124, 100,-1,0
 306, 12123, 12124, 100,-1,0
 306, 12123, 12124, 100,-1,0
 306, 12123, 12124, 100,-1,0
 306, 12123, 12124, 100,-1,0
 307, 12123, 12124, 100,-1,0
 307, 12123, 12124, 100,-1,0
 307, 12123, 12124, 100,-1,0
 307, 12123, 12124, 100,-1,0
 307, 12123, 12124, 100,-1,0
 307, 12123, 12124, 100,-1,0
 307, 12123, 12124, 100,-1,0
 307, 12123, 12124, 100,-1,0
 307, 12123, 12124, 100,-1,0
 307, 12123, 12124, 100,-1,0
 308, 12123, 12124, 100,-1,0
 308, 12123, 12124, 100,-1,0
 308, 12123, 12124, 100,-1,0
 308, 12123, 12124, 100,-1,0
 308, 12123, 12124, 100,-1,0
 308, 12123, 12124, 100,-1,0
 308, 12123, 12124, 100,-1,0
 308, 12123, 12124, 100,-1,0
 308, 12123, 12124, 100,-1,0
 308, 12123, 12124, 100,-1,0
 309, 12123, 12124, 100,-1,0
 309, 12123, 12124, 100,-1,0
 309, 12123, 12124, 100,-1,0
 309, 12123, 12124, 100,-1,0
 309, 12123, 12124, 100,-1,0
 309, 12123, 12124, 100,-1,0
 309, 12123, 12124, 100,-1,0
 309, 12123, 12124, 100,-1,0
 309, 12123, 12124, 100,-1,0
 309, 12123, 12124, 100,-1,0
 310, 12123, 12124, 100,-1,0
 310, 12123, 12124, 100,-1,0
 310, 12123, 12124, 100,-1,0
 310, 12123, 12124, 100,-1,0
 310, 12123, 12124, 100,-1,0
 310, 12123, 12124, 100,-1,0
 310, 12123, 12124, 100,-1,0
 310, 12123, 12124, 100,-1,0
 310, 12123, 12124, 100,-1,0
 310, 12123, 12124, 100,-1,0
 311, 12123, 12124, 100,-1,0
 311, 12123, 12124, 100,-1,0
 311, 12123, 12124, 100,-1,0
 311, 12123, 12124, 100,-1,0
 311, 12123, 12124, 100,-1,0
 311, 12123, 12124, 100,-1,0
 311, 12123, 12124, 100,-1,0
 311, 12123, 12124, 100,-1,0
 311, 12123, 12124, 100,-1,0
 311, 12123, 12124, 100,-1,0
 312, 12123, 12124, 100,-1,0
 312, 12123, 12124, 100,-1,0
 312, 12123, 12124, 100,-1,0
 312, 12123, 12124, 100,-1,0
 312, 12123, 12124, 100,-1,0
 312, 12123, 12124, 100,-1,0
 312, 12123, 12124, 100,-1,0
 312, 12123, 12124, 100,-1,0
 312, 12123, 12124, 100,-1,0
 312, 12123, 12124, 100,-1,0
 313, 12123, 12124, 100,-1,0
 313, 12123, 12124, 100,-1,0
 313, 12123, 12124, 100,-1,0
 313, 12123, 12124, 100,-1,0
 313, 12123, 12124, 100,-1,0
 313, 12123, 12124, 100,-1,0
 313, 12123, 12124, 100,-1,0
 313, 12123, 12124, 100,-1,0
 313, 12123, 12124, 100,-1,0
 313, 12123, 12124, 100,-1,0
 314, 12123, 12124, 100,-1,0
 314, 12123, 12124, 100,-1,0
 314, 12123, 12124, 100,-1,0
 314, 12123, 12124, 100,-1,0
 314, 12123, 12124, 100,-1,0
 314, 12123, 12124, 100,-1,0
 314, 12123, 12124, 100,-1,0
 314, 12123, 12124, 100,-1,0
 314, 12123, 12124, 100,-1,0
 314, 12123, 12124, 100,-1,0
 315, 12123, 12124, 100,-1,0
 315, 12123, 12124, 100,-1,0
 315, 12123, 12124, 100,-1,0
 315, 12123, 12124, 100,-1,0
 315, 12123, 12124, 100,-1,0
 315, 12123, 12124, 100,-1,0
 315, 12123, 12124, 100,-1,0
 315, 12123, 12124, 100,-1,0
 315, 12123, 12124, 100,-1,0
 315, 12123, 12124, 100,-1,0
 316, 12123, 12124, 100,-1,0
 316, 12123, 12124, 100,-1,0
 316, 12123, 12124, 100,-1,0
 316, 12123, 12124, 100,-1,0
 316, 12123, 12124, 100,-1,0
 316, 12123, 12124, 100,-1,0
 316, 12123, 12124, 100,-1,0
 316, 12123, 12124, 100,-1,0
 316, 12123, 12124, 100,-1,0
 316, 12123, 12124, 100,-1,0
 317, 12123, 12124, 100,-1,0
 317, 12123, 12124, 100,-1,0
 317, 12123, 12124, 100,-1,0
 317, 12123, 12124, 100,-1,0
 317, 12123, 12124, 100,-1,0
 317, 12123, 12124, 100,-1,0
 317, 12123, 12124, 100,-1,0
 317, 12123, 12124, 100,-1,0
 317, 12123, 12124, 100,-1,0
 318, 12123, 12124, 100,-1,0
 318, 12123, 12124, 100,-1,0
 318, 12123, 12124, 100,-1,0
 318, 12123, 12124, 100,-1,0
 318, 12123, 12124, 100,-1,0
 318, 12123, 12124, 100,-1,0
 318, 12123, 12124, 100,-1,0
 318, 12123, 12124, 100,-1,0
 318, 12123, 12124, 100,-1,0
 318, 12123, 12124, 100,-1,0
 319, 12123, 12124, 100,-1,0
 319, 12123, 12124, 100,-1,0
 319, 12123, 12124, 100,-1,0
 319, 12123, 12124, 100,-1,0
 319, 12123, 12124, 100,-1,0
 319, 12123, 12124, 100,-1,0
 319, 12123, 12124, 100,-1,0
 319, 12123, 12124, 100,-1,0
 319, 12123, 12124, 100,-1,0
 319, 12123, 12124, 100,-1,0
 320, 12123, 12124, 100,-1,0
 320, 12123, 12124, 100,-1,0
 320, 12123, 12124, 100,-1,0
 320, 12123, 12124, 100,-1,0
 320, 12123, 12124, 100,-1,0
 320, 12123, 12124, 100,-1,0
 320, 12123, 12124, 100,-1,0
 320, 12123, 12124, 100,-1,0
 320, 12123, 12124, 100,-1,0
 320, 12123, 12124, 100,-1,0
 321, 12123, 12124, 100,-1,0
 321, 12123, 12124, 100,-1,0
 321, 12123, 12124, 100,-1,0
 321, 12123, 12124, 100,-1,0
 321, 12123, 12124, 100,-1,0
 321, 12123, 12124, 100,-1,0
 321, 12123, 12124, 100,-1,0
 321, 12123, 12124, 100,-1,0
 321, 12123, 12124, 100,-1,0
 321, 12123, 12124, 100,-1,0
 322, 12123, 12124, 100,-1,0
 322, 12123, 12124, 100,-1,0
 322, 12123, 12124, 100,-1,0
 322, 12123, 12124, 100,-1,0
 322, 12123, 12124, 100,-1,0
 322, 12123, 12124, 100,-1,0
 322, 12123, 12124, 100,-1,0
 322, 12123, 12124, 100,-1,0
 322, 12123, 12124, 100,-1,0
 322, 12123, 12124, 100,-1,0
 323, 12123, 12124, 100,-1,0
 323, 12123, 12124, 100,-1,0
 323, 12123, 12124, 100,-1,0
 323, 12123, 12124, 100,-1,0
 323, 12123, 12124, 100,-1,0
 323, 12123, 12124, 100,-1,0
 323, 12123, 12124, 100,-1,0
 323, 12123, 12124, 100,-1,0
 323, 12123, 12124, 100,-1,0
 323, 12123, 12124, 100,-1,0
 324, 12123, 12124, 100,-1,0
 324, 12123, 12124, 100,-1,0
 324, 12123, 12124, 100,-1,0
 324, 12123, 12124, 100,-1,0
 324, 12123, 12124, 100,-1,0
 324, 12123, 12124, 100,-1,0
 324, 12123, 12124, 100,-1,0
 324, 12123, 12124, 100,-1,0
 324, 12123, 12124, 100,-1,0
 324, 12123, 12124, 100,-1,0
 325, 12123, 12124, 100,-1,0
 325, 12123, 12124, 100,-1,0
 325, 12123, 12124, 100,-1,0
 325, 12123, 12124, 100,-1,0
 325, 12123, 12124, 100,-1,0
 325, 12123, 12124, 100,-1,0
 325, 12123, 12124, 100,-1,0
 325, 12123, 12124, 100,-1,0
 325, 12123, 12124, 100,-1,0
 325, 12123, 12124, 100,-1,0
 326, 12123, 12124, 100,-1,0
 326, 12123, 12124, 100,-1,0
 326, 12123, 12124, 100,-1,0
 326, 12123, 12124, 100,-1,0
 326, 12123, 12124, 100,-1,0
 326, 12123, 12124, 100,-1,0
 326, 12123, 12124, 100,-1,0
 326, 12123, 12124, 100,-1,0
 326, 12123, 12124, 100,-1,0
 326, 12123, 12124, 100,-1,0
 327, 12123, 12124, 100,-1,0
 327, 12123, 12124, 100,-1,0
 327, 12123, 12124, 100,-1,0
 327, 12123, 12124, 100,-1,0
 327, 12123, 12124, 100,-1,0
 327, 12123, 12124, 100,-1,0
 327, 12123, 12124, 100,-1,0
 327, 12123, 12124, 100,-1,0
 327, 12123, 12124, 100,-1,0
 327, 12123, 12124, 100,-1,0
 328, 12123, 12124, 100,-1,0
 328, 12123, 12124, 100,-1,0
 328, 12123, 12124, 100,-1,0
 328, 12123, 12124, 100,-1,0
 328, 12123, 12124, 100,-1,0
 328, 12123, 12124, 100,-1,0
 328, 12123, 12124, 100,-1,0
 328, 12123, 12124, 100,-1,0
 328, 12123, 12124, 100,-1,0
 328, 12123, 12124, 100,-1,0
 329, 12123, 12124, 100,-1,0
 329, 12123, 12124, 100,-1,0
 329, 12123, 12124, 100,-1,0
 329, 12123, 12124, 100,-1,0
 329, 12123, 12124, 100,-1,0
 329, 12123, 12124, 100,-1,0
 329, 12123, 12124, 100,-1,0
 329, 12123, 12124, 100,-1,0
 329, 12123, 12124, 100,-1,0
 330, 12123, 12124, 100,-1,0
 330, 12123, 12124, 100,-1,0
 330, 12123, 12124, 100,-1,0
 330, 12123, 12124, 100,-1,0
 330, 12123, 12124, 100,-1,0
 330, 12123, 12124, 100,-1,0
 330, 12123, 12124, 100,-1,0
 330, 12123, 12124, 100,-1,0
 330, 12123, 12124, 100,-1,0
 330, 12123, 12124, 100,-1,0
 331, 12123, 12124, 100,-1,0
 331, 12123, 12124, 100,-1,0
 331, 12123, 12124, 100,-1,0
 331, 12123, 12124, 100,-1,0
 331, 12123, 12124, 100,-1,0
 331, 12123, 12124, 100,-1,0
 331, 12123, 12124, 100,-1,0
 331, 12123, 12124, 100,-1,0
 331, 12123, 12124, 100,-1,0
 331, 12123, 12124, 100,-1,0
 332, 12123, 12124, 100,-1,0
 332, 12123, 12124, 100,-1,0
 332, 12123, 12124, 100,-1,0
 332, 12123, 12124, 100,-1,0
 332, 12123, 12124, 100,-1,0
 332, 12123, 12124, 100,-1,0
 332, 12123, 12124, 100,-1,0
 332, 12123, 12124, 100,-1,0
 332, 12123, 12124, 100,-1,0
 332, 12123, 12124, 100,-1,0
 333, 12123, 12124, 100,-1,0
 333, 12123, 12124, 100,-1,0
 333, 12123, 12124, 100,-1,0
 333, 12123, 12124, 100,-1,0
 333, 12123, 12124, 100,-1,0
 333, 12123, 12124, 100,-1,0
 333, 12123, 12124, 100,-1,0
 333, 12123, 12124, 100,-1,0
 333, 12123, 12124, 100,-1,0
 333, 12123, 12124, 100,-1,0
 334, 12123, 12124, 100,-1,0
 334, 12123, 12124, 100,-1,0
 334, 12123, 12124, 100,-1,0
 334, 12123, 12124, 100,-1,0
 334, 12123, 12124, 100,-1,0
 334, 12123, 12124, 100,-1,0
 334, 12123, 12124, 100,-1,0
 334, 12123, 12124, 100,-1,0
 334, 12123, 12124, 100,-1,0
 334, 12123, 12124, 100,-1,0
 335, 12123, 12124, 100,-1,0
 335, 12123, 12124, 100,-1,0
 335, 12123, 12124, 100,-1,0
 335, 12123, 12124, 100,-1,0
 335, 12123, 12124, 100,-1,0
 335, 12123, 12124, 100,-1,0
 335, 12123, 12124, 100,-1,0
 335, 12123, 12124, 100,-1,0
 335, 12123, 12124, 100,-1,0
 335, 12123, 12124, 100,-1,0
 336, 12123, 12124, 100,-1,0
 336, 12123, 12124, 100,-1,0
 336, 12123, 12124, 100,-1,0
 336, 12123, 12124, 100,-1,0
 336, 12123, 12124, 100,-1,0
 336, 12123, 12124, 100,-1,0
 336, 12123, 12124, 100,-1,0
 336, 12123, 12124, 100,-1,0
 336, 12123, 12124, 100,-1,0
 336, 12123, 12124, 100,-1,0
 337, 12123, 12124, 100,-1,0
 337, 12123, 12124, 100,-1,0
 337, 12123, 12124, 100,-1,0
 337, 12123, 12124, 100,-1,0
 337, 12123, 12124, 100,-1,0
 337, 12123, 12124, 100,-1,0
 337, 12123, 12124, 100,-1,0
 337, 12123, 12124, 100,-1,0
 337, 12123, 12124, 100,-1,0
 337, 12123, 12124, 100,-1,0
 338, 12123, 12124, 100,-1,0
 338, 12123, 12124, 100,-1,0
 338, 12123, 12124, 100,-1,0
 338, 12123, 12124, 100,-1,0
 338, 12123, 12124, 100,-1,0
 338, 12123, 12124, 100,-1,0
 338, 12123, 12124, 100,-1,0
 338, 12123, 12124, 100,-1,0
 338, 12123, 12124, 100,-1,0
 338, 12123, 12124, 100,-1,0
 339, 12123, 12124, 100,-1,0
 339, 12123, 12124, 100,-1,0
 339, 12123, 12124, 100,-1,0
 339, 12123, 12124, 100,-1,0
 339, 12123, 12124, 100,-1,0
 339, 12123, 12124, 100,-1,0
 339, 12123, 12124, 100,-1,0
 339, 12123, 12124, 100,-1,0
 339, 12123, 12124, 100,-1,0
 340, 12123, 12124, 100,-1,0
 340, 12123, 12124, 100,-1,0
 340, 12123, 12124, 100,-1,0
 340, 12123, 12124, 100,-1,0
 340, 12123, 12124, 100,-1,0
 340, 12123, 12124, 100,-1,0
 340, 12123, 12124, 100,-1,0
 340, 12123, 12124, 100,-1,0
 340, 12123, 12124, 100,-1,0
 340, 12123, 12124, 100,-1,0
 341, 12123, 12124, 100,-1,0
 341, 12123, 12124, 100,-1,0
 341, 12123, 12124, 100,-1,0
 341, 12123, 12124, 100,-1,0
 341, 12123, 12124, 100,-1,0
 341, 12123, 12124, 100,-1,0
 341, 12123, 12124, 100,-1,0
 341, 12123, 12124, 100,-1,0
 341, 12123, 12124, 100,-1,0
 341, 12123, 12124, 100,-1,0
 342, 12123, 12124, 100,-1,0
 342, 12123, 12124, 100,-1,0
 342, 12123, 12124, 100,-1,0
 342, 12123, 12124, 100,-1,0
 342, 12123, 12124, 100,-1,0
 342, 12123, 12124, 100,-1,0
 342, 12123, 12124, 100,-1,0
 342, 12123, 12124, 100,-1,0
 342, 12123, 12124, 100,-1,0
 342, 12123, 12124, 100,-1,0
 343, 12123, 12124, 100,-1,0
 343, 12123, 12124, 100,-1,0
 343, 12123, 12124, 100,-1,0
 343, 12123, 12124, 100,-1,0
 343, 12123, 12124, 100,-1,0
 343, 12123, 12124, 100,-1,0
 343, 12123, 12124, 100,-1,0
 343, 12123, 12124, 100,-1,0
 343, 12123, 12124, 100,-1,0
 343, 12123, 12124, 100,-1,0
 344, 12123, 12124, 100,-1,0
 344, 12123, 12124, 100,-1,0
 344, 12123, 12124, 100,-1,0
 344, 12123, 12124, 100,-1,0
 344, 12123, 12124, 100,-1,0
 344, 12123, 12124, 100,-1,0
 344, 12123, 12124, 100,-1,0
 344, 12123, 12124, 100,-1,0
 344, 12123, 12124, 100,-1,0
 344, 12123, 12124, 100,-1,0
 345, 12123, 12124, 100,-1,0
 345, 12123, 12124, 100,-1,0
 345, 12123, 12124, 100,-1,0
 345, 12123, 12124, 100,-1,0
 345, 12123, 12124, 100,-1,0
 345, 12123, 12124, 100,-1,0
 345, 12123, 12124, 100,-1,0
 345, 12123, 12124, 100,-1,0
 345, 12123, 12124, 100,-1,0
 345, 12123, 12124, 100,-1,0
 346, 12123, 12124, 100,-1,0
 346, 12123, 12124, 100,-1,0
 346, 12123, 12124, 100,-1,0
 346, 12123, 12124, 100,-1,0
 346, 12123, 12124, 100,-1,0
 346, 12123, 12124, 100,-1,0
 346, 12123, 12124, 100,-1,0
 346, 12123, 12124, 100,-1,0
 346, 12123, 12124, 100,-1,0
 346, 12123, 12124, 100,-1,0
 347, 12123, 12124, 100,-1,0
 347, 12123, 12124, 100,-1,0
 347, 12123, 12124, 100,-1,0
 347, 12123, 12124, 100,-1,0
 347, 12123, 12124, 100,-1,0
 347, 12123, 12124, 100,-1,0
 347, 12123, 12124, 100,-1,0
 347, 12123, 12124, 100,-1,0
 347, 12123, 12124, 100,-1,0
 347, 12123, 12124, 100,-1,0
 348, 12123, 12124, 100,-1,0
 348, 12123, 12124, 100,-1,0
 348, 12123, 12124, 100,-1,0
 348, 12123, 12124, 100,-1,0
 348, 12123, 12124, 100,-1,0
 348, 12123, 12124, 100,-1,0
 348, 12123, 12124, 100,-1,0
 348, 12123, 12124, 100,-1,0
 348, 12123, 12124, 100,-1,0
 348, 12123, 12124, 100,-1,0
 349, 12123, 12124, 100,-1,0
 349, 12123, 12124, 100,-1,0
 349, 12123, 12124, 100,-1,0
 349, 12123, 12124, 100,-1,0
 349, 12123, 12124, 100,-1,0
 349, 12123, 12124, 100,-1,0
 349, 12123, 12124, 100,-1,0
 349, 12123, 12124, 100,-1,0
 349, 12123, 12124, 100,-1,0
 349, 12123, 12124, 100,-1,0
 350, 12123, 12124, 100,-1,0
 350, 12123, 12124, 100,-1,0
 350, 12123, 12124, 100,-1,0
 350, 12123, 12124, 100,-1,0
 350, 12123, 12124, 100,-1,0
 350, 12123, 12124, 100,-1,0
 350, 12123, 12124, 100,-1,0
 350, 12123, 12124, 100,-1,0
 350, 12123, 12124, 100,-1,0
 350, 12123, 12124, 100,-1,0
 351, 12123, 12124, 100,-1,0
 351, 12123, 12124, 100,-1,0
 351, 12123, 12124, 100,-1,0
 351, 12123, 12124, 100,-1,0
 351, 12123, 12124, 100,-1,0
 351, 12123, 12124, 100,-1,0
 351, 12123, 12124, 100,-1,0
 351, 12123, 12124, 100,-1,0
 351, 12123, 12124, 100,-1,0
 352, 12123, 12124, 100,-1,0
 352, 12123, 12124, 100,-1,0
 352, 12123, 12124, 100,-1,0
 352, 12123, 12124, 100,-1,0
 352, 12123, 12124, 100,-1,0
 352, 12123, 12124, 100,-1,0
 352, 12123, 12124, 100,-1,0
 352, 12123, 12124, 100,-1,0
 352, 12123, 12124, 100,-1,0
 352, 12123, 12124, 100,-1,0
 353, 12123, 12124, 100,-1,0
 353, 12123, 12124, 100,-1,0
 353, 12123, 12124, 100,-1,0
 353, 12123, 12124, 100,-1,0
 353, 12123, 12124, 100,-1,0
 353, 12123, 12124, 100,-1,0
 353, 12123, 12124, 100,-1,0
 353, 12123, 12124, 100,-1,0
 353, 12123, 12124, 100,-1,0
 353, 12123, 12124, 100,-1,0
 354, 12123, 12124, 100,-1,0
 354, 12123, 12124, 100,-1,0
 354, 12123, 12124, 100,-1,0
 354, 12123, 12124, 100,-1,0
 354, 12123, 12124, 100,-1,0
 354, 12123, 12124, 100,-1,0
 354, 12123, 12124, 100,-1,0
 354, 12123, 12124, 100,-1,0
 354, 12123, 12124, 100,-1,0
 354, 12123, 12124, 100,-1,0
 355, 12123, 12124, 100,-1,0
 355, 12123, 12124, 100,-1,0
 355, 12123, 12124, 100,-1,0
 355, 12123, 12124, 100,-1,0
 355, 12123, 12124, 100,-1,0
 355, 12123, 12124, 100,-1,0
 355, 12123, 12124, 100,-1,0
 355, 12123, 12124, 100,-1,0
 355, 12123, 12124, 100,-1,0
 355, 12123, 12124, 100,-1,0
 356, 12123, 12124, 100,-1,0
 356, 12123, 12124, 100,-1,0
 356, 12123, 12124, 100,-1,0
 356, 12123, 12124, 100,-1,0
 356, 12123, 12124, 100,-1,0
 356, 12123, 12124, 100,-1,0
 356, 12123, 12124, 100,-1,0
 356, 12123, 12124, 100,-1,0
 356, 12123, 12124, 100,-1,0
 356, 12123, 12124, 100,-1,0
 357, 12123, 12124, 100,-1,0
 357, 12123, 12124, 100,-1,0
 357, 12123, 12124, 100,-1,0
 357, 12123, 12124, 100,-1,0
 357, 12123, 12124, 100,-1,0
 357, 12123, 12124, 100,-1,0
 357, 12123, 12124, 100,-1,0
 357, 12123, 12124, 100,-1,0
 357, 12123, 12124, 100,-1,0
 357, 12123, 12124, 100,-1,0
 358, 12123, 12124, 100,-1,0
 358, 12123, 12124, 100,-1,0
 358, 12123, 12124, 100,-1,0
 358, 12123, 12124, 100,-1,0
 358, 12123, 12124, 100,-1,0
 358, 12123, 12124, 100,-1,0
 358, 12123, 12124, 100,-1,0
 358, 12123, 12124, 100,-1,0
 358, 12123, 12124, 100,-1,0
 358, 12123, 12124, 100,-1,0
 359, 12123, 12124, 100,-1,0
 359, 12123, 12124, 100,-1,0
 359, 12123, 12124, 100,-1,0
 359, 12123, 12124, 100,-1,0
 359, 12123, 12124, 100,-1,0
 359, 12123, 12124, 100,-1,0
 359, 12123, 12124, 100,-1,0
 359, 12123, 12124, 100,-1,0
 359, 12123, 12124, 100,-1,0
 359, 12123, 12124, 100,-1,0
 360, 12123, 12124, 100,-1,0
 360, 12123, 12124, 100,-1,0
 360, 12123, 12124, 100,-1,0
 360, 12123, 12124, 100,-1,0
 360, 12123, 12124, 100,-1,0
 360, 12123, 12124, 100,-1,0
 360, 12123, 12124, 100,-1,0
 360, 12123, 12124, 100,-1,0
 360, 12123, 12124, 100,-1,0
 360, 12123, 12124, 100,-1,0
 361, 12123, 12124, 100,-1,0
 361, 12123, 12124, 100,-1,0
 361, 12123, 12124, 100,-1,0
 361, 12123, 12124, 100,-1,0
 361, 12123, 12124, 100,-1,0
 361, 12123, 12124, 100,-1,0
 361, 12123, 12124, 100,-1,0
 361, 12123, 12124, 100,-1,0
 361, 12123, 12124, 100,-1,0
 361, 12123, 12124, 100,-1,0
 362, 12123, 12124, 100,-1,0
 362, 12123, 12124, 100,-1,0
 362, 12123, 12124, 100,-1,0
 362, 12123, 12124, 100,-1,0
 362, 12123, 12124, 100,-1,0
 362, 12123, 12124, 100,-1,0
 362, 12123, 12124, 100,-1,0
 362, 12123, 12124, 100,-1,0
 362, 12123, 12124, 100,-1,0
 362, 12123, 12124, 100,-1,0
 363, 12123, 12124, 100,-1,0
 363, 12123, 12124, 100,-1,0
 363, 12123, 12124, 100,-1,0
 363, 12123, 12124, 100,-1,0
 363, 12123, 12124, 100,-1,0
 363, 12123, 12124, 100,-1,0
 363, 12123, 12124, 100,-1,0
 363, 12123, 12124, 100,-1,0
 363, 12123, 12124, 100,-1,0
 364, 12123, 12124, 100,-1,0
 364, 12123, 12124, 100,-1,0
 364, 12123, 12124, 100,-1,0
 364, 12123, 12124, 100,-1,0
 364, 12123, 12124, 100,-1,0
 364, 12123, 12124, 100,-1,0
 364, 12123, 12124, 100,-1,0
 364, 12123, 12124, 100,-1,0
 364, 12123, 12124, 100,-1,0
 364, 12123, 12124, 100,-1,0
 365, 12123, 12124, 100,-1,0
 365, 12123, 12124, 100,-1,0
 365, 12123, 12124, 100,-1,0
 365, 12123, 12124, 100,-1,0
 365, 12123, 12124, 100,-1,0
 365, 12123, 12124, 100,-1,0
 365, 12123, 12124, 100,-1,0
 365, 12123, 12124, 100,-1,0
 365, 12123, 12124, 100,-1,0
 365, 12123, 12124, 100,-1,0
 366, 12123, 12124, 100,-1,0
 366, 12123, 12124, 100,-1,0
 366, 12123, 12124, 100,-1,0
 366, 12123, 12124, 100,-1,0
 366, 12123, 12124, 100,-1,0
 366, 12123, 12124, 100,-1,0
 366, 12123, 12124, 100,-1,0
 366, 12123, 12124, 100,-1,0
 366, 12123, 12124, 100,-1,0
 366, 12123, 12124, 100,-1,0
 367, 12123, 12124, 100,-1,0
 367, 12123, 12124, 100,-1,0
 367, 12123, 12124, 100,-1,0
 367, 12123, 12124, 100,-1,0
 367, 12123, 12124, 100,-1,0
 367, 12123, 12124, 100,-1,0
 367, 12123, 12124, 100,-1,0
 367, 12123, 12124, 100,-1,0
 367, 12123, 12124, 100,-1,0
 367, 12123, 12124, 100,-1,0
 368, 12123, 12124, 100,-1,0
 368, 12123, 12124, 100,-1,0
 368, 12123, 12124, 100,-1,0
 368, 12123, 12124, 100,-1,0
 368, 12123, 12124, 100,-1,0
 368, 12123, 12124, 100,-1,0
 368, 12123, 12124, 100,-1,0
 368, 12123, 12124, 100,-1,0
 368, 12123, 12124, 100,-1,0
 368, 12123, 12124, 100,-1,0
 369, 12123, 12124, 100,-1,0
 369, 12123, 12124, 100,-1,0
 369, 12123, 12124, 100,-1,0
 369, 12123, 12124, 100,-1,0
 369, 12123, 12124, 100,-1,0
 369, 12123, 12124, 100,-1,0
 369, 12123, 12124, 100,-1,0
 369, 12123, 12124, 100,-1,0
 369, 12123, 12124, 100,-1,0
 369, 12123, 12124, 100,-1,0
 370, 12123, 12124, 100,-1,0
 370, 12123, 12124, 100,-1,0
 370, 12123, 12124, 100,-1,0
 370, 12123, 12124, 100,-1,0
 370, 12123, 12124, 100,-1,0
 370, 12123, 12124, 100,-1,0
 370, 12123, 12124, 100,-1,0
 370, 12123, 12124, 100,-1,0
 370, 12123, 12124, 100,-1,0
 370, 12123, 12124, 100,-1,0
 371, 12123, 12124, 100,-1,0
 371, 12123, 12124, 100,-1,0
 371, 12123, 12124, 100,-1,0
 371, 12123, 12124, 100,-1,0
 371, 12123, 12124, 100,-1,0
 371, 12123, 12124, 100,-1,0
 371, 12123, 12124, 100,-1,0
 371, 12123, 12124, 100,-1,0
 371, 12123, 12124, 100,-1,0
 371, 12123, 12124, 100,-1,0
 372, 12123, 12124, 100,-1,0
 372, 12123, 12124, 100,-1,0
 372, 12123, 12124, 100,-1,0
 372, 12123, 12124, 100,-1,0
 372, 12123, 12124, 100,-1,0
 372, 12123, 12124, 100,-1,0
 372, 12123, 12124, 100,-1,0
 372, 12123, 12124, 100,-1,0
 372, 12123, 12124, 100,-1,0
 373, 12123, 12124, 100,-1,0
 373, 12123, 12124, 100,-1,0
 373, 12123, 12124, 100,-1,0
 373, 12123, 12124, 100,-1,0
 373, 12123, 12124, 100,-1,0
 373, 12123, 12124, 100,-1,0
 373, 12123, 12124, 100,-1,0
 373, 12123, 12124, 100,-1,0
 373, 12123, 12124, 100,-1,0
 373, 12123, 12124, 100,-1,0
 374, 12123, 12124, 100,-1,0
 374, 12123, 12124, 100,-1,0
 374, 12123, 12124, 100,-1,0
 374, 12123, 12124, 100,-1,0
 374, 12123, 12124, 100,-1,0
 374, 12123, 12124, 100,-1,0
 374, 12123, 12124, 100,-1,0
 374, 12123, 12124, 100,-1,0
 374, 12123, 12124, 100,-1,0
 374, 12123, 12124, 100,-1,0
 375, 12123, 12124, 100,-1,0
 375, 12123, 12124, 100,-1,0
 375, 12123, 12124, 100,-1,0
 375, 12123, 12124, 100,-1,0
 375, 12123, 12124, 100,-1,0
 375, 12123, 12124, 100,-1,0
 375, 12123, 12124, 100,-1,0
 375, 12123, 12124, 100,-1,0
 375, 12123, 12124, 100,-1,0
 375, 12123, 12124, 100,-1,0
 376, 12123, 12124, 100,-1,0
 376, 12123, 12124, 100,-1,0
 376, 12123, 12124, 100,-1,0
 376, 12123, 12124, 100,-1,0
 376, 12123, 12124, 100,-1,0
 376, 12123, 12124, 100,-1,0
 376, 12123, 12124, 100,-1,0
 376, 12123, 12124, 100,-1,0
 376, 12123, 12124, 100,-1,0
 376, 12123, 12124, 100,-1,0
 377, 12123, 12124, 100,-1,0
 377, 12123, 12124, 100,-1,0
 377, 12123, 12124, 100,-1,0
 377, 12123, 12124, 100,-1,0
 377, 12123, 12124, 100,-1,0
 377, 12123, 12124, 100,-1,0
 377, 12123, 12124, 100,-1,0
 377, 12123, 12124, 100,-1,0
 377, 12123, 12124, 100,-1,0
 377, 12123, 12124, 100,-1,0
 378, 12123, 12124, 100,-1,0
 378, 12123, 12124, 100,-1,0
 378, 12123, 12124, 100,-1,0
 378, 12123, 12124, 100,-1,0
 378, 12123, 12124, 100,-1,0
 378, 12123, 12124, 100,-1,0
 378, 12123, 12124, 100,-1,0
 378, 12123, 12124, 100,-1,0
 378, 12123, 12124, 100,-1,0
 378, 12123, 12124, 100,-1,0
 379, 12123, 12124, 100,-1,0
 379, 12123, 12124, 100,-1,0
 379, 12123, 12124, 100,-1,0
 379, 12123, 12124, 100,-1,0
 379, 12123, 12124, 100,-1,0
 379, 12123, 12124, 100,-1,0
 379, 12123, 12124, 100,-1,0
 379, 12123, 12124, 100,-1,0
 379, 12123, 12124, 100,-1,0
 380, 12123, 12124, 100,-1,0
 380, 12123, 12124, 100,-1,0
 380, 12123, 12124, 100,-1,0
 380, 12123, 12124, 100,-1,0
 380, 12123, 12124, 100,-1,0
 380, 12123, 12124, 100,-1,0
 380, 12123, 12124, 100,-1,0
 380, 12123, 12124, 100,-1,0
 380, 12123, 12124, 100,-1,0
 380, 12123, 12124, 100,-1,0
 381, 12123, 12124, 100,-1,0
 381, 12123, 12124, 100,-1,0
 381, 12123, 12124, 100,-1,0
 381, 12123, 12124, 100,-1,0
 381, 12123, 12124, 100,-1,0
 381, 12123, 12124, 100,-1,0
 381, 12123, 12124, 100,-1,0
 381, 12123, 12124, 100,-1,0
 381, 12123, 12124, 100,-1,0
 381, 12123, 12124, 100,-1,0
 382, 12123, 12124, 100,-1,0
 382, 12123, 12124, 100,-1,0
 382, 12123, 12124, 100,-1,0
 382, 12123, 12124, 100,-1,0
 382, 12123, 12124, 100,-1,0
 382, 12123, 12124, 100,-1,0
 382, 12123, 12124, 100,-1,0
 382, 12123, 12124, 100,-1,0
 382, 12123, 12124, 100,-1,0
 382, 12123, 12124, 100,-1,0
 383, 12123, 12124, 100,-1,0
 383, 12123, 12124, 100,-1,0
 383, 12123, 12124, 100,-1,0
 383, 12123, 12124, 100,-1,0
 383, 12123, 12124, 100,-1,0
 383, 12123, 12124, 100,-1,0
 383, 12123, 12124, 100,-1,0
 383, 12123, 12124, 100,-1,0
 383, 12123, 12124, 100,-1,0
 383, 12123, 12124, 100,-1,0
 384, 12123, 12124, 100,-1,0
 384, 12123, 12124, 100,-1,0
 384, 12123, 12124, 100,-1,0
 384, 12123, 12124, 100,-1,0
 384, 12123, 12124, 100,-1,0
 384, 12123, 12124, 100,-1,0
 384, 12123, 12124, 100,-1,0
 384, 12123, 12124, 100,-1,0
 384, 12123, 12124, 100,-1,0
 384, 12123, 12124, 100,-1,0
 385, 12123, 12124, 100,-1,0
 385, 12123, 12124, 100,-1,0
 385, 12123, 12124, 100,-1,0
 385, 12123, 12124, 100,-1,0
 385, 12123, 12124, 100,-1,0
 385, 12123, 12124, 100,-1,0
 385, 12123, 12124, 100,-1,0
 385, 12123, 12124, 100,-1,0
 385, 12123, 12124, 100,-1,0
 385, 12123, 12124, 100,-1,0
 386, 12123, 12124, 100,-1,0
 386, 12123, 12124, 100,-1,0
 386, 12123, 12124, 100,-1,0
 386, 12123, 12124, 100,-1,0
 386, 12123, 12124, 100,-1,0
 386, 12123, 12124, 100,-1,0
 386, 12123, 12124, 100,-1,0
 386, 12123, 12124, 100,-1,0
 386, 12123, 12124, 100,-1,0
 386, 12123, 12124, 100,-1,0
 387, 12123, 12124, 100,-1,0
 387, 12123, 12124, 100,-1,0
 387, 12123, 12124, 100,-1,0
 387, 12123, 12124, 100,-1,0
 387, 12123, 12124, 100,-1,0
 387, 12123, 12124, 100,-1,0
 387, 12123, 12124, 100,-1,0
 387, 12123, 12124, 100,-1,0
 387, 12123, 12124, 100,-1,0
 387, 12123, 12124, 100,-1,0
 388, 12123, 12124, 100,-1,0
 388, 12123, 12124, 100,-1,0
 388, 12123, 12124, 100,-1,0
 388, 12123, 12124, 100,-1,0
 388, 12123, 12124, 100,-1,0
 388, 12123, 12124, 100,-1,0
 388, 12123, 12124, 100,-1,0
 388, 12123, 12124, 100,-1,0
 388, 12123, 12124, 100,-1,0
 388, 12123, 12124, 100,-1,0
 389, 12123, 12124, 100,-1,0
 389, 12123, 12124, 100,-1,0
 389, 12123, 12124, 100,-1,0
 389, 12123, 12124, 100,-1,0
 389, 12123, 12124, 100,-1,0
 389, 12123, 12124, 100,-1,0
 389, 12123, 12124, 100,-1,0
 389, 12123, 12124, 100,-1,0
 389, 12123, 12124, 100,-1,0
 390, 12123, 12124, 100,-1,0
 390, 12123, 12124, 100,-1,0
 390, 12123, 12124, 100,-1,0
 390, 12123, 12124, 100,-1,0
 390, 12123, 12124, 100,-1,0
 390, 12123, 12124, 100,-1,0
 390, 12123, 12124, 100,-1,0
 390, 12123, 12124, 100,-1,0
 390, 12123, 12124, 100,-1,0
 390, 12123, 12124, 100,-1,0
 391, 12123, 12124, 100,-1,0
 391, 12123, 12124, 100,-1,0
 391, 12123, 12124, 100,-1,0
 391, 12123, 12124, 100,-1,0
 391, 12123, 12124, 100,-1,0
 391, 12123, 12124, 100,-1,0
 391, 12123, 12124, 100,-1,0
 391, 12123, 12124, 100,-1,0
 391, 12123, 12124, 100,-1,0
 391, 12123, 12124, 100,-1,0
 392, 12123, 12124, 100,-1,0
 392, 12123, 12124, 100,-1,0
 392, 12123, 12124, 100,-1,0
 392, 12123, 12124, 100,-1,0
 392, 12123, 12124, 100,-1,0
 392, 12123, 12124, 100,-1,0
 392, 12123, 12124, 100,-1,0
 392, 12123, 12124, 100,-1,0
 392, 12123, 12124, 100,-1,0
 392, 12123, 12124, 100,-1,0
 393, 12123, 12124, 100,-1,0
 393, 12123, 12124, 100,-1,0
 393, 12123, 12124, 100,-1,0
 393, 12123, 12124, 100,-1,0
 393, 12123, 12124, 100,-1,0
 393, 12123, 12124, 100,-1,0
 393, 12123, 12124, 100,-1,0
 393, 12123, 12124, 100,-1,0
 393, 12123, 12124, 100,-1,0
 393, 12123, 12124, 100,-1,0
 394, 12123, 12124, 100,-1,0
 394, 12123, 12124, 100,-1,0
 394, 12123, 12124, 100,-1,0
 394, 12123, 12124, 100,-1,0
 394, 12123, 12124, 100,-1,0
 394, 12123, 12124, 100,-1,0
 394, 12123, 12124, 100,-1,0
 394, 12123, 12124, 100,-1,0
 394, 12123, 12124, 100,-1,0
 394, 12123, 12124, 100,-1,0
 395, 12123, 12124, 100,-1,0
 395, 12123, 12124, 100,-1,0
 395, 12123, 12124, 100,-1,0
 395, 12123, 12124, 100,-1,0
 395, 12123, 12124, 100,-1,0
 395, 12123, 12124, 100,-1,0
 395, 12123, 12124, 100,-1,0
 395, 12123, 12124, 100,-1,0
 395, 12123, 12124, 100,-1,0
 395, 12123, 12124, 100,-1,0
 396, 12123, 12124, 100,-1,0
 396, 12123, 12124, 100,-1,0
 396, 12123, 12124, 100,-1,0
 396, 12123, 12124, 100,-1,0
 396, 12123, 12124, 100,-1,0
 396, 12123, 12124, 100,-1,0
 396, 12123, 12124, 100,-1,0
 396, 12123, 12124, 100,-1,0
 396, 12123, 12124, 100,-1,0
 396, 12123, 12124, 100,-1,0
 397, 12123, 12124, 100,-1,0
 397, 12123, 12124, 100,-1,0
 397, 12123, 12124, 100,-1,0
 397, 12123, 12124, 100,-1,0
 397, 12123, 12124, 100,-1,0
 397, 12123, 12124, 100,-1,0
 397, 12123, 12124, 100,-1,0
 397, 12123, 12124, 100,-1,0
 397, 12123, 12124, 100,-1,0
 397, 12123, 12124, 100,-1,0
 398, 12123, 12124, 100,-1,0
 398, 12123, 12124, 100,-1,0
 398, 12123, 12124, 100,-1,0
 398, 12123, 12124, 100,-1,0
 398, 12123, 12124, 100,-1,0
 398, 12123, 12124, 100,-1,0
 398, 12123, 12124, 100,-1,0
 398, 12123, 12124, 100,-1,0
 398, 12123, 12124, 100,-1,0
 398, 12123, 12124, 100,-1,0
 399, 12123, 12124, 100,-1,0
 399, 12123, 12124, 100,-1,0
 399, 12123, 12124, 100,-1,0
 399, 12123, 12124, 100,-1,0
 399, 12123, 12124, 100,-1,0
 399, 12123, 12124, 100,-1,0
 399, 12123, 12124, 100,-1,0
 399, 12123, 12124, 100,-1,0
 399, 12123, 12124, 100,-1,0
 399, 12123, 12124, 100,-1,0
 400, 12123, 12124, 100,-1,0
 400, 12123, 12124, 100,-1,0
 400, 12123, 12124, 100,-1,0
 400, 12123, 12124, 100,-1,0
 400, 12123, 12124, 100,-1,0
 400, 12123, 12124, 100,-1,0
 400, 12123, 12124, 100,-1,0
 400, 12123, 12124, 100,-1,0
 400, 12123, 12124, 100,-1,0
 401, 12123, 12124, 100,-1,0
 401, 12123, 12124, 100,-1,0
 401, 12123, 12124, 100,-1,0
 401, 12123, 12124, 100,-1,0
 401, 12123, 12124, 100,-1,0
 401, 12123, 12124, 100,-1,0
 401, 12123, 12124, 100,-1,0
 401, 12123, 12124, 100,-1,0
 401, 12123, 12124, 100,-1,0
 401, 12123, 12124, 100,-1,0
 402, 12123, 12124, 100,-1,0
 402, 12123, 12124, 100,-1,0
 402, 12123, 12124, 100,-1,0
 402, 12123, 12124, 100,-1,0
 402, 12123, 12124, 100,-1,0
 402, 12123, 12124, 100,-1,0
 402, 12123, 12124, 100,-1,0
 402, 12123, 12124, 100,-1,0
 402, 12123, 12124, 100,-1,0
 402, 12123, 12124, 100,-1,0
 403, 12123, 12124, 100,-1,0
 403, 12123, 12124, 100,-1,0
 403, 12123, 12124, 100,-1,0
 403, 12123, 12124, 100,-1,0
 403, 12123, 12124, 100,-1,0
 403, 12123, 12124, 100,-1,0
 403, 12123, 12124, 100,-1,0
 403, 12123, 12124, 100,-1,0
 403, 12123, 12124, 100,-1,0
 403, 12123, 12124, 100,-1,0
 404, 12123, 12124, 100,-1,0
 404, 12123, 12124, 100,-1,0
 404, 12123, 12124, 100,-1,0
 404, 12123, 12124, 100,-1,0
 404, 12123, 12124, 100,-1,0
 404, 12123, 12124, 100,-1,0
 404, 12123, 12124, 100,-1,0
 404, 12123, 12124, 100,-1,0
 404, 12123, 12124, 100,-1,0
 404, 12123, 12124, 100,-1,0
 405, 12123, 12124, 100,-1,0
 405, 12123, 12124, 100,-1,0
 405, 12123, 12124, 100,-1,0
 405, 12123, 12124, 100,-1,0
 405, 12123, 12124, 100,-1,0
 405, 12123, 12124, 100,-1,0
 405, 12123, 12124, 100,-1,0
 405, 12123, 12124, 100,-1,0
 405, 12123, 12124, 100,-1,0
 405, 12123, 12124, 100,-1,0
 406, 12123, 12124, 100,-1,0
 406, 12123, 12124, 100,-1,0
 406, 12123, 12124, 100,-1,0
 406, 12123, 12124, 100,-1,0
 406, 12123, 12124, 100,-1,0
 406, 12123, 12124, 100,-1,0
 406, 12123, 12124, 100,-1,0
 406, 12123, 12124, 100,-1,0
 406, 12123, 12124, 100,-1,0
 406, 12123, 12124, 100,-1,0
 407, 12123, 12124, 100,-1,0
 407, 12123, 12124, 100,-1,0
 407, 12123, 12124, 100,-1,0
 407, 12123, 12124, 100,-1,0
 407, 12123, 12124, 100,-1,0
 407, 12123, 12124, 100,-1,0
 407, 12123, 12124, 100,-1,0
 407, 12123, 12124, 100,-1,0
 407, 12123, 12124, 100,-1,0
 407, 12123, 12124, 100,-1,0
 408, 12123, 12124, 100,-1,0
 408, 12123, 12124, 100,-1,0
 408, 12123, 12124, 100,-1,0
 408, 12123, 12124, 100,-1,0
 408, 12123, 12124, 100,-1,0
 408, 12123, 12124, 100,-1,0
 408, 12123, 12124, 100,-1,0
 408, 12123, 12124, 100,-1,0
 408, 12123, 12124, 100,-1,0
 409, 12123, 12124, 100,-1,0
 409, 12123, 12124, 100,-1,0
 409, 12123, 12124, 100,-1,0
 409, 12123, 12124, 100,-1,0
 409, 12123, 12124, 100,-1,0
 409, 12123, 12124, 100,-1,0
 409, 12123, 12124, 100,-1,0
 409, 12123, 12124, 100,-1,0
 409, 12123, 12124, 100,-1,0
 409, 12123, 12124, 100,-1,0
 410, 12123, 12124, 100,-1,0
 410, 12123, 12124, 100,-1,0
 410, 12123, 12124, 100,-1,0
 410, 12123, 12124, 100,-1,0
 410, 12123, 12124, 100,-1,0
 410, 12123, 12124, 100,-1,0
 410, 12123, 12124, 100,-1,0
 410, 12123, 12124, 100,-1,0
 410, 12123, 12124, 100,-1,0
 410, 12123, 12124, 100,-1,0
 411, 12123, 12124, 100,-1,0
 411, 12123, 12124, 100,-1,0
 411, 12123, 12124, 100,-1,0
 411, 12123, 12124, 100,-1,0
 411, 12123, 12124, 100,-1,0
 411, 12123, 12124, 100,-1,0
 411, 12123, 12124, 100,-1,0
 411, 12123, 12124, 100,-1,0
 411, 12123, 12124, 100,-1,0
 411, 12123, 12124, 100,-1,0
 412, 12123, 12124, 100,-1,0
 412, 12123, 12124, 100,-1,0
 412, 12123, 12124, 100,-1,0
 412, 12123, 12124, 100,-1,0
 412, 12123, 12124, 100,-1,0
 412, 12123, 12124, 100,-1,0
 412, 12123, 12124, 100,-1,0
 412, 12123, 12124, 100,-1,0
 412, 12123, 12124, 100,-1,0
 412, 12123, 12124, 100,-1,0
 413, 12123, 12124, 100,-1,0
 413, 12123, 12124, 100,-1,0
 413, 12123, 12124, 100,-1,0
 413, 12123, 12124, 100,-1,0
 413, 12123, 12124, 100,-1,0
 413, 12123, 12124, 100,-1,0
 413, 12123, 12124, 100,-1,0
 413, 12123, 12124, 100,-1,0
 413, 12123, 12124, 100,-1,0
 413, 12123, 12124, 100,-1,0
 414, 12123, 12124, 100,-1,0
 414, 12123, 12124, 100,-1,0
 414, 12123, 12124, 100,-1,0
 414, 12123, 12124, 100,-1,0
 414, 12123, 12124, 100,-1,0
 414, 12123, 12124, 100,-1,0
 414, 12123, 12124, 100,-1,0
 414, 12123, 12124, 100,-1,0
 414, 12123, 12124, 100,-1,0
 414, 12123, 12124, 100,-1,0
 415, 12123, 12124, 100,-1,0
 415, 12123, 12124, 100,-1,0
 415, 12123, 12124, 100,-1,0
 415, 12123, 12124, 100,-1,0
 415, 12123, 12124, 100,-1,0
 415, 12123, 12124, 100,-1,0
 415, 12123, 12124, 100,-1,0
 415, 12123, 12124, 100,-1,0
 415, 12123, 12124, 100,-1,0
 416, 12123, 12124, 100,-1,0
 416, 12123, 12124, 100,-1,0
 416, 12123, 12124, 100,-1,0
 416, 12123, 12124, 100,-1,0
 416, 12123, 12124, 100,-1,0
 416, 12123, 12124, 100,-1,0
 416, 12123, 12124, 100,-1,0
 416, 12123, 12124, 100,-1,0
 416, 12123, 12124, 100,-1,0
 416, 12123, 12124, 100,-1,0
 417, 12123, 12124, 100,-1,0
 417, 12123, 12124, 100,-1,0
 417, 12123, 12124, 100,-1,0
 417, 12123, 12124, 100,-1,0
 417, 12123, 12124, 100,-1,0
 417, 12123, 12124, 100,-1,0
 417, 12123, 12124, 100,-1,0
 417, 12123, 12124, 100,-1,0
 417, 12123, 12124, 100,-1,0
 417, 12123, 12124, 100,-1,0
 418, 12123, 12124, 100,-1,0
 418, 12123, 12124, 100,-1,0
 418, 12123, 12124, 100,-1,0
 418, 12123, 12124, 100,-1,0
 418, 12123, 12124, 100,-1,0
 418, 12123, 12124, 100,-1,0
 418, 12123, 12124, 100,-1,0
 418, 12123, 12124, 100,-1,0
 418, 12123, 12124, 100,-1,0
 418, 12123, 12124, 100,-1,0
 419, 12123, 12124, 100,-1,0
 419, 12123, 12124, 100,-1,0
 419, 12123, 12124, 100,-1,0
 419, 12123, 12124, 100,-1,0
 419, 12123, 12124, 100,-1,0
 419, 12123, 12124, 100,-1,0
 419, 12123, 12124, 100,-1,0
 419, 12123, 12124, 100,-1,0
 419, 12123, 12124, 100,-1,0
 419, 12123, 12124, 100,-1,0
 420, 12123, 12124, 100,-1,0
 420, 12123, 12124, 100,-1,0
 420, 12123, 12124, 100,-1,0
 420, 12123, 12124, 100,-1,0
 420, 12123, 12124, 100,-1,0
 420, 12123, 12124, 100,-1,0
 420, 12123, 12124, 100,-1,0
 420, 12123, 12124, 100,-1,0
 420, 12123, 12124, 100,-1,0
 420, 12123, 12124, 100,-1,0
 421, 12123, 12124, 100,-1,0
 421, 12123, 12124, 100,-1,0
 421, 12123, 12124, 100,-1,0
 421, 12123, 12124, 100,-1,0
 421, 12123, 12124, 100,-1,0
 421, 12123, 12124, 100,-1,0
 421, 12123, 12124, 100,-1,0
 421, 12123, 12124, 100,-1,0
 421, 12123, 12124, 100,-1,0
 421, 12123, 12124, 100,-1,0
 422, 12123, 12124, 100,-1,0
 422, 12123, 12124, 100,-1,0
 422, 12123, 12124, 100,-1,0
 422, 12123, 12124, 100,-1,0
 422, 12123, 12124, 100,-1,0
 422, 12123, 12124, 100,-1,0
 422, 12123, 12124, 100,-1,0
 422, 12123, 12124, 100,-1,0
 422, 12123, 12124, 100,-1,0
 422, 12123, 12124, 100,-1,0
 423, 12123, 12124, 100,-1,0
 423, 12123, 12124, 100,-1,0
 423, 12123, 12124, 100,-1,0
 423, 12123, 12124, 100,-1,0
 423, 12123, 12124, 100,-1,0
 423, 12123, 12124, 100,-1,0
 423, 12123, 12124, 100,-1,0
 423, 12123, 12124, 100,-1,0
 423, 12123, 12124, 100,-1,0
 423, 12123, 12124, 100,-1,0
 424, 12123, 12124, 100,-1,0
 424, 12123, 12124, 100,-1,0
 424, 12123, 12124, 100,-1,0
 424, 12123, 12124, 100,-1,0
 424, 12123, 12124, 100,-1,0
 424, 12123, 12124, 100,-1,0
 424, 12123, 12124, 100,-1,0
 424, 12123, 12124, 100,-1,0
 424, 12123, 12124, 100,-1,0
 424, 12123, 12124, 100,-1,0
 425, 12123, 12124, 100,-1,0
 425, 12123, 12124, 100,-1,0
 425, 12123, 12124, 100,-1,0
 425, 12123, 12124, 100,-1,0
 425, 12123, 12124, 100,-1,0
 425, 12123, 12124, 100,-1,0
 425, 12123, 12124, 100,-1,0
 425, 12123, 12124, 100,-1,0
 425, 12123, 12124, 100,-1,0
 425, 12123, 12124, 100,-1,0
 426, 12123, 12124, 100,-1,0
 426, 12123, 12124, 100,-1,0
 426, 12123, 12124, 100,-1,0
 426, 12123, 12124, 100,-1,0
 426, 12123, 12124, 100,-1,0
 426, 12123, 12124, 100,-1,0
 426, 12123, 12124, 100,-1,0
 426, 12123, 12124, 100,-1,0
 426, 12123, 12124, 100,-1,0
 427, 12123, 12124, 100,-1,0
 427, 12123, 12124, 100,-1,0
 427, 12123, 12124, 100,-1,0
 427, 12123, 12124, 100,-1,0
 427, 12123, 12124, 100,-1,0
 427, 12123, 12124, 100,-1,0
 427, 12123, 12124, 100,-1,0
 427, 12123, 12124, 100,-1,0
 427, 12123, 12124, 100,-1,0
 427, 12123, 12124, 100,-1,0
 428, 12123, 12124, 100,-1,0
 428, 12123, 12124, 100,-1,0
 428, 12123, 12124, 100,-1,0
 428, 12123, 12124, 100,-1,0
 428, 12123, 12124, 100,-1,0
 428, 12123, 12124, 100,-1,0
 428, 12123, 12124, 100,-1,0
 428, 12123, 12124, 100,-1,0
 428, 12123, 12124, 100,-1,0
 428, 12123, 12124, 100,-1,0
 429, 12123, 12124, 100,-1,0
 429, 12123, 12124, 100,-1,0
 429, 12123, 12124, 100,-1,0
 429, 12123, 12124, 100,-1,0
 429, 12123, 12124, 100,-1,0
 429, 12123, 12124, 100,-1,0
 429, 12123, 12124, 100,-1,0
 429, 12123, 12124, 100,-1,0
 429, 12123, 12124, 100,-1,0
 429, 12123, 12124, 100,-1,0
 430, 12123, 12124, 100,-1,0
 430, 12123, 12124, 100,-1,0
 430, 12123, 12124, 100,-1,0
 430, 12123, 12124, 100,-1,0
 430, 12123, 12124, 100,-1,0
 430, 12123, 12124, 100,-1,0
 430, 12123, 12124, 100,-1,0
 430, 12123, 12124, 100,-1,0
 430, 12123, 12124, 100,-1,0
 430, 12123, 12124, 100,-1,0
 431, 12123, 12124, 100,-1,0
 431, 12123, 12124, 100,-1,0
 431, 12123, 12124, 100,-1,0
 431, 12123, 12124, 100,-1,0
 431, 12123, 12124, 100,-1,0
 431, 12123, 12124, 100,-1,0
 431, 12123, 12124, 100,-1,0
 431, 12123, 12124, 100,-1,0
 431, 12123, 12124, 100,-1,0
 431, 12123, 12124, 100,-1,0
 432, 12123, 12124, 100,-1,0
 432, 12123, 12124, 100,-1,0
 432, 12123, 12124, 100,-1,0
 432, 12123, 12124, 100,-1,0
 432, 12123, 12124, 100,-1,0
 432, 12123, 12124, 100,-1,0
 432, 12123, 12124, 100,-1,0
 432, 12123, 12124, 100,-1,0
 432, 12123, 12124, 100,-1,0
 432, 12123, 12124, 100,-1,0
 433, 12123, 12124, 100,-1,0
 433, 12123, 12124, 100,-1,0
 433, 12123, 12124, 100,-1,0
 433, 12123, 12124, 100,-1,0
 433, 12123, 12124, 100,-1,0
 433, 12123, 12124, 100,-1,0
 433, 12123, 12124, 100,-1,0
 433, 12123, 12124, 100,-1,0
 433, 12123, 12124, 100,-1,0
 433, 12123, 12124, 100,-1,0
 434, 12123, 12124, 100,-1,0
 434, 12123, 12124, 100,-1,0
 434, 12123, 12124, 100,-1,0
 434, 12123, 12124, 100,- 1,  434, 12123, 12124, 1 1, 6138 434, 12123, 1212 2, 6138, 12 434, 12123,  2, 6138, 12124, 434, 121 2, 6138, 12124, 51, 434, 2, 6138, 12124, 51,-1,0  2, 6138, 12124, 51,-1,0
 2, 6138, 12124, 51,-1,0
 2, 6138, 12124, 51,-1,0
 2, 6138, 12124, 51,-1,0
 2, 6138, 12124, 51,-1,0
 2, 6138, 12124, 51,-1,0
 3, 6138, 12124, 51,-1,0
 3, 6138, 12124, 51,-1,0
 3, 6138, 12124, 51,-1,0
 3, 6138, 12124, 51,-1,0
 3, 6138, 12124, 51,-1,0
 3, 6138, 12124, 51,-1,0
 3, 6138, 12124, 51,-1,0
 3, 6138, 12124, 51,-1,0
 3, 6138, 12124, 51,-1,0
 3, 6138, 12124, 51,-1,0
 4, 6138, 12124, 51,-1,0
 4, 6138, 12124, 51,-1,0
 4, 6138, 12124, 51,-1,0
 4, 6138, 12124, 51,-1,0
 4, 6138, 12124, 51,-1,0
 4, 6138, 12124, 51,-1,0
 4, 6138, 12124, 51,-1,0
 4, 6138, 12124, 51,-1,0
 4, 6138, 12124, 51,-1,0
 4, 5273, 12124, 43,-1,0
 5, 5273, 12124, 43,-1,0
 5, 5134, 12124, 42,-1,0
 5, 5134, 12124, 42,-1,0
 5, 5134, 12124, 42,-1,0
 5, 5134, 12124, 42,-1,0
 5, 5134, 12124, 42,-1,0
 5, 5134, 12124, 42,-1,0
 5, 5134, 12124, 42,-1,0
 5, 5134, 12124, 42,-1,0
 5, 5134, 12124, 42,-1,0
 6, 5134, 12124, 42,-1,0
 6, 5134, 12124, 42,-1,0
 6, 5134, 12124, 42,-1,0
 6, 5134, 12124, 42,-1,0
 6, 5134, 12124, 42,-1,0
 6, 5134, 12124, 42,-1,0
 6, 5134, 12124, 42,-1,0
 6, 5134, 12124, 42,-1,0
 6, 5134, 12124, 42,-1,0
 6, 5134, 12124, 42,-1,0
 7, 5134, 12124, 42,-1,0
 7, 5134, 12124, 42,-1,0
 7, 5134, 12124, 42,-1,0
 7, 5134, 12124, 42,-1,0
 7, 5134, 12124, 42,-1,0
 7, 5134, 12124, 42,-1,0
 7, 5134, 12124, 42,-1,0
 7, 5134, 12124, 42,-1,0
 7, 5134, 12124, 42,-1,0
 7, 5134, 12124, 42,-1,0
 8, 5134, 12124, 42,-1,0
 8, 5134, 12124, 42,-1,0
 8, 5134, 12124, 42,-1,0
 8, 5134, 12124, 42,-1,0
 8, 5273, 12124, 43,-1,0
 8, 5273, 12124, 43,-1,0
 8, 6138, 12124, 51,-1,0
 8, 6138, 12124, 51,-1,0
 8, 6138, 12124, 51,-1,0
 9, 5271, 12124, 43,-1,0
 9, 6138, 12124, 51,-1,0
1,0
 9, 5123, 12124, 42,-1,0
 9, 5271, 12124, 43,-1,0
 9, 6138, 12124, 51,-1,0
124, 100,-1,0
 441, 12123, 12124, 100,-1,0
 441, 12123, 12124, 100,-1,0
 441, 12123, 12124, 100,-1,0
 441, 12123, 12124, 100,-1,0
 441, 12123, 12124, 100,-1,0
 441, 12123, 12124, 100,-1,0
 441, 12123, 12124, 100,-1,0
 441, 12123, 12124, 100,-1,0
 441, 12123, 12124, 100,-1,0
 442, 12123, 12124, 100,-1,0
 442, 12123, 12124, 100,-1,0
 442, 12123, 12124, 100,-1,0
 442, 12123, 12124, 100,-1,0
 442, 12123, 12124, 100,-1,0
 442, 12123, 12124, 100,-1,0
 442, 12123, 12124, 100,-1,0
 442, 12123, 12124, 100,-1,0
 442, 12123, 12124, 100,-1,0
 442, 12123, 12124, 100,-1,0
 443, 12123, 12124, 100,-1,0
 443, 12123, 12124, 100,-1,0
 443, 12123, 12124, 100,-1,0
 443, 12123, 12124, 100,-1,0
 443, 12123, 12124, 100,-1,0
 443, 12123, 12124, 100,-1,0
 443, 12123, 12124, 100,-1,0
 443, 12123, 12124, 100,-1,0
 443, 12123, 12124, 100,-1,0
 443, 12123, 12124, 100,-1,0
 444, 12123, 12124, 100,-1,0
 444, 12123, 12124, 100,-1,0
 444, 12123, 12124, 100,-1,0
 444, 12123, 12124, 100,-1,0
 444, 12123, 12124, 100,-1,0
 444, 12123, 12124, 100,-1,0
 444, 12123, 12124, 100,-1,0
 444, 12123, 12124, 100,-1,0
 444, 12123, 12124, 100,-1,0
 444, 12123, 12124, 100,-1,0
 445, 12123, 12124, 100,-1,0
 445, 12123, 12124, 100,-1,0
 445, 12123, 12124, 100,-1,0
 445, 12123, 12124, 100,-1,0
 445, 12123, 12124, 100,-1,0
 445, 12123, 12124, 100,-1,0
 445, 12123, 12124, 100,-1,0
 445, 12123, 12124, 100,-1,0
 445, 12123, 12124, 100,-1,0
 445, 12123, 12124, 100,-1,0
 446, 12123, 12124, 100,-1,0
 446, 12123, 12124, 100,-1,0
 446, 12123, 12124, 100,-1,0
 446, 12123, 12124, 100,-1,0
 446, 12123, 12124, 100,-1,0
 446, 12123, 12124, 100,-1,0
 446, 12123, 12124, 100,-1,0
 446, 12123, 12124, 100,-1,0
 446, 12123, 12124, 100,-1,0
 446, 12123, 12124, 100,-1,0
 447, 12123, 12124, 100,-1,0
 447, 12123, 12124, 100,-1,0
 447, 12123, 12124, 100,-1,0
 447, 12123, 12124, 100,-1,0
 447, 12123, 12124, 100,-1,0
 447, 12123, 12124, 100,-1,0
 447, 12123, 12124, 100,-1,0
 447, 12123, 12124, 100,-1,0
 447, 12123, 12124, 100,-1,0
 447, 12123, 12124, 100,-1,0
 448, 12123, 12124, 100,-1,0
 448, 12123, 12124, 100,-1,0
 448, 12123, 12124, 100,-1,0
 448, 12123, 12124, 100,-1,0
 448, 12123, 12124, 100,-1,0
 448, 12123, 12124, 100,-1,0
 448, 12123, 12124, 100,-1,0
 448, 12123, 12124, 100,-1,0
 448, 12123, 12124, 100,-1,0
 448, 12123, 12124, 100,-1,0
 449, 12123, 12124, 100,-1,0
 449, 12123, 12124, 100,-1,0
 449, 12123, 12124, 100,-1,0
 449, 12123, 12124, 100,-1,0
 449, 12123, 12124, 100,-1,0
 449, 12123, 12124, 100,-1,0
 449, 12123, 12124, 100,-1,0
 449, 12123, 12124, 100,-1,0
 449, 12123, 12124, 100,-1,0
 450, 12123, 12124, 100,-1,0
 450, 12123, 12124, 100,-1,0
 450, 12123, 12124, 100,-1,0
 450, 12123, 12124, 100,-1,0
 450, 12123, 12124, 100,-1,0
 450, 12123, 12124, 100,-1,0
 450, 12123, 12124, 100,-1,0
 450, 12123, 12124, 100,-1,0
 450, 12123, 12124, 100,-1,0
 450, 12123, 12124, 100,-1,0
 451, 12123, 12124, 100,-1,0
 451, 12123, 12124, 100,-1,0
 451, 12123, 12124, 100,-1,0
 451, 12123, 12124, 100,-1,0
 451, 12123, 12124, 100,-1,0
 451, 12123, 12124, 100,-1,0
 451, 12123, 12124, 100,-1,0
 451, 12123, 12124, 100,-1,0
 451, 12123, 12124, 100,-1,0
 451, 12123, 12124, 100,-1,0
 452, 12123, 12124, 100,-1,0
 452, 12123, 12124, 100,-1,0
 452, 12123, 12124, 100,-1,0
 452, 12123, 12124, 100,-1,0
 452, 12123, 12124, 100,-1,0
 452, 12123, 12124, 100,-1,0
 452, 12123, 12124, 100,-1,0
 452, 12123, 12124, 100,-1,0
 452, 12123, 12124, 100,-1,0
 452, 12123, 12124, 100,-1,0
 453, 12123, 12124, 100,-1,0
 453, 12123, 12124, 100,-1,0
 453, 12123, 12124, 100,-1,0
 453, 12123, 12124, 100,-1,0
 453, 12123, 12124, 100,-1,0
 453, 12123, 12124, 100,-1,0
 453, 12123, 12124, 100,-1,0
 453, 12123, 12124, 100,-1,0
 453, 12123, 12124, 100,-1,0
 453, 12123, 12124, 100,-1,0
 454, 12123, 12124, 100,-1,0
 454, 12123, 12124, 100,-1,0
 454, 12123, 12124, 100,-1,0
 454, 12123, 12124, 100,-1,0
 454, 12123, 12124, 100,-1,0
 454, 12123, 12124, 100,-1,0
 454, 12123, 12124, 100,-1,0
 454, 12123, 12124, 100,-1,0
 454, 12123, 12124, 100,-1,0
 454, 12123, 12124, 100,-1,0
 455, 12123, 12124, 100,-1,0
 455, 12123, 12124, 100,-1,0
 455, 12123, 12124, 100,-1,0
 455, 12123, 12124, 100,-1,0
 455, 12123, 12124, 100,-1,0
 455, 12123, 12124, 100,-1,0
 455, 12123, 12124, 100,-1,0
 455, 12123, 12124, 100,-1,0
 455, 12123, 12124, 100,-1,0
 455, 12123, 12124, 100,-1,0
 456, 12123, 12124, 100,-1,0
 456, 12123, 12124, 100,-1,0
 456, 12123, 12124, 100,-1,0
 456, 12123, 12124, 100,-1,0
 456, 12123, 12124, 100,-1,0
 456, 12123, 12124, 100,-1,0
 456, 12123, 12124, 100,-1,0
 456, 12123, 12124, 100,-1,0
 456, 12123, 12124, 100,-1,0
 456, 12123, 12124, 100,-1,0
 457, 12123, 12124, 100,-1,0
 457, 12123, 12124, 100,-1,0
 457, 12123, 12124, 100,-1,0
 457, 12123, 12124, 100,-1,0
 457, 12123, 12124, 100,-1,0
 457, 12123, 12124, 100,-1,0
 457, 12123, 12124, 100,-1,0
 457, 12123, 12124, 100,-1,0
 457, 12123, 12124, 100,-1,0
 457, 12123, 12124, 100,-1,0
 458, 12123, 12124, 100,-1,0
 458, 12123, 12124, 100,-1,0
 458, 12123, 12124, 100,-1,0
 458, 12123, 12124, 100,-1,0
 458, 12123, 12124, 100,-1,0
 458, 12123, 12124, 100,-1,0
 458, 12123, 12124, 100,-1,0
 458, 12123, 12124, 100,-1,0
 458, 12123, 12124, 100,-1,0
 459, 12123, 12124, 100,-1,0
 459, 12123, 12124, 100,-1,0
 459, 12123, 12124, 100,-1,0
 459, 12123, 12124, 100,-1,0
 459, 12123, 12124, 100,-1,0
 459, 12123, 12124, 100,-1,0
 459, 12123, 12124, 100,-1,0
 459, 12123, 12124, 100,-1,0
 459, 12123, 12124, 100,-1,0
 459, 12123, 12124, 100,-1,0
 460, 12123, 12124, 100,-1,0
 460, 12123, 12124, 100,-1,0
 460, 12123, 12124, 100,-1,0
 460, 12123, 12124, 100,-1,0
 460, 12123, 12124, 100,-1,0
 460, 12123, 12124, 100,-1,0
 460, 12123, 12124, 100,-1,0
 460, 12123, 12124, 100,-1,0
 460, 12123, 12124, 100,-1,0
 460, 12123, 12124, 100,-1,0
 461, 12123, 12124, 100,-1,0
 461, 12123, 12124, 100,-1,0
 461, 12123, 12124, 100,-1,0
 461, 12123, 12124, 100,-1,0
 461, 12123, 12124, 100,-1,0
 461, 12123, 12124, 100,-1,0
 461, 12123, 12124, 100,-1,0
 461, 12123, 12124, 100,-1,0
 461, 12123, 12124, 100,-1,0
 461, 12123, 12124, 100,-1,0
 462, 12123, 12124, 100,-1,0
 462, 12123, 12124, 100,-1,0
 462, 12123, 12124, 100,-1,0
 462, 12123, 12124, 100,-1,0
 462, 12123, 12124, 100,-1,0
 462, 12123, 12124, 100,-1,0
 462, 12123, 12124, 100,-1,0
 462, 12123, 12124, 100,-1,0
 462, 12123, 12124, 100,-1,0
 462, 12123, 12124, 100,-1,0
 463, 12123, 12124, 100,-1,0
 463, 12123, 12124, 100,-1,0
 463, 12123, 12124, 100,-1,0
 463, 12123, 12124, 100,-1,0
 463, 12123, 12124, 100,-1,0
 463, 12123, 12124, 100,-1,0
 463, 12123, 12124, 100,-1,0
 463, 12123, 12124, 100,-1,0
 463, 12123, 12124, 100,-1,0
 463, 12123, 12124, 100,-1,0
 464, 12123, 12124, 100,-1,0
 464, 12123, 12124, 100,-1,0
 464, 12123, 12124, 100,-1,0
 464, 12123, 12124, 100,-1,0
 464, 12123, 12124, 100,-1,0
 464, 12123, 12124, 100,-1,0
 464, 12123, 12124, 100,-1,0
 464, 12123, 12124, 100,-1,0
 464, 12123, 12124, 100,-1,0
 464, 12123, 12124, 100,-1,0
 465, 12123, 12124, 100,-1,0
 465, 12123, 12124, 100,-1,0
 465, 12123, 12124, 100,-1,0
 465, 12123, 12124, 100,-1,0
 465, 12123, 12124, 100,-1,0
 465, 12123, 12124, 100,-1,0
 465, 12123, 12124, 100,-1,0
 465, 12123, 12124, 100,-1,0
 465, 12123, 12124, 100,-1,0
 466, 12123, 12124, 100,-1,0
 466, 12123, 12124, 100,-1,0
 466, 12123, 12124, 100,-1,0
 466, 12123, 12124, 100,-1,0
 466, 12123, 12124, 100,-1,0
 466, 12123, 12124, 100,-1,0
 466, 12123, 12124, 100,-1,0
 466, 12123, 12124, 100,-1,0
 466, 12123, 12124, 100,-1,0
 466, 12123, 12124, 100,-1,0
 467, 12123, 12124, 100,-1,0
 467, 12123, 12124, 100,-1,0
 467, 12123, 12124, 100,-1,0
 467, 12123, 12124, 100,-1,0
 467, 12123, 12124, 100,-1,0
 467, 12123, 12124, 100,-1,0
 467, 12123, 12124, 100,-1,0
 467, 12123, 12124, 100,-1,0
 467, 12123, 12124, 100,-1,0
 467, 12123, 12124, 100,-1,0
 468, 12123, 12124, 100,-1,0
 468, 12123, 12124, 100,-1,0
 468, 12123, 12124, 100,-1,0
 468, 12123, 12124, 100,-1,0
 468, 12123, 12124, 100,-1,0
 468, 12123, 12124, 100,-1,0
 468, 12123, 12124, 100,-1,0
 468, 12123, 12124, 100,-1,0
 468, 12123, 12124, 100,-1,0
 468, 12123, 12124, 100,-1,0
 469, 12123, 12124, 100,-1,0
 469, 12123, 12124, 100,-1,0
 469, 12123, 12124, 100,-1,0
 469, 12123, 12124, 100,-1,0
 469, 12123, 12124, 100,-1,0
 469, 12123, 12124, 100,-1,0
 469, 12123, 12124, 100,-1,0
 469, 12123, 12124, 100,-1,0
 469, 12123, 12124, 100,-1,0
 469, 12123, 12124, 100,-1,0
 470, 12123, 12124, 100,-1,0
 470, 12123, 12124, 100,-1,0
 470, 12123, 12124, 100,-1,0
 470, 12123, 12124, 100,-1,0
 470, 12123, 12124, 100,-1,0
 470, 12123, 12124, 100,-1,0
 470, 12123, 12124, 100,-1,0
 470, 12123, 12124, 100,-1,0
 470, 12123, 12124, 100,-1,0
 470, 12123, 12124, 100,-1,0
 471, 12123, 12124, 100,-1,0
 471, 12123, 12124, 100,-1,0
 471, 12123, 12124, 100,-1,0
 471, 12123, 12124, 100,-1,0
 471, 12123, 12124, 100,-1,0
 471, 12123, 12124, 100,-1,0
 471, 12123, 12124, 100,-1,0
 471, 12123, 12124, 100,-1,0
 471, 12123, 12124, 100,-1,0
 471, 12123, 12124, 100,-1,0
 472, 12123, 12124, 100,-1,0
 472, 12123, 12124, 100,-1,0
 472, 12123, 12124, 100,-1,0
 472, 12123, 12124, 100,-1,0
 472, 12123, 12124, 100,-1,0
 472, 12123, 12124, 100,-1,0
 472, 12123, 12124, 100,-1,0
 472, 12123, 12124, 100,-1,0
 472, 12123, 12124, 100,-1,0
 472, 12123, 12124, 100,-1,0
 473, 12123, 12124, 100,-1,0
 473, 12123, 12124, 100,-1,0
 473, 12123, 12124, 100,-1,0
 473, 12123, 12124, 100,-1,0
 473, 12123, 12124, 100,-1,0
 473, 12123, 12124, 100,-1,0
 473, 12123, 12124, 100,-1,0
 473, 12123, 12124, 100,-1,0
 473, 12123, 12124, 100,-1,0
 474, 12123, 12124, 100,-1,0
 474, 12123, 12124, 100,-1,0
 474, 12123, 12124, 100,-1,0
 474, 12123, 12124, 100,-1,0
 474, 12123, 12124, 100,-1,0
 474, 12123, 12124, 100,-1,0
 474, 12123, 12124, 100,-1,0
 474, 12123, 12124, 100,-1,0
 474, 12123, 12124, 100,-1,0
 474, 12123, 12124, 100,-1,0
 475, 12123, 12124, 100,-1,0
 475, 12123, 12124, 100,-1,0
 475, 12123, 12124, 100,-1,0
 475, 12123, 12124, 100,-1,0
 475, 12123, 12124, 100,-1,0
 475, 12123, 12124, 100,-1,0
 475, 12123, 12124, 100,-1,0
 475, 12123, 12124, 100,-1,0
 475, 12123, 12124, 100,-1,0
 475, 12123, 12124, 100,-1,0
 476, 12123, 12124, 100,-1,0
 476, 12123, 12124, 100,-1,0
 476, 12123, 12124, 100,-1,0
 476, 12123, 12124, 100,-1,0
 476, 12123, 12124, 100,-1,0
 476, 12123, 12124, 100,-1,0
 476, 12123, 12124, 100,-1,0
 476, 12123, 12124, 100,-1,0
 476, 12123, 12124, 100,-1,0
 477, 12123, 12124, 100,-1,0
 477, 12123, 12124, 100,-1,0
 477, 12123, 12124, 100,-1,0
 477, 12123, 12124, 100,-1,0
 477, 12123, 12124, 100,-1,0
 477, 12123, 12124, 100,-1,0
 477, 12123, 12124, 100,-1,0
 477, 12123, 12124, 100,-1,0
 477, 12123, 12124, 100,-1,0
 477, 12123, 12124, 100,-1,0
 478, 12123, 12124, 100,-1,0
 478, 12123, 12124, 100,-1,0
 478, 12123, 12124, 100,-1,0
 478, 12123, 12124, 100,-1,0
 478, 12123, 12124, 100,-1,0
 478, 12123, 12124, 100,-1,0
 478, 12123, 12124, 100,-1,0
 478, 12123, 12124, 100,-1,0
 478, 12123, 12124, 100,-1,0
 478, 12123, 12124, 100,-1,0
 479, 12123, 12124, 100,-1,0
 479, 12123, 12124, 100,-1,0
 479, 12123, 12124, 100,-1,0
 479, 12123, 12124, 100,-1,0
 479, 12123, 12124, 100,-1,0
 479, 12123, 12124, 100,-1,0
 479, 12123, 12124, 100,-1,0
 479, 12123, 12124, 100,-1,0
 479, 12123, 12124, 100,-1,0
 479, 12123, 12124, 100,-1,0
 480, 12123, 12124, 100,-1,0
 480, 12123, 12124, 100,-1,0
 480, 12123, 12124, 100,-1,0
 480, 12123, 12124, 100,-1,0
 480, 12123, 12124, 100,-1,0
 480, 12123, 12124, 100,-1,0
 480, 12123, 12124, 100,-1,0
 480, 12123, 12124, 100,-1,0
 480, 12123, 12124, 100,-1,0
 480, 12123, 12124, 100,-1,0
 481, 12123, 12124, 100,-1,0
 481, 12123, 12124, 100,-1,0
 481, 12123, 12124, 100,-1,0
 481, 12123, 12124, 100,-1,0
 481, 12123, 12124, 100,-1,0
 481, 12123, 12124, 100,-1,0
 481, 12123, 12124, 100,-1,0
 481, 12123, 12124, 100,-1,0
 481, 12123, 12124, 100,-1,0
 481, 12123, 12124, 100,-1,0
 482, 12123, 12124, 100,-1,0
 482, 12123, 12124, 100,-1,0
 482, 12123, 12124, 100,-1,0
 482, 12123, 12124, 100,-1,0
 482, 12123, 12124, 100,-1,0
 482, 12123, 12124, 100,-1,0
 482, 12123, 12124, 100,-1,0
 482, 12123, 12124, 100,-1,0
 482, 12123, 12124, 100,-1,0
 482, 12123, 12124, 100,-1,0
 483, 12123, 12124, 100,-1,0
 483, 12123, 12124, 100,-1,0
 483, 12123, 12124, 100,-1,0
 483, 12123, 12124, 100,-1,0
 483, 12123, 12124, 100,-1,0
 483, 12123, 12124, 100,-1,0
 483, 12123, 12124, 100,-1,0
 483, 12123, 12124, 100,-1,0
 483, 12123, 12124, 100,-1,0
 483, 12123, 12124, 100,-1,0
 484, 12123, 12124, 100,-1,0
 484, 12123, 12124, 100,-1,0
 484, 12123, 12124, 100,-1,0
 484, 12123, 12124, 100,-1,0
 484, 12123, 12124, 100,-1,0
 484, 12123, 12124, 100,-1,0
 484, 12123, 12124, 100,-1,0
 484, 12123, 12124, 100,-1,0
 484, 12123, 12124, 100,-1,0
 485, 12123, 12124, 100,-1,0
 485, 12123, 12124, 100,-1,0
 485, 12123, 12124, 100,-1,0
 485, 12123, 12124, 100,-1,0
 485, 12123, 12124, 100,-1,0
 485, 12123, 12124, 100,-1,0
 485, 12123, 12124, 100,-1,0
 485, 12123, 12124, 100,-1,0
 485, 12123, 12124, 100,-1,0
 485, 12123, 12124, 100,-1,0
 486, 12123, 12124, 100,-1,0
 486, 12123, 12124, 100,-1,0
 486, 12123, 12124, 100,-1,0
 486, 12123, 12124, 100,-1,0
 486, 12123, 12124, 100,-1,0
 486, 12123, 12124, 100,-1,0
 486, 12123, 12124, 100,-1,0
 486, 12123, 12124, 100,-1,0
 486, 12123, 12124, 100,-1,0
 486, 12123, 12124, 100,-1,0
 487, 12123, 12124, 100,-1,0
 487, 12123, 12124, 100,-1,0
 487, 12123, 12124, 100,-1,0
 487, 12123, 12124, 100,-1,0
 487, 12123, 12124, 100,-1,0
 487, 12123, 12124, 100,-1,0
 487, 12123, 12124, 100,-1,0
 487, 12123, 12124, 100,-1,0
 487, 12123, 12124, 100,-1,0
 487, 12123, 12124, 100,-1,0
 488, 12123, 12124, 100,-1,0
 488, 12123, 12124, 100,-1,0
 488, 12123, 12124, 100,-1,0
 488, 12123, 12124, 100,-1,0
 488, 12123, 12124, 100,-1,0
 488, 12123, 12124, 100,-1,0
 488, 12123, 12124, 100,-1,0
 488, 12123, 12124, 100,-1,0
 488, 12123, 12124, 100,-1,0
 488, 12123, 12124, 100,-1,0
 489, 12123, 12124, 100,-1,0
 489, 12123, 12124, 100,-1,0
 489, 12123, 12124, 100,-1,0
 489, 12123, 12124, 100,-1,0
 489, 12123, 12124, 100,-1,0
 489, 12123, 12124, 100,-1,0
 489, 12123, 12124, 100,-1,0
 489, 12123, 12124, 100,-1,0
 489, 12123, 12124, 100,-1,0
 489, 12123, 12124, 100,-1,0
 490, 12123, 12124, 100,-1,0
 490, 12123, 12124, 100,-1,0
 490, 12123, 12124, 100,-1,0
 490, 12123, 12124, 100,-1,0
 490, 12123, 12124, 100,-1,0
 490, 12123, 12124, 100,-1,0
 490, 12123, 12124, 100,-1,0
 490, 12123, 12124, 100,-1,0
 490, 12123, 12124, 100,-1,0
 490, 12123, 12124, 100,-1,0
 491, 12123, 12124, 100,-1,0
 491, 12123, 12124, 100,-1,0
 491, 12123, 12124, 100,-1,0
 491, 12123, 12124, 100,-1,0
 491, 12123, 12124, 100,-1,0
 491, 12123, 12124, 100,-1,0
 491, 12123, 12124, 100,-1,0
 491, 12123, 12124, 100,-1,0
 491, 12123, 12124, 100,-1,0
 491, 12123, 12124, 100,-1,0
 492, 12123, 12124, 100,-1,0
 492, 12123, 12124, 100,-1,0
 492, 12123, 12124, 100,-1,0
 492, 12123, 12124, 100,-1,0
 492, 12123, 12124, 100,-1,0
 492, 12123, 12124, 100,-1,0
 492, 12123, 12124, 100,-1,0
 492, 12123, 12124, 100,-1,0
 492, 12123, 12124, 100,-1,0
 492, 12123, 12124, 100,-1,0
 493, 12123, 12124, 100,-1,0
 493, 12123, 12124, 100,-1,0
 493, 12123, 12124, 100,-1,0
 493, 12123, 12124, 100,-1,0
 493, 12123, 12124, 100,-1,0
 493, 12123, 12124, 100,-1,0
 493, 12123, 12124, 100,-1,0
 493, 12123, 12124, 100,-1,0
 493, 12123, 12124, 100,-1,0
 493, 12123, 12124, 100,-1,0
 494, 12123, 12124, 100,-1,0
 494, 12123, 12124, 100,-1,0
 494, 12123, 12124, 100,-1,0
 494, 12123, 12124, 100,-1,0
 494, 12123, 12124, 100,-1,0
 494, 12123, 12124, 100,-1,0
 494, 12123, 12124, 100,-1,0
 494, 12123, 12124, 100,-1,0
 494, 12123, 12124, 100,-1,0
 494, 12123, 12124, 100,-1,0
 495, 12123, 12124, 100,-1,0
 495, 12123, 12124, 100,-1,0
 495, 12123, 12124, 100,-1,0
 495, 12123, 12124, 100,-1,0
 495, 12123, 12124, 100,-1,0
 495, 12123, 12124, 100,-1,0
 495, 12123, 12124, 100,-1,0
 495, 12123, 12124, 100,-1,0
 495, 12123, 12124, 100,-1,0
 496, 12123, 12124, 100,-1,0
 496, 12123, 12124, 100,-1,0
 496, 12123, 12124, 100,-1,0
 496, 12123, 12124, 100,-1,0
 496, 12123, 12124, 100,-1,0
 496, 12123, 12124, 100,-1,0
 496, 12123, 12124, 100,-1,0
 496, 12123, 12124, 100,-1,0
 496, 12123, 12124, 100,-1,0
 496, 12123, 12124, 100,-1,0
 497, 12123, 12124, 100,-1,0
 497, 12123, 12124, 100,-1,0
 497, 12123, 12124, 100,-1,0
 497, 12123, 12124, 100,-1,0
 497, 12123, 12124, 100,-1,0
 497, 12123, 12124, 100,-1,0
 497, 12123, 12124, 100,-1,0
 497, 12123, 12124, 100,-1,0
 497, 12123, 12124, 100,-1,0
 497, 12123, 12124, 100,-1,0
 498, 12123, 12124, 100,-1,0
 498, 12123, 12124, 100,-1,0
 498, 12123, 12124, 100,-1,0
 498, 12123, 12124, 100,-1,0
 498, 12123, 12124, 100,-1,0
 498, 12123, 12124, 100,-1,0
 498, 12123, 12124, 100,-1,0
 498, 12123, 12124, 100,-1,0
 498, 12123, 12124, 100,-1,0
 498, 12123, 12124, 100,-1,0
 499, 12123, 12124, 100,-1,0
 499, 12123, 12124, 100,-1,0
 499, 12123, 12124, 100,-1,0
 499, 12123, 12124, 100,-1,0
 499, 12123, 12124, 100,-1,0
 499, 12123, 12124, 100,-1,0
 499, 12123, 12124, 100,-1,0
 499, 12123, 12124, 100,-1,0
 499, 12123, 12124, 100,-1,0
 499, 12123, 12124, 100,-1,0
 500, 12123, 12124, 100,-1,0
 500, 12123, 12124, 100,-1,0
 500, 12123, 12124, 100,-1,0
 500, 12123, 12124, 100,-1,0
 500, 12123, 12124, 100,-1,0
 500, 12123, 12124, 100,-1,0
 500, 12123, 12124, 100,-1,0
 500, 12123, 12124, 100,-1,0
 500, 12123, 12124, 100,-1,0
 500, 12123, 12124, 100,-1,0
 501, 12123, 12124, 100,-1,0
 501, 12123, 12124, 100,-1,0
 501, 12123, 12124, 100,-1,0
 501, 12123, 12124, 100,-1,0
 501, 12123, 12124, 100,-1,0
 501, 12123, 12124, 100,-1,0
 501, 12123, 12124, 100,-1,0
 501, 12123, 12124, 100,-1,0
 501, 12123, 12124, 100,-1,0
 501, 12123, 12124, 100,-1,0
 502, 12123, 12124, 100,-1,0
 502, 12123, 12124, 100,-1,0
 502, 12123, 12124, 100,-1,0
 502, 12123, 12124, 100,-1,0
 502, 12123, 12124, 100,-1,0
 502, 12123, 12124, 100,-1,0
 502, 12123, 12124, 100,-1,0
 502, 12123, 12124, 100,-1,0
 502, 12123, 12124, 100,-1,0
 502, 12123, 12124, 100,-1,0
 503, 12123, 12124, 100,-1,0
 503, 12123, 12124, 100,-1,0
 503, 12123, 12124, 100,-1,0
 503, 12123, 12124, 100,-1,0
 503, 12123, 12124, 100,-1,0
 503, 12123, 12124, 100,-1,0
 503, 12123, 12124, 100,-1,0
 503, 12123, 12124, 100,-1,0
 503, 12123, 12124, 100,-1,0
 503, 12123, 12124, 100,-1,0
 504, 12123, 12124, 100,-1,0
 504, 12123, 12124, 100,-1,0
 504, 12123, 12124, 100,-1,0
 504, 12123, 12124, 100,-1,0
 504, 12123, 12124, 100,-1,0
 504, 12123, 12124, 100,-1,0
 504, 12123, 12124, 100,-1,0
 504, 12123, 12124, 100,-1,0
 504, 12123, 12124, 100,-1,0
 504, 12123, 12124, 100,-1,0
 505, 12123, 12124, 100,-1,0
 505, 12123, 12124, 100,-1,0
 505, 12123, 12124, 100,-1,0
 505, 12123, 12124, 100,-1,0
 505, 12123, 12124, 100,-1,0
 505, 12123, 12124, 100,-1,0
 505, 12123, 12124, 100,-1,0
 505, 12123, 12124, 100,-1,0
 505, 12123, 12124, 100,-1,0
 506, 12123, 12124, 100,-1,0
 506, 12123, 12124, 100,-1,0
 506, 12123, 12124, 100,-1,0
 506, 12123, 12124, 100,-1,0
 506, 12123, 12124, 100,-1,0
 506, 12123, 12124, 100,-1,0
 506, 12123, 12124, 100,-1,0
 506, 12123, 12124, 100,-1,0
 506, 12123, 12124, 100,-1,0
 506, 12123, 12124, 100,-1,0
 507, 12123, 12124, 100,-1,0
 507, 12123, 12124, 100,-1,0
 507, 12123, 12124, 100,-1,0
 507, 12123, 12124, 100,-1,0
 507, 12123, 12124, 100,-1,0
 507, 12123, 12124, 100,-1,0
 507, 12123, 12124, 100,-1,0
 507, 12123, 12124, 100,-1,0
 507, 12123, 12124, 100,-1,0
 507, 12123, 12124, 100,-1,0
 508, 12123, 12124, 100,-1,0
 508, 12123, 12124, 100,-1,0
 508, 12123, 12124, 100,-1,0
 508, 12123, 12124, 100,-1,0
 508, 12123, 12124, 100,-1,0
 508, 12123, 12124, 100,-1,0
 508, 12123, 12124, 100,-1,0
 508, 12123, 12124, 100,-1,0
 508, 12123, 12124, 100,-1,0
 508, 12123, 12124, 100,-1,0
 509, 12123, 12124, 100,-1,0
 509, 12123, 12124, 100,-1,0
 509, 12123, 12124, 100,-1,0
 509, 12123, 12124, 100,-1,0
 509, 12123, 12124, 100,-1,0
 509, 12123, 12124, 100,-1,0
 509, 12123, 12124, 100,-1,0
 509, 12123, 12124, 100,-1,0
 509, 12123, 12124, 100,-1,0
 509, 12123, 12124, 100,-1,0
 510, 12123, 12124, 100,-1,0
 510, 12123, 12124, 100,-1,0
 510, 12123, 12124, 100,-1,0
 510, 12123, 12124, 100,-1,0
 510, 12123, 12124, 100,-1,0
 510, 12123, 12124, 100,-1,0
 510, 12123, 12124, 100,-1,0
 510, 12123, 12124, 100,-1,0
 510, 12123, 12124, 100,-1,0
 510, 12123, 12124, 100,-1,0
 511, 12123, 12124, 100,-1,0
 511, 12123, 12124, 100,-1,0
 511, 12123, 12124, 100,-1,0
 511, 12123, 12124, 100,-1,0
 511, 12123, 12124, 100,-1,0
 511, 12123, 12124, 100,-1,0
 511, 12123, 12124, 100,-1,0
 511, 12123, 12124, 100,-1,0
 511, 12123, 12124, 100,-1,0
 511, 12123, 12124, 100,-1,0
 512, 12123, 12124, 100,-1,0
 512, 12123, 12124, 100,-1,0
 512, 12123, 12124, 100,-1,0
 512, 12123, 12124, 100,-1,0
 512, 12123, 12124, 100,-1,0
 512, 12123, 12124, 100,-1,0
 512, 12123, 12124, 100,-1,0
 512, 12123, 12124, 100,-1,0
 512, 12123, 12124, 100,-1,0
 512, 12123, 12124, 100,-1,0
 513, 12123, 12124, 100,-1,0
 513, 12123, 12124, 100,-1,0
 513, 12123, 12124, 100,-1,0
 513, 12123, 12124, 100,-1,0
 513, 12123, 12124, 100,-1,0
 513, 12123, 12124, 100,-1,0
 513, 12123, 12124, 100,-1,0
 513, 12123, 12124, 100,-1,0
 513, 12123, 12124, 100,-1,0
 513, 12123, 12124, 100,-1,0
 514, 12123, 12124, 100,-1,0
 514, 12123, 12124, 100,-1,0
 514, 12123, 12124, 100,-1,0
 514, 12123, 12124, 100,-1,0
 514, 12123, 12124, 100,-1,0
 514, 12123, 12124, 100,-1,0
 514, 12123, 12124, 100,-1,0
 514, 12123, 12124, 100,-1,0
 514, 12123, 12124, 100,-1,0
 514, 12123, 12124, 100,-1,0
 515, 12123, 12124, 100,-1,0
 515, 12123, 12124, 100,-1,0
 515, 12123, 12124, 100,-1,0
 515, 12123, 12124, 100,-1,0
 515, 12123, 12124, 100,-1,0
 515, 12123, 12124, 100,-1,0
 515, 12123, 12124, 100,-1,0
 515, 12123, 12124, 100,-1,0
 515, 12123, 12124, 100,-1,0
 516, 12123, 12124, 100,-1,0
 516, 12123, 12124, 100,-1,0
 516, 12123, 12124, 100,-1,0
 516, 12123, 12124, 100,-1,0
 516, 12123, 12124, 100,-1,0
 516, 12123, 12124, 100,-1,0
 516, 12123, 12124, 100,-1,0
 516, 12123, 12124, 100,-1,0
 516, 12123, 12124, 100,-1,0
 516, 12123, 12124, 100,-1,0
 517, 12123, 12124, 100,-1,0
 517, 12123, 12124, 100,-1,0
 517, 12123, 12124, 100,-1,0
 517, 12123, 12124, 100,-1,0
 517, 12123, 12124, 100,-1,0
 517, 12123, 12124, 100,-1,0
 517, 12123, 12124, 100,-1,0
 517, 12123, 12124, 100,-1,0
 517, 12123, 12124, 100,-1,0
 517, 12123, 12124, 100,-1,0
 518, 12123, 12124, 100,-1,0
 518, 12123, 12124, 100,-1,0
 518, 12123, 12124, 100,-1,0
 518, 12123, 12124, 100,-1,0
 518, 12123, 12124, 100,-1,0
 518, 12123, 12124, 100,-1,0
 518, 12123, 12124, 100,-1,0
 518, 12123, 12124, 100,-1,0
 518, 12123, 12124, 100,-1,0
 518, 12123, 12124, 100,-1,0
 519, 12123, 12124, 100,-1,0
 519, 12123, 12124, 100,-1,0
 519, 12123, 12124, 100,-1,0
 519, 12123, 12124, 100,-1,0
 519, 12123, 12124, 100,-1,0
 519, 12123, 12124, 100,-1,0
 519, 12123, 12124, 100,-1,0
 519, 12123, 12124, 100,-1,0
 519, 12123, 12124, 100,-1,0
 519, 12123, 12124, 100,-1,0
 520, 12123, 12124, 100,-1,0
 520, 12123, 12124, 100,-1,0
 520, 12123, 12124, 100,-1,0
 520, 12123, 12124, 100,-1,0
 520, 12123, 12124, 100,-1,0
 520, 12123, 12124, 100,-1,0
 520, 12123, 12124, 100,-1,0
 520, 12123, 12124, 100,-1,0
 520, 12123, 12124, 100,-1,0
 520, 12123, 12124, 100,-1,0
 521, 12123, 12124, 100,-1,0
 521, 12123, 12124, 100,-1,0
 521, 12123, 12124, 100,-1,0
 521, 12123, 12124, 100,-1,0
 521, 12123, 12124, 100,-1,0
 521, 12123, 12124, 100,-1,0
 521, 12123, 12124, 100,-1,0
 521, 12123, 12124, 100,-1,0
 521, 12123, 12124, 100,-1,0
 521, 12123, 12124, 100,-1,0
 522, 12123, 12124, 100,-1,0
 522, 12123, 12124, 100,-1,0
 522, 12123, 12124, 100,-1,0
 522, 12123, 12124, 100,-1,0
 522, 12123, 12124, 100,-1,0
 522, 12123, 12124, 100,-1,0
 522, 12123, 12124, 100,-1,0
 522, 12123, 12124, 100,-1,0
 522, 12123, 12124, 100,-1,0
 522, 12123, 12124, 100,-1,0
 523, 12123, 12124, 100,-1,0
 523, 12123, 12124, 100,-1,0
 523, 12123, 12124, 100,-1,0
 523, 12123, 12124, 100,-1,0
 523, 12123, 12124, 100,-1,0
 523, 12123, 12124, 100,-1,0
 523, 12123, 12124, 100,-1,0
 523, 12123, 12124, 100,-1,0
 523, 12123, 12124, 100,-1,0
 523, 12123, 12124, 100,-1,0
 524, 12123, 12124, 100,-1,0
 524, 12123, 12124, 100,-1,0
 524, 12123, 12124, 100,-1,0
 524, 12123, 12124, 100,-1,0
 524, 12123, 12124, 100,-1,0
 524, 12123, 12124, 100,-1,0
 524, 12123, 12124, 100,-1,0
 524, 12123, 12124, 100,-1,0
 524, 12123, 12124, 100,-1,0
 524, 12123, 12124, 100,-1,0
 525, 12123, 12124, 100,-1,0
 525, 12123, 12124, 100,-1,0
 525, 12123, 12124, 100,-1,0
 525, 12123, 12124, 100,-1,0
 525, 12123, 12124, 100,-1,0
 525, 12123, 12124, 100,-1,0
 525, 12123, 12124, 100,-1,0
 525, 12123, 12124, 100,-1,0
 525, 12123, 12124, 100,-1,0
 525, 12123, 12124, 100,-1,0
 526, 12123, 12124, 100,-1,0
 526, 12123, 12124, 100,-1,0
 526, 12123, 12124, 100,-1,0
 526, 12123, 12124, 100,-1,0
 526, 12123, 12124, 100,-1,0
 526, 12123, 12124, 100,-1,0
 526, 12123, 12124, 100,-1,0
 526, 12123, 12124, 100,-1,0
 526, 12123, 12124, 100,-1,0
 526, 12123, 12124, 100,-1,0
 527, 12123, 12124, 100,-1,0
 527, 12123, 12124, 100,-1,0
 527, 12123, 12124, 100,-1,0
 527, 12123, 12124, 100,-1,0
 527, 12123, 12124, 100,-1,0
 527, 12123, 12124, 100,-1,0
 527, 12123, 12124, 100,-1,0
 527, 12123, 12124, 100,-1,0
 527, 12123, 12124, 100,-1,0
 528, 12123, 12124, 100,-1,0
 528, 12123, 12124, 100,-1,0
 528, 12123, 12124, 100,-1,0
 528, 12123, 12124, 100,-1,0
 528, 12123, 12124, 100,-1,0
 528, 12123, 12124, 100,-1,0
 528, 12123, 12124, 100,-1,0
 528, 12123, 12124, 100,-1,0
 528, 12123, 12124, 100,-1,0
 528, 12123, 12124, 100,-1,0
 529, 12123, 12124, 100,-1,0
 529, 12123, 12124, 100,-1,0
 529, 12123, 12124, 100,-1,0
 529, 12123, 12124, 100,-1,0
 529, 12123, 12124, 100,-1,0
 529, 12123, 12124, 100,-1,0
 529, 12123, 12124, 100,-1,0
 529, 12123, 12124, 100,-1,0
 529, 12123, 12124, 100,-1,0
 529, 12123, 12124, 100,-1,0
 530, 12123, 12124, 100,-1,0
 530, 12123, 12124, 100,-1,0
 530, 12123, 12124, 100,-1,0
 530, 12123, 12124, 100,-1,0
 530, 12123, 12124, 100,-1,0
 530, 12123, 12124, 100,-1,0
 530, 12123, 12124, 100,-1,0
 530, 12123, 12124, 100,-1,0
 530, 12123, 12124, 100,-1,0
 530, 12123, 12124, 100,-1,0
 531, 12123, 12124, 100,-1,0
 531, 12123, 12124, 100,-1,0
 531, 12123, 12124, 100,-1,0
 531, 12123, 12124, 100,-1,0
 531, 12123, 12124, 100,-1,0
 531, 12123, 12124, 100,-1,0
 531, 12123, 12124, 100,-1,0
 531, 12123, 12124, 100,-1,0
 531, 12123, 12124, 100,-1,0
 531, 12123, 12124, 100,-1,0
 532, 12123, 12124, 100,-1,0
 532, 12123, 12124, 100,-1,0
 532, 12123, 12124, 100,-1,0
 532, 12123, 12124, 100,-1,0
 532, 12123, 12124, 100,-1,0
 532, 12123, 12124, 100,-1,0
 532, 12123, 12124, 100,-1,0
 532, 12123, 12124, 100,-1,0
 532, 12123, 12124, 100,-1,0
 532, 12123, 12124, 100,-1,0
 533, 12123, 12124, 100,-1,0
 533, 12123, 12124, 100,-1,0
 533, 12123, 12124, 100,-1,0
 533, 12123, 12124, 100,-1,0
 533, 12123, 12124, 100,-1,0
 533, 12123, 12124, 100,-1,0
 533, 12123, 12124, 100,-1,0
 533, 12123, 12124, 100,-1,0
 533, 12123, 12124, 100,-1,0
 533, 12123, 12124, 100,-1,0
 534, 12123, 12124, 100,-1,0
 534, 12123, 12124, 100,-1,0
 534, 12123, 12124, 100,-1,0
 534, 12123, 12124, 100,-1,0
 534, 12123, 12124, 100,-1,0
 534, 12123, 12124, 100,-1,0
 534, 12123, 12124, 100,-1,0
 534, 12123, 12124, 100,-1,0
 534, 12123, 12124, 100,-1,0
 534, 12123, 12124, 100,-1,0
 535, 12123, 12124, 100,-1,0
 535, 12123, 12124, 100,-1,0
 535, 12123, 12124, 100,-1,0
 535, 12123, 12124, 100,-1,0
 535, 12123, 12124, 100,-1,0
 535, 12123, 12124, 100,-1,0
 535, 12123, 12124, 100,-1,0
 535, 12123, 12124, 100,-1,0
 535, 12123, 12124, 100,-1,0
 535, 12123, 12124, 100,-1,0
 536, 12123, 12124, 100,-1,0
 536, 12123, 12124, 100,-1,0
 536, 12123, 12124, 100,-1,0
 536, 12123, 12124, 100,-1,0
 536, 12123, 12124, 100,-1,0
 536, 12123, 12124, 100,-1,0
 536, 12123, 12124, 100,-1,0
 536, 12123, 12124, 100,-1,0
 536, 12123, 12124, 100,-1,0
 537, 12123, 12124, 100,-1,0
 537, 12123, 12124, 100,-1,0
 537, 12123, 12124, 100,-1,0
 537, 12123, 12124, 100,-1,0
 537, 12123, 12124, 100,-1,0
 537, 12123, 12124, 100,-1,0
 537, 12123, 12124, 100,-1,0
 537, 12123, 12124, 100,-1,0
 537, 12123, 12124, 100,-1,0
 537, 12123, 12124, 100,-1,0
 538, 12123, 12124, 100,-1,0
 538, 12123, 12124, 100,-1,0
 538, 12123, 12124, 100,-1,0
 538, 12123, 12124, 100,-1,0
 538, 12123, 12124, 100,-1,0
 538, 12123, 12124, 100,-1,0
 538, 12123, 12124, 100,-1,0
 538, 12123, 12124, 100,-1,0
 538, 12123, 12124, 100,-1,0
 538, 12123, 12124, 100,-1,0
 539, 12123, 12124, 100,-1,0
 539, 12123, 12124, 100,-1,0
 539, 12123, 12124, 100,-1,0
 539, 12123, 12124, 100,-1,0
 539, 12123, 12124, 100,-1,0
 539, 12123, 12124, 100,-1,0
 539, 12123, 12124, 100,-1,0
 539, 12123, 12124, 100,-1,0
 539, 12123, 12124, 100,-1,0
 539, 12123, 12124, 100,-1,0
 540, 12123, 12124, 100,-1,0
 540, 12123, 12124, 100,-1,0
 540, 12123, 12124, 100,-1,0
 540, 12123, 12124, 100,-1,0
 540, 12123, 12124, 100,-1,0
 540, 12123, 12124, 100,-1,0
 540, 12123, 12124, 100,-1,0
 540, 12123, 12124, 100,-1,0
 540, 12123, 12124, 100,-1,0
 540, 12123, 12124, 100,-1,0
 541, 12123, 12124, 100,-1,0
 541, 12123, 12124, 100,-1,0
 541, 12123, 12124, 100,-1,0
 541, 12123, 12124, 100,-1,0
 541, 12123, 12124, 100,-1,0
 541, 12123, 12124, 100,-1,0
 541, 12123, 12124, 100,-1,0
 541, 12123, 12124, 100,-1,0
 541, 12123, 12124, 100,-1,0
 541, 12123, 12124, 100,-1,0
 542, 12123, 12124, 100,-1,0
 542, 12123, 12124, 100,-1,0
 542, 12123, 12124, 100,-1,0
 542, 12123, 12124, 100,-1,0
 542, 12123, 12124, 100,-1,0
 542, 12123, 12124, 100,-1,0
 542, 12123, 12124, 100,-1,0
 542, 12123, 12124, 100,-1,0
 542, 12123, 12124, 100,-1,0
 542, 12123, 12124, 100,-1,0
 543, 12123, 12124, 100,-1,0
 543, 12123, 12124, 100,-1,0
 543, 12123, 12124, 100,-1,0
 543, 12123, 12124, 100,-1,0
 543, 12123, 12124, 100,-1,0
 543, 12123, 12124, 100,-1,0
 543, 12123, 12124, 100,-1,0
 543, 12123, 12124, 100,-1,0
 543, 12123, 12124, 100,-1,0
 543, 12123, 12124, 100,-1,0
 544, 12123, 12124, 100,-1,0
 544, 12123, 12124, 100,-1,0
 544, 12123, 12124, 100,-1,0
 544, 12123, 12124, 100,-1,0
 544, 12123, 12124, 100,-1,0
 544, 12123, 12124, 100,-1,0
 544, 12123, 12124, 100,-1,0
 544, 12123, 12124, 100,-1,0
 544, 12123, 12124, 100,-1,0
 544, 12123, 12124, 100,-1,0
 545, 12123, 12124, 100,-1,0
 545, 12123, 12124, 100,-1,0
 545, 12123, 12124, 100,-1,0
 545, 12123, 12124, 100,-1,0
 545, 12123, 12124, 100,-1,0
 545, 12123, 12124, 100,-1,0
 545, 12123, 12124, 100,-1,0
 545, 12123, 12124, 100,-1,0
 545, 12123, 12124, 100,-1,0
 545, 12123, 12124, 100,-1,0
 546, 12123, 12124, 100,-1,0
 546, 12123, 12124, 100,-1,0
 546, 12123, 12124, 100,-1,0
 546, 12123, 12124, 100,-1,0
 546, 12123, 12124, 100,-1,0
 546, 12123, 12124, 100,-1,0
 546, 12123, 12124, 100,-1,0
 546, 12123, 12124, 100,-1,0
 546, 12123, 12124, 100,-1,0
 547, 12123, 12124, 100,-1,0
 547, 12123, 12124, 100,-1,0
 547, 12123, 12124, 100,-1,0
 547, 12123, 12124, 100,-1,0
 547, 12123, 12124, 100,-1,0
 547, 12123, 12124, 100,-1,0
 547, 12123, 12124, 100,-1,0
 547, 12123, 12124, 100,-1,0
 547, 12123, 12124, 100,-1,0
 547, 12123, 12124, 100,-1,0
 548, 12123, 12124, 100,-1,0
 548, 12123, 12124, 100,-1,0
 548, 12123, 12124, 100,-1,0
 548, 12123, 12124, 100,-1,0
 548, 12123, 12124, 100,-1,0
 548, 12123, 12124, 100,-1,0
 548, 12123, 12124, 100,-1,0
 548, 12123, 12124, 100,-1,0
 548, 12123, 12124, 100,-1,0
 548, 12123, 12124, 100,-1,0
 549, 12123, 12124, 100,-1,0
 549, 12123, 12124, 100,-1,0
 549, 12123, 12124, 100,-1,0
 549, 12123, 12124, 100,-1,0
 549, 12123, 12124, 100,-1,0
 549, 12123, 12124, 100,-1,0
 549, 12123, 12124, 100,-1,0
 549, 12123, 12124, 100,-1,0
 549, 12123, 12124, 100,-1,0
 549, 12123, 12124, 100,-1,0
 550, 12123, 12124, 100,-1,0
 550, 12123, 12124, 100,-1,0
 550, 12123, 12124, 100,-1,0
 550, 12123, 12124, 100,-1,0
 550, 12123, 12124, 100,-1,0
 550, 12123, 12124, 100,-1,0
 550, 12123, 12124, 100,-1,0
 550, 12123, 12124, 100,-1,0
 550, 12123, 12124, 100,-1,0
 551, 12123, 12124, 100,-1,0
 551, 12123, 12124, 100,-1,0
 551, 12123, 12124, 100,-1,0
 551, 12123, 12124, 100,-1,0
 551, 12123, 12124, 100,-1,0
 551, 12123, 12124, 100,-1,0
 551, 12123, 12124, 100,-1,0
 551, 12123, 12124, 100,-1,0
 551, 12123, 12124, 100,-1,0
 551, 12123, 12124, 100,-1,0
 552, 12123, 12124, 100,-1,0
 552, 12123, 12124, 100,-1,0
 552, 12123, 12124, 100,-1,0
 552, 12123, 12124, 100,-1,0
 552, 12123, 12124, 100,-1,0
 552, 12123, 12124, 100,-1,0
 552, 12123, 12124, 100,-1,0
 552, 12123, 12124, 100,-1,0
 552, 12123, 12124, 100,-1,0
 552, 12123, 12124, 100,-1,0
 553, 12123, 12124, 100,-1,0
 553, 12123, 12124, 100,-1,0
 553, 12123, 12124, 100,-1,0
 553, 12123, 12124, 100,-1,0
 553, 12123, 12124, 100,-1,0
 553, 12123, 12124, 100,-1,0
 553, 12123, 12124, 100,-1,0
 553, 12123, 12124, 100,-1,0
 553, 12123, 12124, 100,-1,0
 553, 12123, 12124, 100,-1,0
 554, 12123, 12124, 100,-1,0
 554, 12123, 12124, 100,-1,0
 554, 12123, 12124, 100,-1,0
 554, 12123, 12124, 100,-1,0
 554, 12123, 12124, 100,-1,0
 554, 12123, 12124, 100,-1,0
 554, 12123, 12124, 100,-1,0
 554, 12123, 12124, 100,-1,0
 554, 12123, 12124, 100,-1,0
 554, 12123, 12124, 100,-1,0
 555, 12123, 12124, 100,-1,0
 555, 12123, 12124, 100,-1,0
 555, 12123, 12124, 100,-1,0
 555, 12123, 12124, 100,-1,0
 555, 12123, 12124, 100,-1,0
 555, 12123, 12124, 100,-1,0
 555, 12123, 12124, 100,-1,0
 555, 12123, 12124, 100,-1,0
 555, 12123, 12124, 100,-1,0
 555, 12123, 12124, 100,-1,0
 556, 12123, 12124, 100,-1,0
 556, 12123, 12124, 100,-1,0
 556, 12123, 12124, 100,-1,0
 556, 12123, 12124, 100,-1,0
 556, 12123, 12124, 100,-1,0
 556, 12123, 12124, 100,-1,0
 556, 12123, 12124, 100,-1,0
 556, 12123, 12124, 100,-1,0
 556, 12123, 12124, 100,-1,0
 556, 12123, 12124, 100,-1,0
 557, 12123, 12124, 100,-1,0
 557, 12123, 12124, 100,-1,0
 557, 12123, 12124, 100,-1,0
 557, 12123, 12124, 100,-1,0
 557, 12123, 12124, 100,-1,0
 557, 12123, 12124, 100,-1,0
 557, 12123, 12124, 100,-1,0
 557, 12123, 12124, 100,-1,0
 557, 12123, 12124, 100,-1,0
 557, 12123, 12124, 100,-1,0
 558, 12123, 12124, 100,-1,0
 558, 12123, 12124, 100,-1,0
 558, 12123, 12124, 100,-1,0
 558, 12123, 12124, 100,-1,0
 558, 12123, 12124, 100,-1,0
 558, 12123, 12124, 100,-1,0
 558, 12123, 12124, 100,-1,0
 558, 12123, 12124, 100,-1,0
 558, 12123, 12124, 100,-1,0
 558, 12123, 12124, 100,-1,0
 559, 12123, 12124, 100,-1,0
 559, 12123, 12124, 100,-1,0
 559, 12123, 12124, 100,-1,0
 559, 12123, 12124, 100,-1,0
 559, 12123, 12124, 100,-1,0
 559, 12123, 12124, 100,-1,0
 559, 12123, 12124, 100,-1,0
 559, 12123, 12124, 100,-1,0
 559, 12123, 12124, 100,-1,0
 560, 12123, 12124, 100,-1,0
 560, 12123, 12124, 100,-1,0
 560, 12123, 12124, 100,-1,0
 560, 12123, 12124, 100,-1,0
 560, 12123, 12124, 100,-1,0
 560, 12123, 12124, 100,-1,0
 560, 12123, 12124, 100,-1,0
 560, 12123, 12124, 100,-1,0
 560, 12123, 12124, 100,-1,0
 560, 12123, 12124, 100,-1,0
 561, 12123, 12124, 100,-1,0
 561, 12123, 12124, 100,-1,0
 561, 12123, 12124, 100,-1,0
 561, 12123, 12124, 100,-1,0
 561, 12123, 12124, 100,-1,0
 561, 12123, 12124, 100,-1,0
 561, 12123, 12124, 100,-1,0
 561, 12123, 12124, 100,-1,0
 561, 12123, 12124, 100,-1,0
 561, 12123, 12124, 100,-1,0
 562, 12123, 12124, 100,-1,0
 562, 12123, 12124, 100,-1,0
 562, 12123, 12124, 100,-1,0
 562, 12123, 12124, 100,-1,0
 562, 12123, 12124, 100,-1,0
 562, 12123, 12124, 100,-1,0
 562, 12123, 12124, 100,-1,0
 562, 12123, 12124, 100,-1,0
 562, 12123, 12124, 100,-1,0
 562, 12123, 12124, 100,-1,0
 563, 12123, 12124, 100,-1,0
 563, 12123, 12124, 100,-1,0
 563, 12123, 12124, 100,-1,0
 563, 12123, 12124, 100,-1,0
 563, 12123, 12124, 100,-1,0
 563, 12123, 12124, 100,-1,0
 563, 12123, 12124, 100,-1,0
 563, 12123, 12124, 100,-1,0
 563, 12123, 12124, 100,-1,0
 563, 12123, 12124, 100,-1,0
 564, 12123, 12124, 100,-1,0
 564, 12123, 12124, 100,-1,0
 564, 12123, 12124, 100,-1,0
 564, 12123, 12124, 100,-1,0
 564, 12123, 12124, 100,-1,0
 564, 12123, 12124, 100,-1,0
 564, 12123, 12124, 100,-1,0
 564, 12123, 12124, 100,-1,0
 564, 12123, 12124, 100,-1,0
 564, 12123, 12124, 100,-1,0
 565, 12123, 12124, 100,-1,0
 565, 12123, 12124, 100,-1,0
 565, 12123, 12124, 100,-1,0
 565, 12123, 12124, 100,-1,0
 565, 12123, 12124, 100,-1,0
 565, 12123, 12124, 100,-1,0
 565, 12123, 12124, 100,-1,0
 565, 12123, 12124, 100,-1,0
 565, 12123, 12124, 100,-1,0
 565, 12123, 12124, 100,-1,0
 566, 12123, 12124, 100,-1,0
 566, 12123, 12124, 100,-1,0
 566, 12123, 12124, 100,-1,0
 566, 12123, 12124, 100,-1,0
 566, 12123, 12124, 100,-1,0
 566, 12123, 12124, 100,-1,0
 566, 12123, 12124, 100,-1,0
 566, 12123, 12124, 100,-1,0
 566, 12123, 12124, 100,-1,0
 567, 12123, 12124, 100,-1,0
 567, 12123, 12124, 100,-1,0
 567, 12123, 12124, 100,-1,0
 567, 12123, 12124, 100,-1,0
 567, 12123, 12124, 100,-1,0
 567, 12123, 12124, 100,-1,0
 567, 12123, 12124, 100,-1,0
 567, 12123, 12124, 100,-1,0
 567, 12123, 12124, 100,-1,0
 567, 12123, 12124, 100,-1,0
 568, 12123, 12124, 100,-1,0
 568, 12123, 12124, 100,-1,0
 568, 12123, 12124, 100,-1,0
 568, 12123, 12124, 100,-1,0
 568, 12123, 12124, 100,-1,0
 568, 12123, 12124, 100,-1,0
 568, 12123, 12124, 100,-1,0
 568, 12123, 12124, 100,-1,0
 568, 12123, 12124, 100,-1,0
 568, 12123, 12124, 100,-1,0
 569, 12123, 12124, 100,-1,0
 569, 12123, 12124, 100,-1,0
 569, 12123, 12124, 100,-1,0
 569, 12123, 12124, 100,-1,0
 569, 12123, 12124, 100,-1,0
 569, 12123, 12124, 100,-1,0
 569, 12123, 12124, 100,-1,0
 569, 12123, 12124, 100,-1,0
 569, 12123, 12124, 100,-1,0
 569, 12123, 12124, 100,-1,0
 570, 12123, 12124, 100,-1,0
 570, 12123, 12124, 100,-1,0
 570, 12123, 12124, 100,-1,0
 570, 12123, 12124, 100,-1,0
 570, 12123, 12124, 100,-1,0
 570, 12123, 12124, 100,-1,0
 570, 12123, 12124, 100,-1,0
 570, 12123, 12124, 100,-1,0
 570, 12123, 12124, 100,-1,0
 570, 12123, 12124, 100,-1,0
 571, 12123, 12124, 100,-1,0
 571, 12123, 12124, 100,-1,0
 571, 12123, 12124, 100,-1,0
 571, 12123, 12124, 100,-1,0
 571, 12123, 12124, 100,-1,0
 571, 12123, 12124, 100,-1,0
 571, 12123, 12124, 100,-1,0
 571, 12123, 12124, 100,-1,0
 571, 12123, 12124, 100,-1,0
 571, 12123, 12124, 100,-1,0
 572, 12123, 12124, 100,-1,0
 572, 12123, 12124, 100,-1,0
 572, 12123, 12124, 100,-1,0
 572, 12123, 12124, 100,-1,0
 572, 12123, 12124, 100,-1,0
 572, 12123, 12124, 100,-1,0
 572, 12123, 12124, 100,-1,0
 572, 12123, 12124, 100,-1,0
 572, 12123, 12124, 100,-1,0
 572, 12123, 12124, 100,-1,0
 573, 12123, 12124, 100,-1,0
 573, 12123, 12124, 100,-1,0
 573, 12123, 12124, 100,-1,0
 573, 12123, 12124, 100,-1,0
 573, 12123, 12124, 100,-1,0
 573, 12123, 12124, 100,-1,0
 573, 12123, 12124, 100,-1,0
 573, 12123, 12124, 100,-1,0
 573, 12123, 12124, 100,-1,0
 573, 12123, 12124, 100,-1,0
 574, 12123, 12124, 100,-1,0
 574, 12123, 12124, 100,-1,0
 574, 12123, 12124, 100,-1,0
 574, 12123, 12124, 100,-1,0
 574, 12123, 12124, 100,-1,0
 574, 12123, 12124, 100,-1,0
 574, 12123, 12124, 100,-1,0
 574, 12123, 12124, 100,-1,0
 574, 12123, 12124, 100,-1,0
 574, 12123, 12124, 100,-1,0
 575, 12123, 12124, 100,-1,0
 575, 12123, 12124, 100,-1,0
 575, 12123, 12124, 100,-1,0
 575, 12123, 12124, 100,-1,0
 575, 12123, 12124, 100,-1,0
 575, 12123, 12124, 100,-1,0
 575, 12123, 12124, 100,-1,0
 575, 12123, 12124, 100,-1,0
 575, 12123, 12124, 100,-1,0
 575, 12123, 12124, 100,-1,0
 576, 12123, 12124, 100,-1,0
 576, 12123, 12124, 100,-1,0
 576, 12123, 12124, 100,-1,0
 576, 12123, 12124, 100,-1,0
 576, 12123, 12124, 100,-1,0
 576, 12123, 12124, 100,-1,0
 576, 12123, 12124, 100,-1,0
 576, 12123, 12124, 100,-1,0
 576, 12123, 12124, 100,-1,0
 577, 12123, 12124, 100,-1,0
 577, 12123, 12124, 100,-1,0
 577, 12123, 12124, 100,-1,0
 577, 12123, 12124, 100,-1,0
 577, 12123, 12124, 100,-1,0
 577, 12123, 12124, 100,-1,0
 577, 12123, 12124, 100,-1,0
 577, 12123, 12124, 100,-1,0
 577, 12123, 12124, 100,-1,0
 577, 12123, 12124, 100,-1,0
 578, 12123, 12124, 100,-1,0
 578, 12123, 12124, 100,-1,0
 578, 12123, 12124, 100,-1,0
 578, 12123, 12124, 100,-1,0
 578, 12123, 12124, 100,-1,0
 578, 12123, 12124, 100,-1,0
 578, 12123, 12124, 100,-1,0
 578, 12123, 12124, 100,-1,0
 578, 12123, 12124, 100,-1,0
 578, 12123, 12124, 100,-1,0
 579, 12123, 12124, 100,-1,0
 579, 12123, 12124, 100,-1,0
 579, 12123, 12124, 100,-1,0
 579, 12123, 12124, 100,-1,0
 579, 12123, 12124, 100,-1,0
 579, 12123, 12124, 100,-1,0
 579, 12123, 12124, 100,-1,0
 579, 12123, 12124, 100,-1,0
 579, 12123, 12124, 100,-1,0
 579, 12123, 12124, 100,-1,0
 580, 12123, 12124, 100,-1,0
 580, 12123, 12124, 100,-1,0
 580, 12123, 12124, 100,-1,0
 580, 12123, 12124, 100,-1,0
 580, 12123, 12124, 100,-1,0
 580, 12123, 12124, 100,-1,0
 580, 12123, 12124, 100,-1,0
 580, 12123, 12124, 100,-1,0
 580, 12123, 12124, 100,-1,0
 580, 12123, 12124, 100,-1,0
 581, 12123, 12124, 100,-1,0
 581, 12123, 12124, 100,-1,0
 581, 12123, 12124, 100,-1,0
 581, 12123, 12124, 100,-1,0
 581, 12123, 12124, 100,-1,0
 581, 12123, 12124, 100,-1,0
 581, 12123, 12124, 100,-1,0
 581, 12123, 12124, 100,-1,0
 581, 12123, 12124, 100,-1,0
 581, 12123, 12124, 100,-1,0
 582, 12123, 12124, 100,-1,0
 582, 12123, 12124, 100,-1,0
 582, 12123, 12124, 100,-1,0
 582, 12123, 12124, 100,-1,0
 582, 12123, 12124, 100,-1,0
 582, 12123, 12124, 100,-1,0
 582, 12123, 12124, 100,-1,0
 582, 12123, 12124, 100,-1,0
 582, 12123, 12124, 100,-1,0
 582, 12123, 12124, 100,-1,0
 583, 12123, 12124, 100,-1,0
 583, 12123, 12124, 100,-1,0
 583, 12123, 12124, 100,-1,0
 583, 12123, 12124, 100,-1,0
 583, 12123, 12124, 100,-1,0
 583, 12123, 12124, 100,-1,0
 583, 12123, 12124, 100,-1,0
 583, 12123, 12124, 100,-1,0
 583, 12123, 12124, 100,-1,0
 583, 12123, 12124, 100,-1,0
 584, 12123, 12124, 100,-1,0
 584, 12123, 12124, 100,-1,0
 584, 12123, 12124, 100,-1,0
 584, 12123, 12124, 100,-1,0
 584, 12123, 12124, 100,-1,0
 584, 12123, 12124, 100,-1,0
 584, 12123, 12124, 100,-1,0
 584, 12123, 12124, 100,-1,0
 584, 12123, 12124, 100,-1,0
 584, 12123, 12124, 100,-1,0
 585, 12123, 12124, 100,-1,0
 585, 12123, 12124, 100,-1,0
 585, 12123, 12124, 100,-1,0
 585, 12123, 12124, 100,-1,0
 585, 12123, 12124, 100,-1,0
 585, 12123, 12124, 100,-1,0
 585, 12123, 12124, 100,-1,0
 585, 12123, 12124, 100,-1,0
 585, 12123, 12124, 100,-1,0
 585, 12123, 12124, 100,-1,0
 586, 12123, 12124, 100,-1,0
 586, 12123, 12124, 100,-1,0
 586, 12123, 12124, 100,-1,0
 586, 12123, 12124, 100,-1,0
 586, 12123, 12124, 100,-1,0
 586, 12123, 12124, 100,-1,0
 586, 12123, 12124, 100,-1,0
 586, 12123, 12124, 100,-1,0
 586, 12123, 12124, 100,-1,0
 586, 12123, 12124, 100,-1,0
 587, 12123, 12124, 100,-1,0
 587, 12123, 12124, 100,-1,0
 587, 12123, 12124, 100,-1,0
 587, 12123, 12124, 100,-1,0
 587, 12123, 12124, 100,-1,0
 587, 12123, 12124, 100,-1,0
 587, 12123, 12124, 100,-1,0
 587, 12123, 12124, 100,-1,0
 587, 12123, 12124, 100,-1,0
 588, 12123, 12124, 100,-1,0
 588, 12123, 12124, 100,-1,0
 588, 12123, 12124, 100,-1,0
 588, 12123, 12124, 100,-1,0
 588, 12123, 12124, 100,-1,0
 588, 12123, 12124, 100,-1,0
 588, 12123, 12124, 100,-1,0
 588, 12123, 12124, 100,-1,0
 588, 12123, 12124, 100,-1,0
 588, 12123, 12124, 100,-1,0
 589, 12123, 12124, 100,-1,0
 589, 12123, 12124, 100,-1,0
 589, 12123, 12124, 100,-1,0
 589, 12123, 12124, 100,-1,0
 589, 12123, 12124, 100,-1,0
 589, 12123, 12124, 100,-1,0
 589, 12123, 12124, 100,-1,0
 589, 12123, 12124, 100,-1,0
 589, 12123, 12124, 100,-1,0
 589, 12123, 12124, 100,-1,0
 590, 12123, 12124, 100,-1,0
 590, 12123, 12124, 100,-1,0
 590, 12123, 12124, 100,-1,0
 590, 12123, 12124, 100,-1,0
 590, 12123, 12124, 100,-1,0
 590, 12123, 12124, 100,-1,0
 590, 12123, 12124, 100,-1,0
 590, 12123, 12124, 100,-1,0
 590, 12123, 12124, 100,-1,0
 590, 12123, 12124, 100,-1,0
 591, 12123, 12124, 100,-1,0
 591, 12123, 12124, 100,-1,0
 591, 12123, 12124, 100,-1,0
 591, 12123, 12124, 100,-1,0
 591, 12123, 12124, 100,-1,0
 591, 12123, 12124, 100,-1,0
 591, 12123, 12124, 100,-1,0
 591, 12123, 12124, 100,-1,0
 591, 12123, 12124, 100,-1,0
 591, 12123, 12124, 100,-1,0
 592, 12123, 12124, 100,-1,0
 592, 12123, 12124, 100,-1,0
 592, 12123, 12124, 100,-1,0
 592, 12123, 12124, 100,-1,0
 592, 12123, 12124, 100,-1,0
 592, 12123, 12124, 100,-1,0
 592, 12123, 12124, 100,-1,0
 592, 12123, 12124, 100,-1,0
 592, 12123, 12124, 100,-1,0
 592, 12123, 12124, 100,-1,0
 593, 12123, 12124, 100,-1,0
 593, 12123, 12124, 100,-1,0
 593, 12123, 12124, 100,-1,0
 593, 12123, 12124, 100,-1,0
 593, 12123, 12124, 100,-1,0
 593, 12123, 12124, 100,-1,0
 593, 12123, 12124, 100,-1,0
 593, 12123, 12124, 100,-1,0
 593, 12123, 12124, 100,-1,0
 593, 12123, 12124, 100,-1,0
 594, 12123, 12124, 100,-1,0
 594, 12123, 12124, 100,-1,0
 594, 12123, 12124, 100,-1,0
 594, 12123, 12124, 100,-1,0
 594, 12123, 12124, 100,-1,0
 594, 12123, 12124, 100,-1,0
 594, 12123, 12124, 100,-1,0
 594, 12123, 12124, 100,-1,0
 594, 12123, 12124, 100,-1,0
 594, 12123, 12124, 100,-1,0
 595, 12123, 12124, 100,-1,0
 595, 12123, 12124, 100,-1,0
 595, 12123, 12124, 100,-1,0
 595, 12123, 12124, 100,-1,0
 595, 12123, 12124, 100,-1,0
 595, 12123, 12124, 100,-1,0
 595, 12123, 12124, 100,-1,0
 595, 12123, 12124, 100,-1,0
 595, 12123, 12124, 100,-1,0
 595, 12123, 12124, 100,-1,0
 596, 12123, 12124, 100,-1,0
 596, 12123, 12124, 100,-1,0
 596, 12123, 12124, 100,-1,0
 596, 12123, 12124, 100,-1,0
 596, 12123, 12124, 100,-1,0
 596, 12123, 12124, 100,-1,0
 596, 12123, 12124, 100,-1,0
 596, 12123, 12124, 100,-1,0
 596, 12123, 12124, 100,-1,0
 596, 12123, 12124, 100,-1,0
 597, 12123, 12124, 100,-1,0
 597, 12123, 12124, 100,-1,0
 597, 12123, 12124, 100,-1,0
 597, 12123, 12124, 100,-1,0
 597, 12123, 12124, 100,-1,0
 597, 12123, 12124, 100,-1,0
 597, 12123, 12124, 100,-1,0
 597, 12123, 12124, 100,-1,0
 597, 12123, 12124, 100,-1,0
 597, 12123, 12124, 100,-1,0
 598, 12123, 12124, 100,-1,0
 598, 12123, 12124, 100,-1,0
 598, 12123, 12124, 100,-1,0
 598, 12123, 12124, 100,-1,0
 598, 12123, 12124, 100,-1,0
 598, 12123, 12124, 100,-1,0
 598, 12123, 12124, 100,-1,0
 598, 12123, 12124, 100,-1,0
 598, 12123, 12124, 100,-1,0
 599, 12123, 12124, 100,-1,0
 599, 12123, 12124, 100,-1,0
 599, 12123, 12124, 100,-1,0
 599, 12123, 12124, 100,-1,0
 599, 12123, 12124, 100,-1,0
 599, 12123, 12124, 100,-1,0
 599, 12123, 12124, 100,-1,0
 599, 12123, 12124, 100,-1,0
 599, 12123, 12124, 100,-1,0
 599, 12123, 12124, 100,-1,0
 600, 12123, 12124, 100,-1,0
 600, 12123, 12124, 100,-1,0
 600, 12123, 12124, 100,-1,0
 600, 12123, 12124, 100,-1,0
 600, 12123, 12124, 100,-1,0
 600, 12123, 12124, 100,-1,0
 600, 12123, 12124, 100,-1,0
 600, 12123, 12124, 100,-1,0
 600, 12123, 12124, 100,-1,0
 600, 12123, 12124, 100,-1,0
 601, 12123, 12124, 100,-1,0
 601, 12123, 12124, 100,-1,0
 601, 12123, 12124, 100,-1,0
 601, 12123, 12124, 100,-1,0
 601, 12123, 12124, 100,-1,0
 601, 12123, 12124, 100,-1,0
 601, 12123, 12124, 100,-1,0
 601, 12123, 12124, 100,-1,0
 601, 12123, 12124, 100,-1,0
 601, 12123, 12124, 100,-1,0
 602, 12123, 12124, 100,-1,0
 602, 12123, 12124, 100,-1,0
 602, 12123, 12124, 100,-1,0
 602, 12123, 12124, 100,-1,0
 602, 12123, 12124, 100,-1,0
 602, 12123, 12124, 100,-1,0
 602, 12123, 12124, 100,-1,0
 602, 12123, 12124, 100,-1,0
 602, 12123, 12124, 100,-1,0
 602, 12123, 12124, 100,-1,0
 603, 12123, 12124, 100,-1,0
 603, 12123, 12124, 100,-1,0
 603, 12123, 12124, 100,-1,0
 603, 12123, 12124, 100,-1,0
 603, 12123, 12124, 100,-1,0
 603, 12123, 12124, 100,-1,0
 603, 12123, 12124, 100,-1,0
 603, 12123, 12124, 100,-1,0
 603, 12123, 12124, 100,-1,0
 603, 12123, 12124, 100,-1,0
 604, 12123, 12124, 100,-1,0
 604, 12123, 12124, 100,-1,0
 604, 12123, 12124, 100,-1,0
 604, 12123, 12124, 100,-1,0
 604, 12123, 12124, 100,-1,0
 604, 12123, 12124, 100,-1,0
 604, 12123, 12124, 100,-1,0
 604, 12123, 12124, 100,-1,0
 604, 12123, 12124, 100,-1,0
 604, 12123, 12124, 100,-1,0
 605, 12123, 12124, 100,-1,0
 605, 12123, 12124, 100,-1,0
 605, 12123, 12124, 100,-1,0
 605, 12123, 12124, 100,-1,0
 605, 12123, 12124, 100,-1,0
 605, 12123, 12124, 100,-1,0
 605, 12123, 12124, 100,-1,0
 605, 12123, 12124, 100,-1,0
 605, 12123, 12124, 100,-1,0
 605, 12123, 12124, 100,-1,0
 606, 12123, 12124, 100,-1,0
 606, 12123, 12124, 100,-1,0
 606, 12123, 12124, 100,-1,0
 606, 12123, 12124, 100,-1,0
 606, 12123, 12124, 100,-1,0
 606, 12123, 12124, 100,-1,0
 606, 12123, 12124, 100,-1,0
 606, 12123, 12124, 100,-1,0
 606, 12123, 12124, 100,-1,0
 606, 12123, 12124, 100,-1,0
 607, 12123, 12124, 100,-1,0
 607, 12123, 12124, 100,-1,0
 607, 12123, 12124, 100,-1,0
 607, 12123, 12124, 100,-1,0
 607, 12123, 12124, 100,-1,0
 607, 12123, 12124, 100,-1,0
 607, 12123, 12124, 100,-1,0
 607, 12123, 12124, 100,-1,0
 607, 12123, 12124, 100,-1,0
 607, 12123, 12124, 100,-1,0
 608, 12123, 12124, 100,-1,0
 608, 12123, 12124, 100,-1,0
 608, 12123, 12124, 100,-1,0
 608, 12123, 12124, 100,-1,0
 608, 12123, 12124, 100,-1,0
 608, 12123, 12124, 100,-1,0
 608, 12123, 12124, 100,-1,0
 608, 12123, 12124, 100,-1,0
 608, 12123, 12124, 100,-1,0
 608, 12123, 12124, 100,-1,0
 609, 12123, 12124, 100,-1,0
 609, 12123, 12124, 100,-1,0
 609, 12123, 12124, 100,-1,0
 609, 12123, 12124, 100,-1,0
 609, 12123, 12124, 100,-1,0
 609, 12123, 12124, 100,-1,0
 609, 12123, 12124, 100,-1,0
 609, 12123, 12124, 100,-1,0
 609, 12123, 12124, 100,-1,0
 609, 12123, 12124, 100,-1,0
 610, 12123, 12124, 100,-1,0
 610, 12123, 12124, 100,-1,0
 610, 12123, 12124, 100,-1,0
 610, 12123, 12124, 100,-1,0
 610, 12123, 12124, 100,-1,0
 610, 12123, 12124, 100,-1,0
 610, 12123, 12124, 100,-1,0
 610, 12123, 12124, 100,-1,0
 610, 12123, 12124, 100,-1,0
 611, 12123, 12124, 100,-1,0
 611, 12123, 12124, 100,-1,0
 611, 12123, 12124, 100,-1,0
 611, 12123, 12124, 100,-1,0
 611, 12123, 12124, 100,-1,0
 611, 12123, 12124, 100,-1,0
 611, 12123, 12124, 100,-1,0
 611, 12123, 12124, 100,-1,0
 611, 12123, 12124, 100,-1,0
 611, 12123, 12124, 100,-1,0
 612, 12123, 12124, 100,-1,0
 612, 12123, 12124, 100,-1,0
 612, 12123, 12124, 100,-1,0
 612, 12123, 12124, 100,-1,0
 612, 12123, 12124, 100,-1,0
 612, 12123, 12124, 100,-1,0
 612, 12123, 12124, 100,-1,0
 612, 12123, 12124, 100,-1,0
 612, 12123, 12124, 100,-1,0
 613, 12123, 12124, 100,-1,0
 613, 12123, 12124, 100,-1,0
 613, 12123, 12124, 100,-1,0
 613, 12123, 12124, 100,-1,0
 613, 12123, 12124, 100,-1,0
 613, 12123, 12124, 100,-1,0
 613, 12123, 12124, 100,-1,0
 613, 12123, 12124, 100,-1,0
 613, 12123, 12124, 100,-1,0
 614, 12123, 12124, 100,-1,0
 614, 12123, 12124, 100,-1,0
 614, 12123, 12124, 100,-1,0
 614, 12123, 12124, 100,-1,0
 614, 12123, 12124, 100,-1,0
 614, 12123, 12124, 100,-1,0
 614, 12123, 12124, 100,-1,0
 614, 12123, 12124, 100,-1,0
 614, 12123, 12124, 100,-1,0
 614, 12123, 12124, 100,-1,0
 615, 12123, 12124, 100,-1,0
 615, 12123, 12124, 100,-1,0
 615, 12123, 12124, 100,-1,0
 615, 12123, 12124, 100,-1,0
 615, 12123, 12124, 100,-1,0
 615, 12123, 12124, 100,-1,0
 615, 12123, 12124, 100,-1,0
 615, 12123, 12124, 100,-1,0
 615, 12123, 12124, 100,-1,0
 615, 12123, 12124, 100,-1,0
 616, 12123, 12124, 100,-1,0
 616, 12123, 12124, 100,-1,0
 616, 12123, 12124, 100,-1,0
 616, 12123, 12124, 100,-1,0
 616, 12123, 12124, 100,-1,0
 616, 12123, 12124, 100,-1,0
 616, 12123, 12124, 100,-1,0
 616, 12123, 12124, 100,-1,0
 616, 12123, 12124, 100,-1,0
 616, 12123, 12124, 100,-1,0
 617, 12123, 12124, 100,-1,0
 617, 12123, 12124, 100,-1,0
 617, 12123, 12124, 100,-1,0
 617, 12123, 12124, 100,-1,0
 617, 12123, 12124, 100,-1,0
 617, 12123, 12124, 100,-1,0
 617, 12123, 12124, 100,-1,0
 617, 12123, 12124, 100,-1,0
 617, 12123, 12124, 100,-1,0
 618, 12123, 12124, 100,-1,0
 618, 12123, 12124, 100,-1,0
 618, 12123, 12124, 100,-1,0
 618, 12123, 12124, 100,-1,0
 618, 12123, 12124, 100,-1,0
 618, 12123, 12124, 100,-1,0
 618, 12123, 12124, 100,-1,0
 618, 12123, 12124, 100,-1,0
 618, 12123, 12124, 100,-1,0
 618, 12123, 12124, 100,-1,0
 619, 12123, 12124, 100,-1,0
 619, 12123, 12124, 100,-1,0
 619, 12123, 12124, 100,-1,0
 619, 12123, 12124, 100,-1,0
 619, 12123, 12124, 100,-1,0
 619, 12123, 12124, 100,-1,0
 619, 12123, 12124, 100,-1,0
 619, 12123, 12124, 100,-1,0
 619, 12123, 12124, 100,-1,0
 619, 12123, 12124, 100,-1,0
 620, 12123, 12124, 100,-1,0
 620, 12123, 12124, 100,-1,0
 620, 12123, 12124, 100,-1,0
 620, 12123, 12124, 100,-1,0
 620, 12123, 12124, 100,-1,0
 620, 12123, 12124, 100,-1,0
 620, 12123, 12124, 100,-1,0
 620, 12123, 12124, 100,-1,0
 620, 12123, 12124, 100,-1,0
 620, 12123, 12124, 100,-1,0
 621, 12123, 12124, 100,-1,0
 621, 12123, 12124, 100,-1,0
 621, 12123, 12124, 100,-1,0
 621, 12123, 12124, 100,-1,0
 621, 12123, 12124, 100,-1,0
 621, 12123, 12124, 100,-1,0
 621, 12123, 12124, 100,-1,0
 621, 12123, 12124, 100,-1,0
 621, 12123, 12124, 100,-1,0
 621, 12123, 12124, 100,-1,0
 622, 12123, 12124, 100,-1,0
 622, 12123, 12124, 100,-1,0
 622, 12123, 12124, 100,-1,0
 622, 12123, 12124, 100,-1,0
 622, 12123, 12124, 100,-1,0
 622, 12123, 12124, 100,-1,0
 622, 12123, 12124, 100,-1,0
 622, 12123, 12124, 100,-1,0
 622, 12123, 12124, 100,-1,0
 622, 12123, 12124, 100,-1,0
 623, 12123, 12124, 100,-1,0
 623, 12123, 12124, 100,-1,0
 623, 12123, 12124, 100,-1,0
 623, 12123, 12124, 100,-1,0
 623, 12123, 12124, 100,-1,0
 623, 12123, 12124, 100,-1,0
 623, 12123, 12124, 100,-1,0
 623, 12123, 12124, 100,-1,0
 623, 12123, 12124, 100,-1,0
 623, 12123, 12124, 100,-1,0
 624, 12123, 12124, 100,-1,0
 624, 12123, 12124, 100,-1,0
 624, 12123, 12124, 100,-1,0
 624, 12123, 12124, 100,-1,0
 624, 12123, 12124, 100,-1,0
 624, 12123, 12124, 100,-1,0
 624, 12123, 12124, 100,-1,0
 624, 12123, 12124, 100,-1,0
 624, 12123, 12124, 100,-1,0
 624, 12123, 12124, 100,-1,0
 625, 12123, 12124, 100,-1,0
 625, 12123, 12124, 100,-1,0
 625, 12123, 12124, 100,-1,0
 625, 12123, 12124, 100,-1,0
 625, 12123, 12124, 100,-1,0
 625, 12123, 12124, 100,-1,0
 625, 12123, 12124, 100,-1,0
 625, 12123, 12124, 100,-1,0
 625, 12123, 12124, 100,-1,0
 625, 12123, 12124, 100,-1,0
 626, 12123, 12124, 100,-1,0
 626, 12123, 12124, 100,-1,0
 626, 12123, 12124, 100,-1,0
 626, 12123, 12124, 100,-1,0
 626, 12123, 12124, 100,-1,0
 626, 12123, 12124, 100,-1,0
 626, 12123, 12124, 100,-1,0
 626, 12123, 12124, 100,-1,0
 626, 12123, 12124, 100,-1,0
 627, 12123, 12124, 100,-1,0
 627, 12123, 12124, 100,-1,0
 627, 12123, 12124, 100,-1,0
 627, 12123, 12124, 100,-1,0
 627, 12123, 12124, 100,-1,0
 627, 12123, 12124, 100,-1,0
 627, 12123, 12124, 100,-1,0
 627, 12123, 12124, 100,-1,0
 627, 12123, 12124, 100,-1,0
 627, 12123, 12124, 100,-1,0
 628, 12123, 12124, 100,-1,0
 628, 12123, 12124, 100,-1,0
 628, 12123, 12124, 100,-1,0
 628, 12123, 12124, 100,-1,0
 628, 12123, 12124, 100,-1,0
 628, 12123, 12124, 100,-1,0
 628, 12123, 12124, 100,-1,0
 628, 12123, 12124, 100,-1,0
 628, 12123, 12124, 100,-1,0
 628, 12123, 12124, 100,-1,0
 629, 12123, 12124, 100,-1,0
 629, 12123, 12124, 100,-1,0
 629, 12123, 12124, 100,-1,0
 629, 12123, 12124, 100,-1,0
 629, 12123, 12124, 100,-1,0
 629, 12123, 12124, 100,-1,0
 629, 12123, 12124, 100,-1,0
 629, 12123, 12124, 100,-1,0
 629, 12123, 12124, 100,-1,0
 629, 12123, 12124, 100,-1,0
 630, 12123, 12124, 100,-1,0
 630, 12123, 12124, 100,-1,0
 630, 12123, 12124, 100,-1,0
 630, 12123, 12124, 100,-1,0
 630, 12123, 12124, 100,-1,0
 630, 12123, 12124, 100,-1,0
 630, 12123, 12124, 100,-1,0
 630, 12123, 12124, 100,-1,0
 630, 12123, 12124, 100,-1,0
 630, 12123, 12124, 100,-1,0
 631, 12123, 12124, 100,-1,0
 631, 12123, 12124, 100,-1,0
 631, 12123, 12124, 100,-1,0
 631, 12123, 12124, 100,-1,0
 631, 12123, 12124, 100,-1,0
 631, 12123, 12124, 100,-1,0
 631, 12123, 12124, 100,-1,0
 631, 12123, 12124, 100,-1,0
 631, 12123, 12124, 100,-1,0
 631, 12123, 12124, 100,-1,0
 632, 12123, 12124, 100,-1,0
 632, 12123, 12124, 100,-1,0
 632, 12123, 12124, 100,-1,0
 632, 12123, 12124, 100,-1,0
 632, 12123, 12124, 100,-1,0
 632, 12123, 12124, 100,-1,0
 632, 12123, 12124, 100,-1,0
 632, 12123, 12124, 100,-1,0
 632, 12123, 12124, 100,-1,0
 632, 12123, 12124, 100,-1,0
 633, 12123, 12124, 100,-1,0
 633, 12123, 12124, 100,-1,0
 633, 12123, 12124, 100,-1,0
 633, 12123, 12124, 100,-1,0
 633, 12123, 12124, 100,-1,0
 633, 12123, 12124, 100,-1,0
 633, 12123, 12124, 100,-1,0
 633, 12123, 12124, 100,-1,0
 633, 12123, 12124, 100,-1,0
 634, 12123, 12124, 100,-1,0
 634, 12123, 12124, 100,-1,0
 634, 12123, 12124, 100,-1,0
 634, 12123, 12124, 100,-1,0
 634, 12123, 12124, 100,-1,0
 634, 12123, 12124, 100,-1,0
 634, 12123, 12124, 100,-1,0
 634, 12123, 12124, 100,-1,0
 634, 12123, 12124, 100,-1,0
 634, 12123, 12124, 100,-1,0
 635, 12123, 12124, 100,-1,0
 635, 12123, 12124, 100,-1,0
 635, 12123, 12124, 100,-1,0
 635, 12123, 12124, 100,-1,0
 635, 12123, 12124, 100,-1,0
 635, 12123, 12124, 100,-1,0
 635, 12123, 12124, 100,-1,0
 635, 12123, 12124, 100,-1,0
 635, 12123, 12124, 100,-1,0
 635, 12123, 12124, 100,-1,0
 636, 12123, 12124, 100,-1,0
 636, 12123, 12124, 100,-1,0
 636, 12123, 12124, 100,-1,0
 636, 12123, 12124, 100,-1,0
 636, 12123, 12124, 100,-1,0
 636, 12123, 12124, 100,-1,0
 636, 12123, 12124, 100,-1,0
 636, 12123, 12124, 100,-1,0
 636, 12123, 12124, 100,-1,0
 636, 12123, 12124, 100,-1,0
 637, 12123, 12124, 100,-1,0
 637, 12123, 12124, 100,-1,0
 637, 12123, 12124, 100,-1,0
 637, 12123, 12124, 100,-1,0
 637, 12123, 12124, 100,-1,0
 637, 12123, 12124, 100,-1,0
 637, 12123, 12124, 100,-1,0
 637, 12123, 12124, 100,-1,0
 637, 12123, 12124, 100,-1,0
 637, 12123, 12124, 100,-1,0
 638, 12123, 12124, 100,-1,0
 638, 12123, 12124, 100,-1,0
 638, 12123, 12124, 100,-1,0
 638, 12123, 12124, 100,-1,0
 638, 12123, 12124, 100,-1,0
 638, 12123, 12124, 100,-1,0
 638, 12123, 12124, 100,-1,0
 638, 12123, 12124, 100,-1,0
 638, 12123, 12124, 100,-1,0
 638, 12123, 12124, 100,-1,0
 639, 12123, 12124, 100,-1,0
 639, 12123, 12124, 100,-1,0
 639, 12123, 12124, 100,-1,0
 639, 12123, 12124, 100,-1,0
 639, 12123, 12124, 100,-1,0
 639, 12123, 12124, 100,-1,0
 639, 12123, 12124, 100,-1,0
 639, 12123, 12124, 100,-1,0
 639, 12123, 12124, 100,-1,0
 639, 12123, 12124, 100,-1,0
 640, 12123, 12124, 100,-1,0
 640, 12123, 12124, 100,-1,0
 640, 12123, 12124, 100,-1,0
 640, 12123, 12124, 100,-1,0
 640, 12123, 12124, 100,-1,0
 640, 12123, 12124, 100,-1,0
 640, 12123, 12124, 100,-1,0
 640, 12123, 12124, 100,-1,0
 640, 12123, 12124, 100,-1,0
 641, 12123, 12124, 100,-1,0
 641, 12123, 12124, 100,-1,0
 641, 12123, 12124, 100,-1,0
 641, 12123, 12124, 100,-1,0
 641, 12123, 12124, 100,-1,0
 641, 12123, 12124, 100,-1,0
 641, 12123, 12124, 100,-1,0
 641, 12123, 12124, 100,-1,0
 641, 12123, 12124, 100,-1,0
 641, 12123, 12124, 100,-1,0
 642, 12123, 12124, 100,-1,0
 642, 12123, 12124, 100,-1,0
 642, 12123, 12124, 100,-1,0
 642, 12123, 12124, 100,-1,0
 642, 12123, 12124, 100,-1,0
 642, 12123, 12124, 100,-1,0
 642, 12123, 12124, 100,-1,0
 642, 12123, 12124, 100,-1,0
 642, 12123, 12124, 100,-1,0
 642, 12123, 12124, 100,-1,0
 643, 12123, 12124, 100,-1,0
 643, 12123, 12124, 100,-1,0
 643, 12123, 12124, 100,-1,0
 643, 12123, 12124, 100,-1,0
 643, 12123, 12124, 100,-1,0
 643, 12123, 12124, 100,-1,0
 643, 12123, 12124, 100,-1,0
 643, 12123, 12124, 100,-1,0
 643, 12123, 12124, 100,-1,0
 643, 12123, 12124, 100,-1,0
 644, 12123, 12124, 100,-1,0
 644, 12123, 12124, 100,-1,0
 644, 12123, 12124, 100,-1,0
 644, 12123, 12124, 100,-1,0
 644, 12123, 12124, 100,-1,0
 644, 12123, 12124, 100,-1,0
 644, 12123, 12124, 100,-1,0
 644, 12123, 12124, 100,-1,0
 644, 12123, 12124, 100,-1,0
 644, 12123, 12124, 100,-1,0
 645, 12123, 12124, 100,-1,0
 645, 12123, 12124, 100,-1,0
 645, 12123, 12124, 100,-1,0
 645, 12123, 12124, 100,-1,0
 645, 12123, 12124, 100,-1,0
 645, 12123, 12124, 100,-1,0
 645, 12123, 12124, 100,-1,0
 645, 12123, 12124, 100,-1,0
 645, 12123, 12124, 100,-1,0
 645, 12123, 12124, 100,-1,0
 646, 12123, 12124, 100,-1,0
 646, 12123, 12124, 100,-1,0
 646, 12123, 12124, 100,-1,0
 646, 12123, 12124, 100,-1,0
 646, 12123, 12124, 100,-1,0
 646, 12123, 12124, 100,-1,0
 646, 12123, 12124, 100,-1,0
 646, 12123, 12124, 100,-1,0
 646, 12123, 12124, 100,-1,0
 646, 12123, 12124, 100,-1,0
 647, 12123, 12124, 100,-1,0
 647, 12123, 12124, 100,-1,0
 647, 12123, 12124, 100,-1,0
 647, 12123, 12124, 100,-1,0
 647, 12123, 12124, 100,-1,0
 647, 12123, 12124, 100,-1,0
 647, 12123, 12124, 100,-1,0
 647, 12123, 12124, 100,-1,0
 647, 12123, 12124, 100,-1,0
 648, 12123, 12124, 100,-1,0
 648, 12123, 12124, 100,-1,0
 648, 12123, 12124, 100,-1,0
 648, 12123, 12124, 100,-1,0
 648, 12123, 12124, 100,-1,0
 648, 12123, 12124, 100,-1,0
 648, 12123, 12124, 100,-1,0
 648, 12123, 12124, 100,-1,0
 648, 12123, 12124, 100,-1,0
 648, 12123, 12124, 100,-1,0
 649, 12123, 12124, 100,-1,0
 649, 12123, 12124, 100,-1,0
 649, 12123, 12124, 100,-1,0
 649, 12123, 12124, 100,-1,0
 649, 12123, 12124, 100,-1,0
 649, 12123, 12124, 100,-1,0
 649, 12123, 12124, 100,-1,0
 649, 12123, 12124, 100,-1,0
 649, 12123, 12124, 100,-1,0
 649, 12123, 12124, 100,-1,0
 650, 12123, 12124, 100,-1,0
 650, 12123, 12124, 100,-1,0
 650, 12123, 12124, 100,-1,0
 650, 12123, 12124, 100,-1,0
 650, 12123, 12124, 100,-1,0
 650, 12123, 12124, 100,-1,0
 650, 12123, 12124, 100,-1,0
 650, 12123, 12124, 100,-1,0
 650, 12123, 12124, 100,-1,0
 650, 12123, 12124, 100,-1,0
 651, 12123, 12124, 100,-1,0
 651, 12123, 12124, 100,-1,0
 651, 12123, 12124, 100,-1,0
 651, 12123, 12124, 100,-1,0
 651, 12123, 12124, 100,-1,0
 651, 12123, 12124, 100,-1,0
 651, 12123, 12124, 100,-1,0
 651, 12123, 12124, 100,-1,0
 651, 12123, 12124, 100,-1,0
 651, 12123, 12124, 100,-1,0
 652, 12123, 12124, 100,-1,0
 652, 12123, 12124, 100,-1,0
 652, 12123, 12124, 100,-1,0
 652, 12123, 12124, 100,-1,0
 652, 12123, 12124, 100,-1,0
 652, 12123, 12124, 100,-1,0
 652, 12123, 12124, 100,-1,0
 652, 12123, 12124, 100,-1,0
 652, 12123, 12124, 100,-1,0
 652, 12123, 12124, 100,-1,0
 653, 12123, 12124, 100,-1,0
 653, 12123, 12124, 100,-1,0
 653, 12123, 12124, 100,-1,0
 653, 12123, 12124, 100,-1,0
 653, 12123, 12124, 100,-1,0
 653, 12123, 12124, 100,-1,0
 653, 12123, 12124, 100,-1,0
 653, 12123, 12124, 100,-1,0
 653, 12123, 12124, 100,-1,0
 653, 12123, 12124, 100,-1,0
 654, 12123, 12124, 100,-1,0
 654, 12123, 12124, 100,-1,0
 654, 12123, 12124, 100,-1,0
 654, 12123, 12124, 100,-1,0
 654, 12123, 12124, 100,-1,0
 654, 12123, 12124, 100,-1,0
 654, 12123, 12124, 100,-1,0
 654, 12123, 12124, 100,-1,0
 654, 12123, 12124, 100,-1,0
 654, 12123, 12124, 100,-1,0
 655, 12123, 12124, 100,-1,0
 655, 12123, 12124, 100,-1,0
 655, 12123, 12124, 100,-1,0
 655, 12123, 12124, 100,-1,0
 655, 12123, 12124, 100,-1,0
 655, 12123, 12124, 100,-1,0
 655, 12123, 12124, 100,-1,0
 655, 12123, 12124, 100,-1,0
 655, 12123, 12124, 100,-1,0
 656, 12123, 12124, 100,-1,0
 656, 12123, 12124, 100,-1,0
 656, 12123, 12124, 100,-1,0
 656, 12123, 12124, 100,-1,0
 656, 12123, 12124, 100,-1,0
 656, 12123, 12124, 100,-1,0
 656, 12123, 12124, 100,-1,0
 656, 12123, 12124, 100,-1,0
 656, 12123, 12124, 100,-1,0
 656, 12123, 12124, 100,-1,0
 657, 12123, 12124, 100,-1,0
 657, 12123, 12124, 100,-1,0
 657, 12123, 12124, 100,-1,0
 657, 12123, 12124, 100,-1,0
 657, 12123, 12124, 100,-1,0
 657, 12123, 12124, 100,-1,0
 657, 12123, 12124, 100,-1,0
 657, 12123, 12124, 100,-1,0
 657, 12123, 12124, 100,-1,0
 658, 12123, 12124, 100,-1,0
 658, 12123, 12124, 100,-1,0
 658, 12123, 12124, 100,-1,0
 658, 12123, 12124, 100,-1,0
 658, 12123, 12124, 100,-1,0
 658, 12123, 12124, 100,-1,0
 658, 12123, 12124, 100,-1,0
 658, 12123, 12124, 100,-1,0
 658, 12123, 12124, 100,-1,0
 658, 12123, 12124, 100,-1,0
 659, 12123, 12124, 100,-1,0
 659, 12123, 12124, 100,-1,0
 659, 12123, 12124, 100,-1,0
 659, 12123, 12124, 100,-1,0
 659, 12123, 12124, 100,-1,0
 659, 12123, 12124, 100,-1,0
 659, 12123, 12124, 100,-1,0
 659, 12123, 12124, 100,-1,0
 659, 12123, 12124, 100,-1,0
 659, 12123, 12124, 100,-1,0
 660, 12123, 12124, 100,-1,0
 660, 12123, 12124, 100,-1,0
 660, 12123, 12124, 100,-1,0
 660, 12123, 12124, 100,-1,0
 660, 12123, 12124, 100,-1,0
 660, 12123, 12124, 100,-1,0
 660, 12123, 12124, 100,-1,0
 660, 12123, 12124, 100,-1,0
 660, 12123, 12124, 100,-1,0
 660, 12123, 12124, 100,-1,0
 661, 12123, 12124, 100,-1,0
 661, 12123, 12124, 100,-1,0
 661, 12123, 12124, 100,-1,0
 661, 12123, 12124, 100,-1,0
 661, 12123, 12124, 100,-1,0
 661, 12123, 12124, 100,-1,0
 661, 12123, 12124, 100,-1,0
 661, 12123, 12124, 100,-1,0
 661, 12123, 12124, 100,-1,0
 661, 12123, 12124, 100,-1,0
 662, 12123, 12124, 100,-1,0
 662, 12123, 12124, 100,-1,0
 662, 12123, 12124, 100,-1,0
 662, 12123, 12124, 100,-1,0
 662, 12123, 12124, 100,-1,0
 662, 12123, 12124, 100,-1,0
 662, 12123, 12124, 100,-1,0
 662, 12123, 12124, 100,-1,0
 662, 12123, 12124, 100,-1,0
 662, 12123, 12124, 100,-1,0
 663, 12123, 12124, 100,-1,0
 663, 12123, 12124, 100,-1,0
 663, 12123, 12124, 100,-1,0
 663, 12123, 12124, 100,-1,0
 663, 12123, 12124, 100,-1,0
 663, 12123, 12124, 100,-1,0
 663, 12123, 12124, 100,-1,0
 663, 12123, 12124, 100,-1,0
 663, 12123, 12124, 100,-1,0
 663, 12123, 12124, 100,-1,0
 664, 12123, 12124, 100,-1,0
 664, 12123, 12124, 100,-1,0
 664, 12123, 12124, 100,-1,0
 664, 12123, 12124, 100,-1,0
 664, 12123, 12124, 100,-1,0
 664, 12123, 12124, 100,-1,0
 664, 12123, 12124, 100,-1,0
 664, 12123, 12124, 100,-1,0
 664, 12123, 12124, 100,-1,0
 665, 12123, 12124, 100,-1,0
 665, 12123, 12124, 100,-1,0
 665, 12123, 12124, 100,-1,0
 665, 12123, 12124, 100,-1,0
 665, 12123, 12124, 100,-1,0
 665, 12123, 12124, 100,-1,0
 665, 12123, 12124, 100,-1,0
 665, 12123, 12124, 100,-1,0
 665, 12123, 12124, 100,-1,0
 665, 12123, 12124, 100,-1,0
 666, 12123, 12124, 100,-1,0
 666, 12123, 12124, 100,-1,0
 666, 12123, 12124, 100,-1,0
 666, 12123, 12124, 100,-1,0
 666, 12123, 12124, 100,-1,0
 666, 12123, 12124, 100,-1,0
 666, 12123, 12124, 100,-1,0
 666, 12123, 12124, 100,-1,0
 666, 12123, 12124, 100,-1,0
 666, 12123, 12124, 100,-1,0
 667, 12123, 12124, 100,-1,0
 667, 12123, 12124, 100,-1,0
 667, 12123, 12124, 100,-1,0
 667, 12123, 12124, 100,-1,0
 667, 12123, 12124, 100,-1,0
 667, 12123, 12124, 100,-1,0
 667, 12123, 12124, 100,-1,0
 667, 12123, 12124, 100,-1,0
 667, 12123, 12124, 100,-1,0
 667, 12123, 12124, 100,-1,0
 668, 12123, 12124, 100,-1,0
 668, 12123, 12124, 100,-1,0
 668, 12123, 12124, 100,-1,0
 668, 12123, 12124, 100,-1,0
 668, 12123, 12124, 100,-1,0
 668, 12123, 12124, 100,-1,0
 668, 12123, 12124, 100,-1,0
 668, 12123, 12124, 100,-1,0
 668, 12123, 12124, 100,-1,0
 668, 12123, 12124, 100,-1,0
 669, 12123, 12124, 100,-1,0
 669, 12123, 12124, 100,-1,0
 669, 12123, 12124, 100,-1,0
 669, 12123, 12124, 100,-1,0
 669, 12123, 12124, 100,-1,0
 669, 12123, 12124, 100,-1,0
 669, 12123, 12124, 100,-1,0
 669, 12123, 12124, 100,-1,0
 669, 12123, 12124, 100,-1,0
 669, 12123, 12124, 100,-1,0
 670, 12123, 12124, 100,-1,0
 670, 12123, 12124, 100,-1,0
 670, 12123, 12124, 100,-1,0
 670, 12123, 12124, 100,-1,0
 670, 12123, 12124, 100,-1,0
 670, 12123, 12124, 100,-1,0
 670, 12123, 12124, 100,-1,0
 670, 12123, 12124, 100,-1,0
 670, 12123, 12124, 100,-1,0
 670, 12123, 12124, 100,-1,0
 671, 12123, 12124, 100,-1,0
 671, 12123, 12124, 100,-1,0
 671, 12123, 12124, 100,-1,0
 671, 12123, 12124, 100,-1,0
 671, 12123, 12124, 100,-1,0
 671, 12123, 12124, 100,-1,0
 671, 12123, 12124, 100,-1,0
 671, 12123, 12124, 100,-1,0
 671, 12123, 12124, 100,-1,0
 672, 12123, 12124, 100,-1,0
 672, 12123, 12124, 100,-1,0
 672, 12123, 12124, 100,-1,0
 672, 12123, 12124, 100,-1,0
 672, 12123, 12124, 100,-1,0
 672, 12123, 12124, 100,-1,0
 672, 12123, 12124, 100,-1,0
 672, 12123, 12124, 100,-1,0
 672, 12123, 12124, 100,-1,0
 672, 12123, 12124, 100,-1,0
 673, 12123, 12124, 100,-1,0
 673, 12123, 12124, 100,-1,0
 673, 12123, 12124, 100,-1,0
 673, 12123, 12124, 100,-1,0
 673, 12123, 12124, 100,-1,0
 673, 12123, 12124, 100,-1,0
 673, 12123, 12124, 100,-1,0
 673, 12123, 12124, 100,-1,0
 673, 12123, 12124, 100,-1,0
 673, 12123, 12124, 100,-1,0
 674, 12123, 12124, 100,-1,0
 674, 12123, 12124, 100,-1,0
 674, 12123, 12124, 100,-1,0
 674, 12123, 12124, 100,-1,0
 674, 12123, 12124, 100,-1,0
 674, 12123, 12124, 100,-1,0
 674, 12123, 12124, 100,-1,0
 674, 12123, 12124, 100,-1,0
 674, 12123, 12124, 100,-1,0
 675, 12123, 12124, 100,-1,0
 675, 12123, 12124, 100,-1,0
 675, 12123, 12124, 100,-1,0
 675, 12123, 12124, 100,-1,0
 675, 12123, 12124, 100,-1,0
 675, 12123, 12124, 100,-1,0
 675, 12123, 12124, 100,-1,0
 675, 12123, 12124, 100,-1,0
 675, 12123, 12124, 100,-1,0
 675, 12123, 12124, 100,-1,0
 676, 12123, 12124, 100,-1,0
 676, 12123, 12124, 100,-1,0
 676, 12123, 12124, 100,-1,0
 676, 12123, 12124, 100,-1,0
 676, 12123, 12124, 100,-1,0
 676, 12123, 12124, 100,-1,0
 676, 12123, 12124, 100,-1,0
 676, 12123, 12124, 100,-1,0
 676, 12123, 12124, 100,-1,0
 676, 12123, 12124, 100,-1,0
 677, 12123, 12124, 100,-1,0
 677, 12123, 12124, 100,-1,0
 677, 12123, 12124, 100,-1,0
 677, 12123, 12124, 100,-1,0
 677, 12123, 12124, 100,-1,0
 677, 12123, 12124, 100,-1,0
 677, 12123, 12124, 100,-1,0
 677, 12123, 12124, 100,-1,0
 677, 12123, 12124, 100,-1,0
 678, 12123, 12124, 100,-1,0
 678, 12123, 12124, 100,-1,0
 678, 12123, 12124, 100,-1,0
 678, 12123, 12124, 100,-1,0
 678, 12123, 12124, 100,-1,0
 678, 12123, 12124, 100,-1,0
 678, 12123, 12124, 100,-1,0
 678, 12123, 12124, 100,-1,0
 678, 12123, 12124, 100,-1,0
 678, 12123, 12124, 100,-1,0
 679, 12123, 12124, 100,-1,0
 679, 12123, 12124, 100,-1,0
 679, 12123, 12124, 100,-1,0
 679, 12123, 12124, 100,-1,0
 679, 12123, 12124, 100,-1,0
 679, 12123, 12124, 100,-1,0
 679, 12123, 12124, 100,-1,0
 679, 12123, 12124, 100,-1,0
 679, 12123, 12124, 100,-1,0
 679, 12123, 12124, 100,-1,0
 680, 12123, 12124, 100,-1,0
 680, 12123, 12124, 100,-1,0
 680, 12123, 12124, 100,-1,0
 680, 12123, 12124, 100,-1,0
 680, 12123, 12124, 100,-1,0
 680, 12123, 12124, 100,-1,0
 680, 12123, 12124, 100,-1,0
 680, 12123, 12124, 100,-1,0
 680, 12123, 12124, 100,-1,0
 680, 12123, 12124, 100,-1,0
 681, 12123, 12124, 100,-1,0
 681, 12123, 12124, 100,-1,0
 681, 12123, 12124, 100,-1,0
 681, 12123, 12124, 100,-1,0
 681, 12123, 12124, 100,-1,0
 681, 12123, 12124, 100,-1,0
 681, 12123, 12124, 100,-1,0
 681, 12123, 12124, 100,-1,0
 681, 12123, 12124, 100,-1,0
 681, 12123, 12124, 100,-1,0
 682, 12123, 12124, 100,-1,0
 682, 12123, 12124, 100,-1,0
 682, 12123, 12124, 100,-1,0
 682, 12123, 12124, 100,-1,0
 682, 12123, 12124, 100,-1,0
 682, 12123, 12124, 100,-1,0
 682, 12123, 12124, 100,-1,0
 682, 12123, 12124, 100,-1,0
 682, 12123, 12124, 100,-1,0
 682, 12123, 12124, 100,-1,0
 683, 12123, 12124, 100,-1,0
 683, 12123, 12124, 100,-1,0
 683, 12123, 12124, 100,-1,0
 683, 12123, 12124, 100,-1,0
 683, 12123, 12124, 100,-1,0
 683, 12123, 12124, 100,-1,0
 683, 12123, 12124, 100,-1,0
 683, 12123, 12124, 100,-1,0
 683, 12123, 12124, 100,-1,0
 684, 12123, 12124, 100,-1,0
 684, 12123, 12124, 100,-1,0
 684, 12123, 12124, 100,-1,0
 684, 12123, 12124, 100,-1,0
 684, 12123, 12124, 100,-1,0
 684, 12123, 12124, 100,-1,0
 684, 12123, 12124, 100,-1,0
 684, 12123, 12124, 100,-1,0
 684, 12123, 12124, 100,-1,0
 684, 12123, 12124, 100,-1,0
 685, 12123, 12124, 100,-1,0
 685, 12123, 12124, 100,-1,0
 685, 12123, 12124, 100,-1,0
 685, 12123, 12124, 100,-1,0
 685, 12123, 12124, 100,-1,0
 685, 12123, 12124, 100,-1,0
 685, 12123, 12124, 100,-1,0
 685, 12123, 12124, 100,-1,0
 685, 12123, 12124, 100,-1,0
 685, 12123, 12124, 100,-1,0
 686, 12123, 12124, 100,-1,0
 686, 12123, 12124, 100,-1,0
 686, 12123, 12124, 100,-1,0
 686, 12123, 12124, 100,-1,0
 686, 12123, 12124, 100,-1,0
 686, 12123, 12124, 100,-1,0
 686, 12123, 12124, 100,-1,0
 686, 12123, 12124, 100,-1,0
 686, 12123, 12124, 100,-1,0
 686, 12123, 12124, 100,-1,0
 687, 12123, 12124, 100,-1,0
 687, 12123, 12124, 100,-1,0
 687, 12123, 12124, 100,-1,0
 687, 12123, 12124, 100,-1,0
 687, 12123, 12124, 100,-1,0
 687, 12123, 12124, 100,-1,0
 687, 12123, 12124, 100,-1,0
 687, 12123, 12124, 100,-1,0
 687, 12123, 12124, 100,-1,0
 687, 12123, 12124, 100,-1,0
 688, 12123, 12124, 100,-1,0
 688, 12123, 12124, 100,-1,0
 688, 12123, 12124, 100,-1,0
 688, 12123, 12124, 100,-1,0
 688, 12123, 12124, 100,-1,0
 688, 12123, 12124, 100,-1,0
 688, 12123, 12124, 100,-1,0
 688, 12123, 12124, 100,-1,0
 688, 12123, 12124, 100,-1,0
 688, 12123, 12124, 100,-1,0
 689, 12123, 12124, 100,-1,0
 689, 12123, 12124, 100,-1,0
 689, 12123, 12124, 100,-1,0
 689, 12123, 12124, 100,-1,0
 689, 12123, 12124, 100,-1,0
 689, 12123, 12124, 100,-1,0
 689, 12123, 12124, 100,-1,0
 689, 12123, 12124, 100,-1,0
 689, 12123, 12124, 100,-1,0
 689, 12123, 12124, 100,-1,0
 690, 12123, 12124, 100,-1,0
 690, 12123, 12124, 100,-1,0
 690, 12123, 12124, 100,-1,0
 690, 12123, 12124, 100,-1,0
 690, 12123, 12124, 100,-1,0
 690, 12123, 12124, 100,-1,0
 690, 12123, 12124, 100,-1,0
 690, 12123, 12124, 100,-1,0
 690, 12123, 12124, 100,-1,0
 691, 12123, 12124, 100,-1,0
 691, 12123, 12124, 100,-1,0
 691, 12123, 12124, 100,-1,0
 691, 12123, 12124, 100,-1,0
 691, 12123, 12124, 100,-1,0
 691, 12123, 12124, 100,-1,0
 691, 12123, 12124, 100,-1,0
 691, 12123, 12124, 100,-1,0
 691, 12123, 12124, 100,-1,0
 691, 12123, 12124, 100,-1,0
 692, 12123, 12124, 100,-1,0
 692, 12123, 12124, 100,-1,0
 692, 12123, 12124, 100,-1,0
 692, 12123, 12124, 100,-1,0
 692, 12123, 12124, 100,-1,0
 692, 12123, 12124, 100,-1,0
 692, 12123, 12124, 100,-1,0
 692, 12123, 12124, 100,-1,0
 692, 12123, 12124, 100,-1,0
 692, 12123, 12124, 100,-1,0
 693, 12123, 12124, 100,-1,0
 693, 12123, 12124, 100,-1,0
 693, 12123, 12124, 100,-1,0
 693, 12123, 12124, 100,-1,0
 693, 12123, 12124, 100,-1,0
 693, 12123, 12124, 100,-1,0
 693, 12123, 12124, 100,-1,0
 693, 12123, 12124, 100,-1,0
 693, 12123, 12124, 100,-1,0
 693, 12123, 12124, 100,-1,0
 694, 12123, 12124, 100,-1,0
 694, 12123, 12124, 100,-1,0
 694, 12123, 12124, 100,-1,0
 694, 12123, 12124, 100,-1,0
 694, 12123, 12124, 100,-1,0
 694, 12123, 12124, 100,-1,0
 694, 12123, 12124, 100,-1,0
 694, 12123, 12124, 100,-1,0
 694, 12123, 12124, 100,-1,0
 694, 12123, 12124, 100,-1,0
 695, 12123, 12124, 100,-1,0
 695, 12123, 12124, 100,-1,0
 695, 12123, 12124, 100,-1,0
 695, 12123, 12124, 100,-1,0
 695, 12123, 12124, 100,-1,0
 695, 12123, 12124, 100,-1,0
 695, 12123, 12124, 100,-1,0
 695, 12123, 12124, 100,-1,0
 695, 12123, 12124, 100,-1,0
 695, 12123, 12124, 100,-1,0
 696, 12123, 12124, 100,-1,0
 696, 12123, 12124, 100,-1,0
 696, 12123, 12124, 100,-1,0
 696, 12123, 12124, 100,-1,0
 696, 12123, 12124, 100,-1,0
 696, 12123, 12124, 100,-1,0
 696, 12123, 12124, 100,-1,0
 696, 12123, 12124, 100,-1,0
 696, 12123, 12124, 100,-1,0
 696, 12123, 12124, 100,-1,0
 697, 12123, 12124, 100,-1,0
 697, 12123, 12124, 100,-1,0
 697, 12123, 12124, 100,-1,0
 697, 12123, 12124, 100,-1,0
 697, 12123, 12124, 100,-1,0
 697, 12123, 12124, 100,-1,0
 697, 12123, 12124, 100,-1,0
 697, 12123, 12124, 100,-1,0
 697, 12123, 12124, 100,-1,0
 697, 12123, 12124, 100,-1,0
 698, 12123, 12124, 100,-1,0
 698, 12123, 12124, 100,-1,0
 698, 12123, 12124, 100,-1,0
 698, 12123, 12124, 100,-1,0
 698, 12123, 12124, 100,-1,0
 698, 12123, 12124, 100,-1,0
 698, 12123, 12124, 100,-1,0
 698, 12123, 12124, 100,-1,0
 698, 12123, 12124, 100,-1,0
 699, 12123, 12124, 100,-1,0
 699, 12123, 12124, 100,-1,0
 699, 12123, 12124, 100,-1,0
 699, 12123, 12124, 100,-1,0
 699, 12123, 12124, 100,-1,0
 699, 12123, 12124, 100,-1,0
 699, 12123, 12124, 100,-1,0
 699, 12123, 12124, 100,-1,0
 699, 12123, 12124, 100,-1,0
 699, 12123, 12124, 100,-1,0
 700, 12123, 12124, 100,-1,0
 700, 12123, 12124, 100,-1,0
 700, 12123, 12124, 100,-1,0
 700, 12123, 12124, 100,-1,0
 700, 12123, 12124, 100,-1,0
 700, 12123, 12124, 100,-1,0
 700, 12123, 12124, 100,-1,0
 700, 12123, 12124, 100,-1,0
 700, 12123, 12124, 100,-1,0
 700, 12123, 12124, 100,-1,0
 701, 12123, 12124, 100,-1,0
 701, 12123, 12124, 100,-1,0
 701, 12123, 12124, 100,-1,0
 701, 12123, 12124, 100,-1,0
 701, 12123, 12124, 100,-1,0
 701, 12123, 12124, 100,-1,0
 701, 12123, 12124, 100,-1,0
 701, 12123, 12124, 100,-1,0
 701, 12123, 12124, 100,-1,0
 701, 12123, 12124, 100,-1,0
 702, 12123, 12124, 100,-1,0
 702, 12123, 12124, 100,-1,0
 702, 12123, 12124, 100,-1,0
 702, 12123, 12124, 100,-1,0
 702, 12123, 12124, 100,-1,0
 702, 12123, 12124, 100,-1,0
 702, 12123, 12124, 100,-1,0
 702, 12123, 12124, 100,-1,0
 702, 12123, 12124, 100,-1,0
 702, 12123, 12124, 100,-1,0
 703, 12123, 12124, 100,-1,0
 703, 12123, 12124, 100,-1,0
 703, 12123, 12124, 100,-1,0
 703, 12123, 12124, 100,-1,0
 703, 12123, 12124, 100,-1,0
 703, 12123, 12124, 100,-1,0
 703, 12123, 12124, 100,-1,0
 703, 12123, 12124, 100,-1,0
 703, 12123, 12124, 100,-1,0
 703, 12123, 12124, 100,-1,0
 704, 12123, 12124, 100,-1,0
 704, 12123, 12124, 100,-1,0
 704, 12123, 12124, 100,-1,0
 704, 12123, 12124, 100,-1,0
 704, 12123, 12124, 100,-1,0
 704, 12123, 12124, 100,-1,0
 704, 12123, 12124, 100,-1,0
 704, 12123, 12124, 100,-1,0
 704, 12123, 12124, 100,-1,0
 704, 12123, 12124, 100,-1,0
 705, 12123, 12124, 100,-1,0
 705, 12123, 12124, 100,-1,0
 705, 12123, 12124, 100,-1,0
 705, 12123, 12124, 100,-1,0
 705, 12123, 12124, 100,-1,0
 705, 12123, 12124, 100,-1,0
 705, 12123, 12124, 100,-1,0
 705, 12123, 12124, 100,-1,0
 705, 12123, 12124, 100,-1,0
 705, 12123, 12124, 100,-1,0
 706, 12123, 12124, 100,-1,0
 706, 12123, 12124, 100,-1,0
 706, 12123, 12124, 100,-1,0
 706, 12123, 12124, 100,-1,0
 706, 12123, 12124, 100,-1,0
 706, 12123, 12124, 100,-1,0
 706, 12123, 12124, 100,-1,0
 706, 12123, 12124, 100,-1,0
 706, 12123, 12124, 100,-1,0
 706, 12123, 12124, 100,-1,0
 707, 12123, 12124, 100,-1,0
 707, 12123, 12124, 100,-1,0
 707, 12123, 12124, 100,-1,0
 707, 12123, 12124, 100,-1,0
 707, 12123, 12124, 100,-1,0
 707, 12123, 12124, 100,-1,0
 707, 12123, 12124, 100,-1,0
 707, 12123, 12124, 100,-1,0
 707, 12123, 12124, 100,-1,0
 707, 12123, 12124, 100,-1,0
 708, 12123, 12124, 100,-1,0
 708, 12123, 12124, 100,-1,0
 708, 12123, 12124, 100,-1,0
 708, 12123, 12124, 100,-1,0
 708, 12123, 12124, 100,-1,0
 708, 12123, 12124, 100,-1,0
 708, 12123, 12124, 100,-1,0
 708, 12123, 12124, 100,-1,0
 708, 12123, 12124, 100,-1,0
 708, 12123, 12124, 100,-1,0
 709, 12123, 12124, 100,-1,0
 709, 12123, 12124, 100,-1,0
 709, 12123, 12124, 100,-1,0
 709, 12123, 12124, 100,-1,0
 709, 12123, 12124, 100,-1,0
 709, 12123, 12124, 100,-1,0
 709, 12123, 12124, 100,-1,0
 709, 12123, 12124, 100,-1,0
 709, 12123, 12124, 100,-1,0
 710, 12123, 12124, 100,-1,0
 710, 12123, 12124, 100,-1,0
 710, 12123, 12124, 100,-1,0
 710, 12123, 12124, 100,-1,0
 710, 12123, 12124, 100,-1,0
 710, 12123, 12124, 100,-1,0
 710, 12123, 12124, 100,-1,0
 710, 12123, 12124, 100,-1,0
 710, 12123, 12124, 100,-1,0
 710, 12123, 12124, 100,-1,0
 711, 12123, 12124, 100,-1,0
 711, 12123, 12124, 100,-1,0
 711, 12123, 12124, 100,-1,0
 711, 12123, 12124, 100,-1,0
 711, 12123, 12124, 100,-1,0
 711, 12123, 12124, 100,-1,0
 711, 12123, 12124, 100,-1,0
 711, 12123, 12124, 100,-1,0
 711, 12123, 12124, 100,-1,0
 711, 12123, 12124, 100,-1,0
 712, 12123, 12124, 100,-1,0
 712, 12123, 12124, 100,-1,0
 712, 12123, 12124, 100,-1,0
 712, 12123, 12124, 100,-1,0
 712, 12123, 12124, 100,-1,0
 712, 12123, 12124, 100,-1,0
 712, 12123, 12124, 100,-1,0
 712, 12123, 12124, 100,-1,0
 712, 12123, 12124, 100,-1,0
 712, 12123, 12124, 100,-1,0
 713, 12123, 12124, 100,-1,0
 713, 12123, 12124, 100,-1,0
 713, 12123, 12124, 100,-1,0
 713, 12123, 12124, 100,-1,0
 713, 12123, 12124, 100,-1,0
 713, 12123, 12124, 100,-1,0
 713, 12123, 12124, 100,-1,0
 713, 12123, 12124, 100,-1,0
 713, 12123, 12124, 100,-1,0
 713, 12123, 12124, 100,-1,0
 714, 12123, 12124, 100,-1,0
 714, 12123, 12124, 100,-1,0
 714, 12123, 12124, 100,-1,0
 714, 12123, 12124, 100,-1,0
 714, 12123, 12124, 100,-1,0
 714, 12123, 12124, 100,-1,0
 714, 12123, 12124, 100,-1,0
 714, 12123, 12124, 100,-1,0
 714, 12123, 12124, 100,-1,0
 714, 12123, 12124, 100,-1,0
 715, 12123, 12124, 100,-1,0
 715, 12123, 12124, 100,-1,0
 715, 12123, 12124, 100,-1,0
 715, 12123, 12124, 100,-1,0
 715, 12123, 12124, 100,-1,0
 715, 12123, 12124, 100,-1,0
 715, 12123, 12124, 100,-1,0
 715, 12123, 12124, 100,-1,0
 715, 12123, 12124, 100,-1,0
 715, 12123, 12124, 100,-1,0
 716, 12123, 12124, 100,-1,0
 716, 12123, 12124, 100,-1,0
 716, 12123, 12124, 100,-1,0
 716, 12123, 12124, 100,-1,0
 716, 12123, 12124, 100,-1,0
 716, 12123, 12124, 100,-1,0
 716, 12123, 12124, 100,-1,0
 716, 12123, 12124, 100,-1,0
 716, 12123, 12124, 100,-1,0
 716, 12123, 12124, 100,-1,0
 717, 12123, 12124, 100,-1,0
 717, 12123, 12124, 100,-1,0
 717, 12123, 12124, 100,-1,0
 717, 12123, 12124, 100,-1,0
 717, 12123, 12124, 100,-1,0
 717, 12123, 12124, 100,-1,0
 717, 12123, 12124, 100,-1,0
 717, 12123, 12124, 100,-1,0
 717, 12123, 12124, 100,-1,0
 717, 12123, 12124, 100,-1,0
 718, 12123, 12124, 100,-1,0
 718, 12123, 12124, 100,-1,0
 718, 12123, 12124, 100,-1,0
 718, 12123, 12124, 100,-1,0
 718, 12123, 12124, 100,-1,0
 718, 12123, 12124, 100,-1,0
 718, 12123, 12124, 100,-1,0
 718, 12123, 12124, 100,-1,0
 718, 12123, 12124, 100,-1,0
 719, 12123, 12124, 100,-1,0
 719, 12123, 12124, 100,-1,0
 719, 12123, 12124, 100,-1,0
 719, 12123, 12124, 100,-1,0
 719, 12123, 12124, 100,-1,0
 719, 12123, 12124, 100,-1,0
 719, 12123, 12124, 100,-1,0
 719, 12123, 12124, 100,-1,0
 719, 12123, 12124, 100,-1,0
 719, 12123, 12124, 100,-1,0
 720, 12123, 12124, 100,-1,0
 720, 12123, 12124, 100,-1,0
 720, 12123, 12124, 100,-1,0
 720, 12123, 12124, 100,-1,0
 720, 12123, 12124, 100,-1,0
 720, 12123, 12124, 100,-1,0
 720, 12123, 12124, 100,-1,0
 720, 12123, 12124, 100,-1,0
 720, 12123, 12124, 100,-1,0
 720, 12123, 12124, 100,-1,0
 721, 12123, 12124, 100,-1,0
 721, 12123, 12124, 100,-1,0
 721, 12123, 12124, 100,-1,0
 721, 12123, 12124, 100,-1,0
 721, 12123, 12124, 100,-1,0
 721, 12123, 12124, 100,-1,0
 721, 12123, 12124, 100,-1,0
 721, 12123, 12124, 100,-1,0
 721, 12123, 12124, 100,-1,0
 721, 12123, 12124, 100,-1,0
 722, 12123, 12124, 100,-1,0
 722, 12123, 12124, 100,-1,0
 722, 12123, 12124, 100,-1,0
 722, 12123, 12124, 100,-1,0
 722, 12123, 12124, 100,-1,0
 722, 12123, 12124, 100,-1,0
 722, 12123, 12124, 100,-1,0
 722, 12123, 12124, 100,-1,0
 722, 12123, 12124, 100,-1,0
 722, 12123, 12124, 100,-1,0
 723, 12123, 12124, 100,-1,0
 723, 12123, 12124, 100,-1,0
 723, 12123, 12124, 100,-1,0
 723, 12123, 12124, 100,-1,0
 723, 12123, 12124, 100,-1,0
 723, 12123, 12124, 100,-1,0
 723, 12123, 12124, 100,-1,0
 723, 12123, 12124, 100,-1,0
 723, 12123, 12124, 100,-1,0
 723, 12123, 12124, 100,-1,0
 724, 12123, 12124, 100,-1,0
 724, 12123, 12124, 100,-1,0
 724, 12123, 12124, 100,-1,0
 724, 12123, 12124, 100,-1,0
 724, 12123, 12124, 100,-1,0
 724, 12123, 12124, 100,-1,0
 724, 12123, 12124, 100,-1,0
 724, 12123, 12124, 100,-1,0
 724, 12123, 12124, 100,-1,0
 724, 12123, 12124, 100,-1,0
 725, 12123, 12124, 100,-1,0
 725, 12123, 12124, 100,-1,0
 725, 12123, 12124, 100,-1,0
 725, 12123, 12124, 100,-1,0
 725, 12123, 12124, 100,-1,0
 725, 12123, 12124, 100,-1,0
 725, 12123, 12124, 100,-1,0
 725, 12123, 12124, 100,-1,0
 725, 12123, 12124, 100,-1,0
 725, 12123, 12124, 100,-1,0
 726, 12123, 12124, 100,-1,0
 726, 12123, 12124, 100,-1,0
 726, 12123, 12124, 100,-1,0
 726, 12123, 12124, 100,-1,0
 726, 12123, 12124, 100,-1,0
 726, 12123, 12124, 100,-1,0
 726, 12123, 12124, 100,-1,0
 726, 12123, 12124, 100,-1,0
 726, 12123, 12124, 100,-1,0
 727, 12123, 12124, 100,-1,0
 727, 12123, 12124, 100,-1,0
 727, 12123, 12124, 100,-1,0
 727, 12123, 12124, 100,-1,0
 727, 12123, 12124, 100,-1,0
 727, 12123, 12124, 100,-1,0
 727, 12123, 12124, 100,-1,0
 727, 12123, 12124, 100,-1,0
 727, 12123, 12124, 100,-1,0
 727, 12123, 12124, 100,-1,0
 728, 12123, 12124, 100,-1,0
 728, 12123, 12124, 100,-1,0
 728, 12123, 12124, 100,-1,0
 728, 12123, 12124, 100,-1,0
 728, 12123, 12124, 100,-1,0
 728, 12123, 12124, 100,-1,0
 728, 12123, 12124, 100,-1,0
 728, 12123, 12124, 100,-1,0
 728, 12123, 12124, 100,-1,0
 728, 12123, 12124, 100,-1,0
 729, 12123, 12124, 100,-1,0
 729, 12123, 12124, 100,-1,0
 729, 12123, 12124, 100,-1,0
 729, 12123, 12124, 100,-1,0
 729, 12123, 12124, 100,-1,0
 729, 12123, 12124, 100,-1,0
 729, 12123, 12124, 100,-1,0
 729, 12123, 12124, 100,-1,0
 729, 12123, 12124, 100,-1,0
 729, 12123, 12124, 100,-1,0
 730, 12123, 12124, 100,-1,0
 730, 12123, 12124, 100,-1,0
 730, 12123, 12124, 100,-1,0
 730, 12123, 12124, 100,-1,0
 730, 12123, 12124, 100,-1,0
 730, 12123, 12124, 100,-1,0
 730, 12123, 12124, 100,-1,0
 730, 12123, 12124, 100,-1,0
 730, 12123, 12124, 100,-1,0
 730, 12123, 12124, 100,-1,0
 731, 12123, 12124, 100,-1,0
 731, 12123, 12124, 100,-1,0
 731, 12123, 12124, 100,-1,0
 731, 12123, 12124, 100,-1,0
 731, 12123, 12124, 100,-1,0
 731, 12123, 12124, 100,-1,0
 731, 12123, 12124, 100,-1,0
 731, 12123, 12124, 100,-1,0
 731, 12123, 12124, 100,-1,0
 731, 12123, 12124, 100,-1,0
 732, 12123, 12124, 100,-1,0
 732, 12123, 12124, 100,-1,0
 732, 12123, 12124, 100,-1,0
 732, 12123, 12124, 100,-1,0
 732, 12123, 12124, 100,-1,0
 732, 12123, 12124, 100,-1,0
 732, 12123, 12124, 100,-1,0
 732, 12123, 12124, 100,-1,0
 732, 12123, 12124, 100,-1,0
 732, 12123, 12124, 100,-1,0
 733, 12123, 12124, 100,-1,0
 733, 12123, 12124, 100,-1,0
 733, 12123, 12124, 100,-1,0
 733, 12123, 12124, 100,-1,0
 733, 12123, 12124, 100,-1,0
 733, 12123, 12124, 100,-1,0
 733, 12123, 12124, 100,-1,0
 733, 12123, 12124, 100,-1,0
 733, 12123, 12124, 100,-1,0
 733, 12123, 12124, 100,-1,0
 734, 12123, 12124, 100,-1,0
 734, 12123, 12124, 100,-1,0
 734, 12123, 12124, 100,-1,0
 734, 12123, 12124, 100,-1,0
 734, 12123, 12124, 100,-1,0
 734, 12123, 12124, 100,-1,0
 734, 12123, 12124, 100,-1,0
 734, 12123, 12124, 100,-1,0
 734, 12123, 12124, 100,-1,0
 735, 12123, 12124, 100,-1,0
 735, 12123, 12124, 100,-1,0
 735, 12123, 12124, 100,-1,0
 735, 12123, 12124, 100,-1,0
 735, 12123, 12124, 100,-1,0
 735, 12123, 12124, 100,-1,0
 735, 12123, 12124, 100,-1,0
 735, 12123, 12124, 100,-1,0
 735, 12123, 12124, 100,-1,0
 735, 12123, 12124, 100,-1,0
 736, 12123, 12124, 100,-1,0
 736, 12123, 12124, 100,-1,0
 736, 12123, 12124, 100,-1,0
 736, 12123, 12124, 100,-1,0
 736, 12123, 12124, 100,-1,0
 736, 12123, 12124, 100,-1,0
 736, 12123, 12124, 100,-1,0
 736, 12123, 12124, 100,-1,0
 736, 12123, 12124, 100,-1,0
 736, 12123, 12124, 100,-1,0
 737, 12123, 12124, 100,-1,0
 737, 12123, 12124, 100,-1,0
 737, 12123, 12124, 100,-1,0
 737, 12123, 12124, 100,-1,0
 737, 12123, 12124, 100,-1,0
 737, 12123, 12124, 100,-1,0
 737, 12123, 12124, 100,-1,0
 737, 12123, 12124, 100,-1,0
 737, 12123, 12124, 100,-1,0
 738, 12123, 12124, 100,-1,0
 738, 12123, 12124, 100,-1,0
 738, 12123, 12124, 100,-1,0
 738, 12123, 12124, 100,-1,0
 738, 12123, 12124, 100,-1,0
 738, 12123, 12124, 100,-1,0
 738, 12123, 12124, 100,-1,0
 738, 12123, 12124, 100,-1,0
 738, 12123, 12124, 100,-1,0
 738, 12123, 12124, 100,-1,0
 739, 12123, 12124, 100,-1,0
 739, 12123, 12124, 100,-1,0
 739, 12123, 12124, 100,-1,0
 739, 12123, 12124, 100,-1,0
 739, 12123, 12124, 100,-1,0
 739, 12123, 12124, 100,-1,0
 739, 12123, 12124, 100,-1,0
 739, 12123, 12124, 100,-1,0
 739, 12123, 12124, 100,-1,0
 739, 12123, 12124, 100,-1,0
 740, 12123, 12124, 100,-1,0
 740, 12123, 12124, 100,-1,0
 740, 12123, 12124, 100,-1,0
 740, 12123, 12124, 100,-1,0
 740, 12123, 12124, 100,-1,0
 740, 12123, 12124, 100,-1,0
 740, 12123, 12124, 100,-1,0
 740, 12123, 12124, 100,-1,0
 740, 12123, 12124, 100,-1,0
 740, 12123, 12124, 100,-1,0
 741, 12123, 12124, 100,-1,0
 741, 12123, 12124, 100,-1,0
 741, 12123, 12124, 100,-1,0
 741, 12123, 12124, 100,-1,0
 741, 12123, 12124, 100,-1,0
 741, 12123, 12124, 100,-1,0
 741, 12123, 12124, 100,-1,0
 741, 12123, 12124, 100,-1,0
 741, 12123, 12124, 100,-1,0
 741, 12123, 12124, 100,-1,0
 742, 12123, 12124, 100,-1,0
 742, 12123, 12124, 100,-1,0
 742, 12123, 12124, 100,-1,0
 742, 12123, 12124, 100,-1,0
 742, 12123, 12124, 100,-1,0
 742, 12123, 12124, 100,-1,0
 742, 12123, 12124, 100,-1,0
 742, 12123, 12124, 100,-1,0
 742, 12123, 12124, 100,-1,0
 742, 12123, 12124, 100,-1,0
 743, 12123, 12124, 100,-1,0
 743, 12123, 12124, 100,-1,0
 743, 12123, 12124, 100,-1,0
 743, 12123, 12124, 100,-1,0
 743, 12123, 12124, 100,-1,0
 743, 12123, 12124, 100,-1,0
 743, 12123, 12124, 100,-1,0
 743, 12123, 12124, 100,-1,0
 743, 12123, 12124, 100,-1,0
 743, 12123, 12124, 100,-1,0
 744, 12123, 12124, 100,-1,0
 744, 12123, 12124, 100,-1,0
 744, 12123, 12124, 100,-1,0
 744, 12123, 12124, 100,-1,0
 744, 12123, 12124, 100,-1,0
 744, 12123, 12124, 100,-1,0
 744, 12123, 12124, 100,-1,0
 744, 12123, 12124, 100,-1,0
 744, 12123, 12124, 100,-1,0
 745, 12123, 12124, 100,-1,0
 745, 12123, 12124, 100,-1,0
 745, 12123, 12124, 100,-1,0
 745, 12123, 12124, 100,-1,0
 745, 12123, 12124, 100,-1,0
 745, 12123, 12124, 100,-1,0
 745, 12123, 12124, 100,-1,0
 745, 12123, 12124, 100,-1,0
 745, 12123, 12124, 100,-1,0
 745, 12123, 12124, 100,-1,0
 746, 12123, 12124, 100,-1,0
 746, 12123, 12124, 100,-1,0
 746, 12123, 12124, 100,-1,0
 746, 12123, 12124, 100,-1,0
 746, 12123, 12124, 100,-1,0
 746, 12123, 12124, 100,-1,0
 746, 12123, 12124, 100,-1,0
 746, 12123, 12124, 100,-1,0
 746, 12123, 12124, 100,-1,0
 746, 12123, 12124, 100,-1,0
 747, 12123, 12124, 100,-1,0
 747, 12123, 12124, 100,-1,0
 747, 12123, 12124, 100,-1,0
 747, 12123, 12124, 100,-1,0
 747, 12123, 12124, 100,-1,0
 747, 12123, 12124, 100,-1,0
 747, 12123, 12124, 100,-1,0
 747, 12123, 12124, 100,-1,0
 747, 12123, 12124, 100,-1,0
 747, 12123, 12124, 100,-1,0
 748, 12123, 12124, 100,-1,0
 748, 12123, 12124, 100,-1,0
 748, 12123, 12124, 100,-1,0
 748, 12123, 12124, 100,-1,0
 748, 12123, 12124, 100,-1,0
 748, 12123, 12124, 100,-1,0
 748, 12123, 12124, 100,-1,0
 748, 12123, 12124, 100,-1,0
 748, 12123, 12124, 100,-1,0
 748, 12123, 12124, 100,-1,0
 749, 12123, 12124, 100,-1,0
 749, 12123, 12124, 100,-1,0
 749, 12123, 12124, 100,-1,0
 749, 12123, 12124, 100,-1,0
 749, 12123, 12124, 100,-1,0
 749, 12123, 12124, 100,-1,0
 749, 12123, 12124, 100,-1,0
 749, 12123, 12124, 100,-1,0
 749, 12123, 12124, 100,-1,0
 749, 12123, 12124, 100,-1,0
 750, 12123, 12124, 100,-1,0
 750, 12123, 12124, 100,-1,0
 750, 12123, 12124, 100,-1,0
 750, 12123, 12124, 100,-1,0
 750, 12123, 12124, 100,-1,0
 750, 12123, 12124, 100,-1,0
 750, 12123, 12124, 100,-1,0
 750, 12123, 12124, 100,-1,0
 750, 12123, 12124, 100,-1,0
 750, 12123, 12124, 100,-1,0
 751, 12123, 12124, 100,-1,0
 751, 12123, 12124, 100,-1,0
 751, 12123, 12124, 100,-1,0
 751, 12123, 12124, 100,-1,0
 751, 12123, 12124, 100,-1,0
 751, 12123, 12124, 100,-1,0
 751, 12123, 12124, 100,-1,0
 751, 12123, 12124, 100,-1,0
 751, 12123, 12124, 100,-1,0
 751, 12123, 12124, 100,-1,0
 752, 12123, 12124, 100,-1,0
 752, 12123, 12124, 100,-1,0
 752, 12123, 12124, 100,-1,0
 752, 12123, 12124, 100,-1,0
 752, 12123, 12124, 100,-1,0
 752, 12123, 12124, 100,-1,0
 752, 12123, 12124, 100,-1,0
 752, 12123, 12124, 100,-1,0
 752, 12123, 12124, 100,-1,0
 753, 12123, 12124, 100,-1,0
 753, 12123, 12124, 100,-1,0
 753, 12123, 12124, 100,-1,0
 753, 12123, 12124, 100,-1,0
 753, 12123, 12124, 100,-1,0
 753, 12123, 12124, 100,-1,0
 753, 12123, 12124, 100,-1,0
 753, 12123, 12124, 100,-1,0
 753, 12123, 12124, 100,-1,0
 753, 12123, 12124, 100,-1,0
 754, 12123, 12124, 100,-1,0
 754, 12123, 12124, 100,-1,0
 754, 12123, 12124, 100,-1,0
 754, 12123, 12124, 100,-1,0
 754, 12123, 12124, 100,-1,0
 754, 12123, 12124, 100,-1,0
 754, 12123, 12124, 100,-1,0
 754, 12123, 12124, 100,-1,0
 754, 12123, 12124, 100,-1,0
 754, 12123, 12124, 100,-1,0
 755, 12123, 12124, 100,-1,0
 755, 12123, 12124, 100,-1,0
 755, 12123, 12124, 100,-1,0
 755, 12123, 12124, 100,-1,0
 755, 12123, 12124, 100,-1,0
 755, 12123, 12124, 100,-1,0
 755, 12123, 12124, 100,-1,0
 755, 12123, 12124, 100,-1,0
 755, 12123, 12124, 100,-1,0
 755, 12123, 12124, 100,-1,0
 756, 12123, 12124, 100,-1,0
 756, 12123, 12124, 100,-1,0
 756, 12123, 12124, 100,-1,0
 756, 12123, 12124, 100,-1,0
 756, 12123, 12124, 100,-1,0
 756, 12123, 12124, 100,-1,0
 756, 12123, 12124, 100,-1,0
 756, 12123, 12124, 100,-1,0
 756, 12123, 12124, 100,-1,0
 756, 12123, 12124, 100,-1,0
 757, 12123, 12124, 100,-1,0
 757, 12123, 12124, 100,-1,0
 757, 12123, 12124, 100,-1,0
 757, 12123, 12124, 100,-1,0
 757, 12123, 12124, 100,-1,0
 757, 12123, 12124, 100,-1,0
 757, 12123, 12124, 100,-1,0
 757, 12123, 12124, 100,-1,0
 757, 12123, 12124, 100,-1,0
 757, 12123, 12124, 100,-1,0
 758, 12123, 12124, 100,-1,0
 758, 12123, 12124, 100,-1,0
 758, 12123, 12124, 100,-1,0
 758, 12123, 12124, 100,-1,0
 758, 12123, 12124, 100,-1,0
 758, 12123, 12124, 100,-1,0
 758, 12123, 12124, 100,-1,0
 758, 12123, 12124, 100,-1,0
 758, 12123, 12124, 100,-1,0
 758, 12123, 12124, 100,-1,0
 759, 12123, 12124, 100,-1,0
 759, 12123, 12124, 100,-1,0
 759, 12123, 12124, 100,-1,0
 759, 12123, 12124, 100,-1,0
 759, 12123, 12124, 100,-1,0
 759, 12123, 12124, 100,-1,0
 759, 12123, 12124, 100,-1,0
 759, 12123, 12124, 100,-1,0
 759, 12123, 12124, 100,-1,0
 759, 12123, 12124, 100,-1,0
 760, 12123, 12124, 100,-1,0
 760, 12123, 12124, 100,-1,0
 760, 12123, 12124, 100,-1,0
 760, 12123, 12124, 100,-1,0
 760, 12123, 12124, 100,-1,0
 760, 12123, 12124, 100,-1,0
 760, 12123, 12124, 100,-1,0
 760, 12123, 12124, 100,-1,0
 760, 12123, 12124, 100,-1,0
 760, 12123, 12124, 100,-1,0
 761, 12123, 12124, 100,-1,0
 761, 12123, 12124, 100,-1,0
 761, 12123, 12124, 100,-1,0
 761, 12123, 12124, 100,-1,0
 761, 12123, 12124, 100,-1,0
 761, 12123, 12124, 100,-1,0
 761, 12123, 12124, 100,-1,0
 761, 12123, 12124, 100,-1,0
 761, 12123, 12124, 100,-1,0
 761, 12123, 12124, 100,-1,0
 762, 12123, 12124, 100,-1,0
 762, 12123, 12124, 100,-1,0
 762, 12123, 12124, 100,-1,0
 762, 12123, 12124, 100,-1,0
 762, 12123, 12124, 100,-1,0
 762, 12123, 12124, 100,-1,0
 762, 12123, 12124, 100,-1,0
 762, 12123, 12124, 100,-1,0
 762, 12123, 12124, 100,-1,0
 763, 12123, 12124, 100,-1,0
 763, 12123, 12124, 100,-1,0
 763, 12123, 12124, 100,-1,0
 763, 12123, 12124, 100,-1,0
 763, 12123, 12124, 100,-1,0
 763, 12123, 12124, 100,-1,0
 763, 12123, 12124, 100,-1,0
 763, 12123, 12124, 100,-1,0
 763, 12123, 12124, 100,-1,0
 763, 12123, 12124, 100,-1,0
 764, 12123, 12124, 100,-1,0
 764, 12123, 12124, 100,-1,0
 764, 12123, 12124, 100,-1,0
 764, 12123, 12124, 100,-1,0
 764, 12123, 12124, 100,-1,0
 764, 12123, 12124, 100,-1,0
 764, 12123, 12124, 100,-1,0
 764, 12123, 12124, 100,-1,0
 764, 12123, 12124, 100,-1,0
 764, 12123, 12124, 100,-1,0
 765, 12123, 12124, 100,-1,0
 765, 12123, 12124, 100,-1,0
 765, 12123, 12124, 100,-1,0
 765, 12123, 12124, 100,-1,0
 765, 12123, 12124, 100,-1,0
 765, 12123, 12124, 100,-1,0
 765, 12123, 12124, 100,-1,0
 765, 12123, 12124, 100,-1,0
 765, 12123, 12124, 100,-1,0
 765, 12123, 12124, 100,-1,0
 766, 12123, 12124, 100,-1,0
 766, 12123, 12124, 100,-1,0
 766, 12123, 12124, 100,-1,0
 766, 12123, 12124, 100,-1,0
 766, 12123, 12124, 100,-1,0
 766, 12123, 12124, 100,-1,0
 766, 12123, 12124, 100,-1,0
 766, 12123, 12124, 100,-1,0
 766, 12123, 12124, 100,-1,0
 766, 12123, 12124, 100,-1,0
 767, 12123, 12124, 100,-1,0
 767, 12123, 12124, 100,-1,0
 767, 12123, 12124, 100,-1,0
 767, 12123, 12124, 100,-1,0
 767, 12123, 12124, 100,-1,0
 767, 12123, 12124, 100,-1,0
 767, 12123, 12124, 100,-1,0
 767, 12123, 12124, 100,-1,0
 767, 12123, 12124, 100,-1,0
 767, 12123, 12124, 100,-1,0
 768, 12123, 12124, 100,-1,0
 768, 12123, 12124, 100,-1,0
 768, 12123, 12124, 100,-1,0
 768, 12123, 12124, 100,-1,0
 768, 12123, 12124, 100,-1,0
 768, 12123, 12124, 100,-1,0
 768, 12123, 12124, 100,-1,0
 768, 12123, 12124, 100,-1,0
 768, 12123, 12124, 100,-1,0
 768, 12123, 12124, 100,-1,0
 769, 12123, 12124, 100,-1,0
 769, 12123, 12124, 100,-1,0
 769, 12123, 12124, 100,-1,0
 769, 12123, 12124, 100,-1,0
 769, 12123, 12124, 100,-1,0
 769, 12123, 12124, 100,-1,0
 769, 12123, 12124, 100,-1,0
 769, 12123, 12124, 100,-1,0
 769, 12123, 12124, 100,-1,0
 769, 12123, 12124, 100,-1,0
 770, 12123, 12124, 100,-1,0
 770, 12123, 12124, 100,-1,0
 770, 12123, 12124, 100,-1,0
 770, 12123, 12124, 100,-1,0
 770, 12123, 12124, 100,-1,0
 770, 12123, 12124, 100,-1,0
 770, 12123, 12124, 100,-1,0
 770, 12123, 12124, 100,-1,0
 770, 12123, 12124, 100,-1,0
 770, 12123, 12124, 100,-1,0
 771, 12123, 12124, 100,-1,0
 771, 12123, 12124, 100,-1,0
 771, 12123, 12124, 100,-1,0
 771, 12123, 12124, 100,-1,0
 771, 12123, 12124, 100,-1,0
 771, 12123, 12124, 100,-1,0
 771, 12123, 12124, 100,-1,0
 771, 12123, 12124, 100,-1,0
 771, 12123, 12124, 100,-1,0
 772, 12123, 12124, 100,-1,0
 772, 12123, 12124, 100,-1,0
 772, 12123, 12124, 100,-1,0
 772, 12123, 12124, 100,-1,0
 772, 12123, 12124, 100,-1,0
 772, 12123, 12124, 100,-1,0
 772, 12123, 12124, 100,-1,0
 772, 12123, 12124, 100,-1,0
 772, 12123, 12124, 100,-1,0
 772, 12123, 12124, 100,-1,0
 773, 12123, 12124, 100,-1,0
 773, 12123, 12124, 100,-1,0
 773, 12123, 12124, 100,-1,0
 773, 12123, 12124, 100,-1,0
 773, 12123, 12124, 100,-1,0
 773, 12123, 12124, 100,-1,0
 773, 12123, 12124, 100,-1,0
 773, 12123, 12124, 100,-1,0
 773, 12123, 12124, 100,-1,0
 773, 12123, 12124, 100,-1,0
 774, 12123, 12124, 100,-1,0
 774, 12123, 12124, 100,-1,0
 774, 12123, 12124, 100,-1,0
 774, 12123, 12124, 100,-1,0
 774, 12123, 12124, 100,-1,0
 774, 12123, 12124, 100,-1,0
 774, 12123, 12124, 100,-1,0
 774, 12123, 12124, 100,-1,0
 774, 12123, 12124, 100,-1,0
 774, 12123, 12124, 100,-1,0
 775, 12123, 12124, 100,-1,0
 775, 12123, 12124, 100,-1,0
 775, 12123, 12124, 100,-1,0
 775, 12123, 12124, 100,-1,0
 775, 12123, 12124, 100,-1,0
 775, 12123, 12124, 100,-1,0
 775, 12123, 12124, 100,-1,0
 775, 12123, 12124, 100,-1,0
 775, 12123, 12124, 100,-1,0
 775, 12123, 12124, 100,-1,0
 776, 12123, 12124, 100,-1,0
 776, 12123, 12124, 100,-1,0
 776, 12123, 12124, 100,-1,0
 776, 12123, 12124, 100,-1,0
 776, 12123, 12124, 100,-1,0
 776, 12123, 12124, 100,-1,0
 776, 12123, 12124, 100,-1,0
 776, 12123, 12124, 100,-1,0
 776, 12123, 12124, 100,-1,0
 776, 12123, 12124, 100,-1,0
 777, 12123, 12124, 100,-1,0
 777, 12123, 12124, 100,-1,0
 777, 12123, 12124, 100,-1,0
 777, 12123, 12124, 100,-1,0
 777, 12123, 12124, 100,-1,0
 777, 12123, 12124, 100,-1,0
 777, 12123, 12124, 100,-1,0
 777, 12123, 12124, 100,-1,0
 777, 12123, 12124, 100,-1,0
 777, 12123, 12124, 100,-1,0
 778, 12123, 12124, 100,-1,0
 778, 12123, 12124, 100,-1,0
 778, 12123, 12124, 100,-1,0
 778, 12123, 12124, 100,-1,0
 778, 12123, 12124, 100,-1,0
 778, 12123, 12124, 100,-1,0
 778, 12123, 12124, 100,-1,0
 778, 12123, 12124, 100,-1,0
 778, 12123, 12124, 100,-1,0
 778, 12123, 12124, 100,-1,0
 779, 12123, 12124, 100,-1,0
 779, 12123, 12124, 100,-1,0
 779, 12123, 12124, 100,-1,0
 779, 12123, 12124, 100,-1,0
 779, 12123, 12124, 100,-1,0
 779, 12123, 12124, 100,-1,0
 779, 12123, 12124, 100,-1,0
 779, 12123, 12124, 100,-1,0
 779, 12123, 12124, 100,-1,0
 780, 12123, 12124, 100,-1,0
 780, 12123, 12124, 100,-1,0
 780, 12123, 12124, 100,-1,0
 780, 12123, 12124, 100,-1,0
 780, 12123, 12124, 100,-1,0
 780, 12123, 12124, 100,-1,0
 780, 12123, 12124, 100,-1,0
 780, 12123, 12124, 100,-1,0
 780, 12123, 12124, 100,-1,0
 780, 12123, 12124, 100,-1,0
 781, 12123, 12124, 100,-1,0
 781, 12123, 12124, 100,-1,0
 781, 12123, 12124, 100,-1,0
 781, 12123, 12124, 100,-1,0
 781, 12123, 12124, 100,-1,0
 781, 12123, 12124, 100,-1,0
 781, 12123, 12124, 100,-1,0
 781, 12123, 12124, 100,-1,0
 781, 12123, 12124, 100,-1,0
 781, 12123, 12124, 100,-1,0
 782, 12123, 12124, 100,-1,0
 782, 12123, 12124, 100,-1,0
 782, 12123, 12124, 100,-1,0
 782, 12123, 12124, 100,-1,0
 782, 12123, 12124, 100,-1,0
 782, 12123, 12124, 100,-1,0
 782, 12123, 12124, 100,-1,0
 782, 12123, 12124, 100,-1,0
 782, 12123, 12124, 100,-1,0
 782, 12123, 12124, 100,-1,0
 783, 12123, 12124, 100,-1,0
 783, 12123, 12124, 100,-1,0
 783, 12123, 12124, 100,-1,0
 783, 12123, 12124, 100,-1,0
 783, 12123, 12124, 100,-1,0
 783, 12123, 12124, 100,-1,0
 783, 12123, 12124, 100,-1,0
 783, 12123, 12124, 100,-1,0
 783, 12123, 12124, 100,-1,0
 783, 12123, 12124, 100,-1,0
 784, 12123, 12124, 100,-1,0
 784, 12123, 12124, 100,-1,0
 784, 12123, 12124, 100,-1,0
 784, 12123, 12124, 100,-1,0
 784, 12123, 12124, 100,-1,0
 784, 12123, 12124, 100,-1,0
 784, 12123, 12124, 100,-1,0
 784, 12123, 12124, 100,-1,0
 784, 12123, 12124, 100,-1,0
 784, 12123, 12124, 100,-1,0
 785, 12123, 12124, 100,-1,0
 785, 12123, 12124, 100,-1,0
 785, 12123, 12124, 100,-1,0
 785, 12123, 12124, 100,-1,0
 785, 12123, 12124, 100,-1,0
 785, 12123, 12124, 100,-1,0
 785, 12123, 12124, 100,-1,0
 785, 12123, 12124, 100,-1,0
 785, 12123, 12124, 100,-1,0
 785, 12123, 12124, 100,-1,0
 786, 12123, 12124, 100,-1,0
 786, 12123, 12124, 100,-1,0
 786, 12123, 12124, 100,-1,0
 786, 12123, 12124, 100,-1,0
 786, 12123, 12124, 100,-1,0
 786, 12123, 12124, 100,-1,0
 786, 12123, 12124, 100,-1,0
 786, 12123, 12124, 100,-1,0
 786, 12123, 12124, 100,-1,0
 787, 12123, 12124, 100,-1,0
 787, 12123, 12124, 100,-1,0
 787, 12123, 12124, 100,-1,0
 787, 12123, 12124, 100,-1,0
 787, 12123, 12124, 100,-1,0
 787, 12123, 12124, 100,-1,0
 787, 12123, 12124, 100,-1,0
 787, 12123, 12124, 100,-1,0
 787, 12123, 12124, 100,-1,0
 787, 12123, 12124, 100,-1,0
 788, 12123, 12124, 100,-1,0
 788, 12123, 12124, 100,-1,0
 788, 12123, 12124, 100,-1,0
 788, 12123, 12124, 100,-1,0
 788, 12123, 12124, 100,-1,0
 788, 12123, 12124, 100,-1,0
 788, 12123, 12124, 100,-1,0
 788, 12123, 12124, 100,-1,0
 788, 12123, 12124, 100,-1,0
 788, 12123, 12124, 100,-1,0
 789, 12123, 12124, 100,-1,0
 789, 12123, 12124, 100,-1,0
 789, 12123, 12124, 100,-1,0
 789, 12123, 12124, 100,-1,0
 789, 12123, 12124, 100,-1,0
 789, 12123, 12124, 100,-1,0
 789, 12123, 12124, 100,-1,0
 789, 12123, 12124, 100,-1,0
 789, 12123, 12124, 100,-1,0
 789, 12123, 12124, 100,-1,0
 790, 12123, 12124, 100,-1,0
 790, 12123, 12124, 100,-1,0
 790, 12123, 12124, 100,-1,0
 790, 12123, 12124, 100,-1,0
 790, 12123, 12124, 100,-1,0
 790, 12123, 12124, 100,-1,0
 790, 12123, 12124, 100,-1,0
 790, 12123, 12124, 100,-1,0
 790, 12123, 12124, 100,-1,0
 790, 12123, 12124, 100,-1,0
 791, 12123, 12124, 100,-1,0
 791, 12123, 12124, 100,-1,0
 791, 12123, 12124, 100,-1,0
 791, 12123, 12124, 100,-1,0
 791, 12123, 12124, 100,-1,0
 791, 12123, 12124, 100,-1,0
 791, 12123, 12124, 100,-1,0
 791, 12123, 12124, 100,-1,0
 791, 12123, 12124, 100,-1,0
 791, 12123, 12124, 100,-1,0
 792, 12123, 12124, 100,-1,0
 792, 12123, 12124, 100,-1,0
 792, 12123, 12124, 100,-1,0
 792, 12123, 12124, 100,-1,0
 792, 12123, 12124, 100,-1,0
 792, 12123, 12124, 100,-1,0
 792, 12123, 12124, 100,-1,0
 792, 12123, 12124, 100,-1,0
 792, 12123, 12124, 100,-1,0
 792, 12123, 12124, 100,-1,0
 793, 12123, 12124, 100,-1,0
 793, 12123, 12124, 100,-1,0
 793, 12123, 12124, 100,-1,0
 793, 12123, 12124, 100,-1,0
 793, 12123, 12124, 100,-1,0
 793, 12123, 12124, 100,-1,0
 793, 12123, 12124, 100,-1,0
 793, 12123, 12124, 100,-1,0
 793, 12123, 12124, 100,-1,0
 794, 12123, 12124, 100,-1,0
 794, 12123, 12124, 100,-1,0
 794, 12123, 12124, 100,-1,0
 794, 12123, 12124, 100,-1,0
 794, 12123, 12124, 100,-1,0
 794, 12123, 12124, 100,-1,0
 794, 12123, 12124, 100,-1,0
 794, 12123, 12124, 100,-1,0
 794, 12123, 12124, 100,-1,0
 794, 12123, 12124, 100,-1,0
 795, 12123, 12124, 100,-1,0
 795, 12123, 12124, 100,-1,0
 795, 12123, 12124, 100,-1,0
 795, 12123, 12124, 100,-1,0
 795, 12123, 12124, 100,-1,0
 795, 12123, 12124, 100,-1,0
 795, 12123, 12124, 100,-1,0
 795, 12123, 12124, 100,-1,0
 795, 12123, 12124, 100,-1,0
 795, 12123, 12124, 100,-1,0
 796, 12123, 12124, 100,-1,0
 796, 12123, 12124, 100,-1,0
 796, 12123, 12124, 100,-1,0
 796, 12123, 12124, 100,-1,0
 796, 12123, 12124, 100,-1,0
 796, 12123, 12124, 100,-1,0
 796, 12123, 12124, 100,-1,0
 796, 12123, 12124, 100,-1,0
 796, 12123, 12124, 100,-1,0
 796, 12123, 12124, 100,-1,0
 797, 12123, 12124, 100,-1,0
 797, 12123, 12124, 100,-1,0
 797, 12123, 12124, 100,-1,0
 797, 12123, 12124, 100,-1,0
 797, 12123, 12124, 100,-1,0
 797, 12123, 12124, 100,-1,0
 797, 12123, 12124, 100,-1,0
 797, 12123, 12124, 100,-1,0
 797, 12123, 12124, 100,-1,0
 797, 12123, 12124, 100,-1,0
 798, 12123, 12124, 100,-1,0
 798, 12123, 12124, 100,-1,0
 798, 12123, 12124, 100,-1,0
 798, 12123, 12124, 100,-1,0
 798, 12123, 12124, 100,-1,0
 798, 12123, 12124, 100,-1,0
 798, 12123, 12124, 100,-1,0
 798, 12123, 12124, 100,-1,0
 798, 12123, 12124, 100,-1,0
 799, 12123, 12124, 100,-1,0
 799, 12123, 12124, 100,-1,0
 799, 12123, 12124, 100,-1,0
 799, 12123, 12124, 100,-1,0
 799, 12123, 12124, 100,-1,0
 799, 12123, 12124, 100,-1,0
 799, 12123, 12124, 100,-1,0
 799, 12123, 12124, 100,-1,0
 799, 12123, 12124, 100,-1,0
 799, 12123, 12124, 100,-1,0
 800, 12123, 12124, 100,-1,0
 800, 12123, 12124, 100,-1,0
 800, 12123, 12124, 100,-1,0
 800, 12123, 12124, 100,-1,0
 800, 12123, 12124, 100,-1,0
 800, 12123, 12124, 100,-1,0
 800, 12123, 12124, 100,-1,0
 800, 12123, 12124, 100,-1,0
 800, 12123, 12124, 100,-1,0
 800, 12123, 12124, 100,-1,0
 801, 12123, 12124, 100,-1,0
 801, 12123, 12124, 100,-1,0
 801, 12123, 12124, 100,-1,0
 801, 12123, 12124, 100,-1,0
 801, 12123, 12124, 100,-1,0
 801, 12123, 12124, 100,-1,0
 801, 12123, 12124, 100,-1,0
 801, 12123, 12124, 100,-1,0
 801, 12123, 12124, 100,-1,0
 801, 12123, 12124, 100,-1,0
 802, 12123, 12124, 100,-1,0
 802, 12123, 12124, 100,-1,0
 802, 12123, 12124, 100,-1,0
 802, 12123, 12124, 100,-1,0
 802, 12123, 12124, 100,-1,0
 802, 12123, 12124, 100,-1,0
 802, 12123, 12124, 100,-1,0
 802, 12123, 12124, 100,-1,0
 802, 12123, 12124, 100,-1,0
 803, 12123, 12124, 100,-1,0
 803, 12123, 12124, 100,-1,0
 803, 12123, 12124, 100,-1,0
 803, 12123, 12124, 100,-1,0
 803, 12123, 12124, 100,-1,0
 803, 12123, 12124, 100,-1,0
 803, 12123, 12124, 100,-1,0
 803, 12123, 12124, 100,-1,0
 803, 12123, 12124, 100,-1,0
 803, 12123, 12124, 100,-1,0
 804, 12123, 12124, 100,-1,0
 804, 12123, 12124, 100,-1,0
 804, 12123, 12124, 100,-1,0
 804, 12123, 12124, 100,-1,0
 804, 12123, 12124, 100,-1,0
 804, 12123, 12124, 100,-1,0
 804, 12123, 12124, 100,-1,0
 804, 12123, 12124, 100,-1,0
 804, 12123, 12124, 100,-1,0
 804, 12123, 12124, 100,-1,0
 805, 12123, 12124, 100,-1,0
 805, 12123, 12124, 100,-1,0
 805, 12123, 12124, 100,-1,0
 805, 12123, 12124, 100,-1,0
 805, 12123, 12124, 100,-1,0
 805, 12123, 12124, 100,-1,0
 805, 12123, 12124, 100,-1,0
 805, 12123, 12124, 100,-1,0
 805, 12123, 12124, 100,-1,0
 805, 12123, 12124, 100,-1,0
 806, 12123, 12124, 100,-1,0
 806, 12123, 12124, 100,-1,0
 806, 12123, 12124, 100,-1,0
 806, 12123, 12124, 100,-1,0
 806, 12123, 12124, 100,-1,0
 806, 12123, 12124, 100,-1,0
 806, 12123, 12124, 100,-1,0
 806, 12123, 12124, 100,-1,0
 806, 12123, 12124, 100,-1,0
 807, 12123, 12124, 100,-1,0
 807, 12123, 12124, 100,-1,0
 807, 12123, 12124, 100,-1,0
 807, 12123, 12124, 100,-1,0
 807, 12123, 12124, 100,-1,0
 807, 12123, 12124, 100,-1,0
 807, 12123, 12124, 100,-1,0
 807, 12123, 12124, 100,-1,0
 807, 12123, 12124, 100,-1,0
 807, 12123, 12124, 100,-1,0
 808, 12123, 12124, 100,-1,0
 808, 12123, 12124, 100,-1,0
 808, 12123, 12124, 100,-1,0
 808, 12123, 12124, 100,-1,0
 808, 12123, 12124, 100,-1,0
 808, 12123, 12124, 100,-1,0
 808, 12123, 12124, 100,-1,0
 808, 12123, 12124, 100,-1,0
 808, 12123, 12124, 100,-1,0
 808, 12123, 12124, 100,-1,0
 809, 12123, 12124, 100,-1,0
 809, 12123, 12124, 100,-1,0
 809, 12123, 12124, 100,-1,0
 809, 12123, 12124, 100,-1,0
 809, 12123, 12124, 100,-1,0
 809, 12123, 12124, 100,-1,0
 809, 12123, 12124, 100,-1,0
 809, 12123, 12124, 100,-1,0
 809, 12123, 12124, 100,-1,0
 809, 12123, 12124, 100,-1,0
 810, 12123, 12124, 100,-1,0
 810, 12123, 12124, 100,-1,0
 810, 12123, 12124, 100,-1,0
 810, 12123, 12124, 100,-1,0
 810, 12123, 12124, 100,-1,0
 810, 12123, 12124, 100,-1,0
 810, 12123, 12124, 100,-1,0
 810, 12123, 12124, 100,-1,0
 810, 12123, 12124, 100,-1,0
 810, 12123, 12124, 100,-1,0
 811, 12123, 12124, 100,-1,0
 811, 12123, 12124, 100,-1,0
 811, 12123, 12124, 100,-1,0
 811, 12123, 12124, 100,-1,0
 811, 12123, 12124, 100,-1,0
 811, 12123, 12124, 100,-1,0
 811, 12123, 12124, 100,-1,0
 811, 12123, 12124, 100,-1,0
 811, 12123, 12124, 100,-1,0
 811, 12123, 12124, 100,-1,0
 812, 12123, 12124, 100,-1,0
 812, 12123, 12124, 100,-1,0
 812, 12123, 12124, 100,-1,0
 812, 12123, 12124, 100,-1,0
 812, 12123, 12124, 100,-1,0
 812, 12123, 12124, 100,-1,0
 812, 12123, 12124, 100,-1,0
 812, 12123, 12124, 100,-1,0
 812, 12123, 12124, 100,-1,0
 813, 12123, 12124, 100,-1,0
 813, 12123, 12124, 100,-1,0
 813, 12123, 12124, 100,-1,0
 813, 12123, 12124, 100,-1,0
 813, 12123, 12124, 100,-1,0
 813, 12123, 12124, 100,-1,0
 813, 12123, 12124, 100,-1,0
 813, 12123, 12124, 100,-1,0
 813, 12123, 12124, 100,-1,0
 813, 12123, 12124, 100,-1,0
 814, 12123, 12124, 100,-1,0
 814, 12123, 12124, 100,-1,0
 814, 12123, 12124, 100,-1,0
 814, 12123, 12124, 100,-1,0
 814, 12123, 12124, 100,-1,0
 814, 12123, 12124, 100,-1,0
 814, 12123, 12124, 100,-1,0
 814, 12123, 12124, 100,-1,0
 814, 12123, 12124, 100,-1,0
 814, 12123, 12124, 100,-1,0
 815, 12123, 12124, 100,-1,0
 815, 12123, 12124, 100,-1,0
 815, 12123, 12124, 100,-1,0
 815, 12123, 12124, 100,-1,0
 815, 12123, 12124, 100,-1,0
 815, 12123, 12124, 100,-1,0
 815, 12123, 12124, 100,-1,0
 815, 12123, 12124, 100,-1,0
 815, 12123, 12124, 100,-1,0
 815, 12123, 12124, 100,-1,0
 816, 12123, 12124, 100,-1,0
 816, 12123, 12124, 100,-1,0
 816, 12123, 12124, 100,-1,0
 816, 12123, 12124, 100,-1,0
 816, 12123, 12124, 100,-1,0
 816, 12123, 12124, 100,-1,0
 816, 12123, 12124, 100,-1,0
 816, 12123, 12124, 100,-1,0
 816, 12123, 12124, 100,-1,0
 816, 12123, 12124, 100,-1,0
 817, 12123, 12124, 100,-1,0
 817, 12123, 12124, 100,-1,0
 817, 12123, 12124, 100,-1,0
 817, 12123, 12124, 100,-1,0
 817, 12123, 12124, 100,-1,0
 817, 12123, 12124, 100,-1,0
 817, 12123, 12124, 100,-1,0
 817, 12123, 12124, 100,-1,0
 817, 12123, 12124, 100,-1,0
 817, 12123, 12124, 100,-1,0
 818, 12123, 12124, 100,-1,0
 818, 12123, 12124, 100,-1,0
 818, 12123, 12124, 100,-1,0
 818, 12123, 12124, 100,-1,0
 818, 12123, 12124, 100,-1,0
 818, 12123, 12124, 100,-1,0
 818, 12123, 12124, 100,-1,0
 818, 12123, 12124, 100,-1,0
 818, 12123, 12124, 100,-1,0
 818, 12123, 12124, 100,-1,0
 819, 12123, 12124, 100,-1,0
 819, 12123, 12124, 100,-1,0
 819, 12123, 12124, 100,-1,0
 819, 12123, 12124, 100,-1,0
 819, 12123, 12124, 100,-1,0
 819, 12123, 12124, 100,-1,0
 819, 12123, 12124, 100,-1,0
 819, 12123, 12124, 100,-1,0
 819, 12123, 12124, 100,-1,0
 820, 12123, 12124, 100,-1,0
 820, 12123, 12124, 100,-1,0
 820, 12123, 12124, 100,-1,0
 820, 12123, 12124, 100,-1,0
 820, 12123, 12124, 100,-1,0
 820, 12123, 12124, 100,-1,0
 820, 12123, 12124, 100,-1,0
 820, 12123, 12124, 100,-1,0
 820, 12123, 12124, 100,-1,0
 820, 12123, 12124, 100,-1,0
 821, 12123, 12124, 100,-1,0
 821, 12123, 12124, 100,-1,0
 821, 12123, 12124, 100,-1,0
 821, 12123, 12124, 100,-1,0
 821, 12123, 12124, 100,-1,0
 821, 12123, 12124, 100,-1,0
 821, 12123, 12124, 100,-1,0
 821, 12123, 12124, 100,-1,0
 821, 12123, 12124, 100,-1,0
 821, 12123, 12124, 100,-1,0
 822, 12123, 12124, 100,-1,0
 822, 12123, 12124, 100,-1,0
 822, 12123, 12124, 100,-1,0
 822, 12123, 12124, 100,-1,0
 822, 12123, 12124, 100,-1,0
 822, 12123, 12124, 100,-1,0
 822, 12123, 12124, 100,-1,0
 822, 12123, 12124, 100,-1,0
 822, 12123, 12124, 100,-1,0
 822, 12123, 12124, 100,-1,0
 823, 12123, 12124, 100,-1,0
 823, 12123, 12124, 100,-1,0
 823, 12123, 12124, 100,-1,0
 823, 12123, 12124, 100,-1,0
 823, 12123, 12124, 100,-1,0
 823, 12123, 12124, 100,-1,0
 823, 12123, 12124, 100,-1,0
 823, 12123, 12124, 100,-1,0
 823, 12123, 12124, 100,-1,0
 823, 12123, 12124, 100,-1,0
 824, 12123, 12124, 100,-1,0
 824, 12123, 12124, 100,-1,0
 824, 12123, 12124, 100,-1,0
 824, 12123, 12124, 100,-1,0
 824, 12123, 12124, 100,-1,0
 824, 12123, 12124, 100,-1,0
 824, 12123, 12124, 100,-1,0
 824, 12123, 12124, 100,-1,0
 824, 12123, 12124, 100,-1,0
 824, 12123, 12124, 100,-1,0
 825, 12123, 12124, 100,-1,0
 825, 12123, 12124, 100,-1,0
 825, 12123, 12124, 100,-1,0
 825, 12123, 12124, 100,-1,0
 825, 12123, 12124, 100,-1,0
 825, 12123, 12124, 100,-1,0
 825, 12123, 12124, 100,-1,0
 825, 12123, 12124, 100,-1,0
 825, 12123, 12124, 100,-1,0
 825, 12123, 12124, 100,-1,0
 826, 12123, 12124, 100,-1,0
 826, 12123, 12124, 100,-1,0
 826, 12123, 12124, 100,-1,0
 826, 12123, 12124, 100,-1,0
 826, 12123, 12124, 100,-1,0
 826, 12123, 12124, 100,-1,0
 826, 12123, 12124, 100,-1,0
 826, 12123, 12124, 100,-1,0
 826, 12123, 12124, 100,-1,0
 827, 12123, 12124, 100,-1,0
 827, 12123, 12124, 100,-1,0
 827, 12123, 12124, 100,-1,0
 827, 12123, 12124, 100,-1,0
 827, 12123, 12124, 100,-1,0
 827, 12123, 12124, 100,-1,0
 827, 12123, 12124, 100,-1,0
 827, 12123, 12124, 100,-1,0
 827, 12123, 12124, 100,-1,0
 827, 12123, 12124, 100,-1,0
 828, 12123, 12124, 100,-1,0
 828, 12123, 12124, 100,-1,0
 828, 12123, 12124, 100,-1,0
 828, 12123, 12124, 100,-1,0
 828, 12123, 12124, 100,-1,0
 828, 12123, 12124, 100,-1,0
 828, 12123, 12124, 100,-1,0
 828, 12123, 12124, 100,-1,0
 828, 12123, 12124, 100,-1,0
 828, 12123, 12124, 100,-1,0
 829, 12123, 12124, 100,-1,0
 829, 12123, 12124, 100,-1,0
 829, 12123, 12124, 100,-1,0
 829, 12123, 12124, 100,-1,0
 829, 12123, 12124, 100,-1,0
 829, 12123, 12124, 100,-1,0
 829, 12123, 12124, 100,-1,0
 829, 12123, 12124, 100,-1,0
 829, 12123, 12124, 100,-1,0
 830, 12123, 12124, 100,-1,0
 830, 12123, 12124, 100,-1,0
 830, 12123, 12124, 100,-1,0
 830, 12123, 12124, 100,-1,0
 830, 12123, 12124, 100,-1,0
 830, 12123, 12124, 100,-1,0
 830, 12123, 12124, 100,-1,0
 830, 12123, 12124, 100,-1,0
 830, 12123, 12124, 100,-1,0
 830, 12123, 12124, 100,-1,0
 831, 12123, 12124, 100,-1,0
 831, 12123, 12124, 100,-1,0
 831, 12123, 12124, 100,-1,0
 831, 12123, 12124, 100,-1,0
 831, 12123, 12124, 100,-1,0
 831, 12123, 12124, 100,-1,0
 831, 12123, 12124, 100,-1,0
 831, 12123, 12124, 100,-1,0
 831, 12123, 12124, 100,-1,0
 832, 12123, 12124, 100,-1,0
 832, 12123, 12124, 100,-1,0
 832, 12123, 12124, 100,-1,0
 832, 12123, 12124, 100,-1,0
 832, 12123, 12124, 100,-1,0
 832, 12123, 12124, 100,-1,0
 832, 12123, 12124, 100,-1,0
 832, 12123, 12124, 100,-1,0
 832, 12123, 12124, 100,-1,0
 832, 12123, 12124, 100,-1,0
 833, 12123, 12124, 100,-1,0
 833, 12123, 12124, 100,-1,0
 833, 12123, 12124, 100,-1,0
 833, 12123, 12124, 100,-1,0
 833, 12123, 12124, 100,-1,0
 833, 12123, 12124, 100,-1,0
 833, 12123, 12124, 100,-1,0
 833, 12123, 12124, 100,-1,0
 833, 12123, 12124, 100,-1,0
 834, 12123, 12124, 100,-1,0
 834, 12123, 12124, 100,-1,0
 834, 12123, 12124, 100,-1,0
 834, 12123, 12124, 100,-1,0
 834, 12123, 12124, 100,-1,0
 834, 12123, 12124, 100,-1,0
 834, 12123, 12124, 100,-1,0
 834, 12123, 12124, 100,-1,0
 834, 12123, 12124, 100,-1,0
 834, 12123, 12124, 100,-1,0
 835, 12123, 12124, 100,-1,0
 835, 12123, 12124, 100,-1,0
 835, 12123, 12124, 100,-1,0
 835, 12123, 12124, 100,-1,0
 835, 12123, 12124, 100,-1,0
 835, 12123, 12124, 100,-1,0
 835, 12123, 12124, 100,-1,0
 835, 12123, 12124, 100,-1,0
 835, 12123, 12124, 100,-1,0
 836, 12123, 12124, 100,-1,0
 836, 12123, 12124, 100,-1,0
 836, 12123, 12124, 100,-1,0
 836, 12123, 12124, 100,-1,0
 836, 12123, 12124, 100,-1,0
 836, 12123, 12124, 100,-1,0
 836, 12123, 12124, 100,-1,0
 836, 12123, 12124, 100,-1,0
 836, 12123, 12124, 100,-1,0
 836, 12123, 12124, 100,-1,0
 837, 12123, 12124, 100,-1,0
 837, 12123, 12124, 100,-1,0
 837, 12123, 12124, 100,-1,0
 837, 12123, 12124, 100,-1,0
 837, 12123, 12124, 100,-1,0
 837, 12123, 12124, 100,-1,0
 837, 12123, 12124, 100,-1,0
 837, 12123, 12124, 100,-1,0
 837, 12123, 12124, 100,-1,0
 837, 12123, 12124, 100,-1,0
 838, 12123, 12124, 100,-1,0
 838, 12123, 12124, 100,-1,0
 838, 12123, 12124, 100,-1,0
 838, 12123, 12124, 100,-1,0
 838, 12123, 12124, 100,-1,0
 838, 12123, 12124, 100,-1,0
 838, 12123, 12124, 100,-1,0
 838, 12123, 12124, 100,-1,0
 838, 12123, 12124, 100,-1,0
 838, 12123, 12124, 100,-1,0
 839, 12123, 12124, 100,-1,0
 839, 12123, 12124, 100,-1,0
 839, 12123, 12124, 100,-1,0
 839, 12123, 12124, 100,-1,0
 839, 12123, 12124, 100,-1,0
 839, 12123, 12124, 100,-1,0
 839, 12123, 12124, 100,-1,0
 839, 12123, 12124, 100,-1,0
 839, 12123, 12124, 100,-1,0
 839, 12123, 12124, 100,-1,0
 840, 12123, 12124, 100,-1,0
 840, 12123, 12124, 100,-1,0
 840, 12123, 12124, 100,-1,0
 840, 12123, 12124, 100,-1,0
 840, 12123, 12124, 100,-1,0
 840, 12123, 12124, 100,-1,0
 840, 12123, 12124, 100,-1,0
 840, 12123, 12124, 100,-1,0
 840, 12123, 12124, 100,-1,0
 841, 12123, 12124, 100,-1,0
 841, 12123, 12124, 100,-1,0
 841, 12123, 12124, 100,-1,0
 841, 12123, 12124, 100,-1,0
 841, 12123, 12124, 100,-1,0
 841, 12123, 12124, 100,-1,0
 841, 12123, 12124, 100,-1,0
 841, 12123, 12124, 100,-1,0
 841, 12123, 12124, 100,-1,0
 841, 12123, 12124, 100,-1,0
 842, 12123, 12124, 100,-1,0
 842, 12123, 12124, 100,-1,0
 842, 12123, 12124, 100,-1,0
 842, 12123, 12124, 100,-1,0
 842, 12123, 12124, 100,-1,0
 842, 12123, 12124, 100,-1,0
 842, 12123, 12124, 100,-1,0
 842, 12123, 12124, 100,-1,0
 842, 12123, 12124, 100,-1,0
 842, 12123, 12124, 100,-1,0
 843, 12123, 12124, 100,-1,0
 843, 12123, 12124, 100,-1,0
 843, 12123, 12124, 100,-1,0
 843, 12123, 12124, 100,-1,0
 843, 12123, 12124, 100,-1,0
 843, 12123, 12124, 100,-1,0
 843, 12123, 12124, 100,-1,0
 843, 12123, 12124, 100,-1,0
 843, 12123, 12124, 100,-1,0
 843, 12123, 12124, 100,-1,0
 844, 12123, 12124, 100,-1,0
 844, 12123, 12124, 100,-1,0
 844, 12123, 12124, 100,-1,0
 844, 12123, 12124, 100,-1,0
 844, 12123, 12124, 100,-1,0
 844, 12123, 12124, 100,-1,0
 844, 12123, 12124, 100,-1,0
 844, 12123, 12124, 100,-1,0
 844, 12123, 12124, 100,-1,0
 844, 12123, 12124, 100,-1,0
 845, 12123, 12124, 100,-1,0
 845, 12123, 12124, 100,-1,0
 845, 12123, 12124, 100,-1,0
 845, 12123, 12124, 100,-1,0
 845, 12123, 12124, 100,-1,0
 845, 12123, 12124, 100,-1,0
 845, 12123, 12124, 100,-1,0
 845, 12123, 12124, 100,-1,0
 845, 12123, 12124, 100,-1,0
 845, 12123, 12124, 100,-1,0
 846, 12123, 12124, 100,-1,0
 846, 12123, 12124, 100,-1,0
 846, 12123, 12124, 100,-1,0
 846, 12123, 12124, 100,-1,0
 846, 12123, 12124, 100,-1,0
 846, 12123, 12124, 100,-1,0
 846, 12123, 12124, 100,-1,0
 846, 12123, 12124, 100,-1,0
 846, 12123, 12124, 100,-1,0
 847, 12123, 12124, 100,-1,0
 847, 12123, 12124, 100,-1,0
 847, 12123, 12124, 100,-1,0
 847, 12123, 12124, 100,-1,0
 847, 12123, 12124, 100,-1,0
 847, 12123, 12124, 100,-1,0
 847, 12123, 12124, 100,-1,0
 847, 12123, 12124, 100,-1,0
 847, 12123, 12124, 100,-1,0
 847, 12123, 12124, 100,-1,0
 848, 12123, 12124, 100,-1,0
 848, 12123, 12124, 100,-1,0
 848, 12123, 12124, 100,-1,0
 848, 12123, 12124, 100,-1,0
 848, 12123, 12124, 100,-1,0
 848, 12123, 12124, 100,-1,0
 848, 12123, 12124, 100,-1,0
 848, 12123, 12124, 100,-1,0
 848, 12123, 12124, 100,-1,0
 848, 12123, 12124, 100,-1,0
 849, 12123, 12124, 100,-1,0
 849, 12123, 12124, 100,-1,0
 849, 12123, 12124, 100,-1,0
 849, 12123, 12124, 100,-1,0
 849, 12123, 12124, 100,-1,0
 849, 12123, 12124, 100,-1,0
 849, 12123, 12124, 100,-1,0
 849, 12123, 12124, 100,-1,0
 849, 12123, 12124, 100,-1,0
 849, 12123, 12124, 100,-1,0
 850, 12123, 12124, 100,-1,0
 850, 12123, 12124, 100,-1,0
 850, 12123, 12124, 100,-1,0
 850, 12123, 12124, 100,-1,0
 850, 12123, 12124, 100,-1,0
 850, 12123, 12124, 100,-1,0
 850, 12123, 12124, 100,-1,0
 850, 12123, 12124, 100,-1,0
 850, 12123, 12124, 100,-1,0
 850, 12123, 12124, 100,-1,0
 851, 12123, 12124, 100,-1,0
 851, 12123, 12124, 100,-1,0
 851, 12123, 12124, 100,-1,0
 851, 12123, 12124, 100,-1,0
 851, 12123, 12124, 100,-1,0
 851, 12123, 12124, 100,-1,0
 851, 12123, 12124, 100,-1,0
 851, 12123, 12124, 100,-1,0
 851, 12123, 12124, 100,-1,0
 851, 12123, 12124, 100,-1,0
 852, 12123, 12124, 100,-1,0
 852, 12123, 12124, 100,-1,0
 852, 12123, 12124, 100,-1,0
 852, 12123, 12124, 100,-1,0
 852, 12123, 12124, 100,-1,0
 852, 12123, 12124, 100,-1,0
 852, 12123, 12124, 100,-1,0
 852, 12123, 12124, 100,-1,0
 852, 12123, 12124, 100,-1,0
 852, 12123, 12124, 100,-1,0
 853, 12123, 12124, 100,-1,0
 853, 12123, 12124, 100,-1,0
 853, 12123, 12124, 100,-1,0
 853, 12123, 12124, 100,-1,0
 853, 12123, 12124, 100,-1,0
 853, 12123, 12124, 100,-1,0
 853, 12123, 12124, 100,-1,0
 853, 12123, 12124, 100,-1,0
 853, 12123, 12124, 100,-1,0
 854, 12123, 12124, 100,-1,0
 854, 12123, 12124, 100,-1,0
 854, 12123, 12124, 100,-1,0
 854, 12123, 12124, 100,-1,0
 854, 12123, 12124, 100,-1,0
 854, 12123, 12124, 100,-1,0
 854, 12123, 12124, 100,-1,0
 854, 12123, 12124, 100,-1,0
 854, 12123, 12124, 100,-1,0
 854, 12123, 12124, 100,-1,0
 855, 12123, 12124, 100,-1,0
 855, 12123, 12124, 100,-1,0
 855, 12123, 12124, 100,-1,0
 855, 12123, 12124, 100,-1,0
 855, 12123, 12124, 100,-1,0
 855, 12123, 12124, 100,-1,0
 855, 12123, 12124, 100,-1,0
 855, 12123, 12124, 100,-1,0
 855, 12123, 12124, 100,-1,0
 855, 12123, 12124, 100,-1,0
 856, 12123, 12124, 100,-1,0
 856, 12123, 12124, 100,-1,0
 856, 12123, 12124, 100,-1,0
 856, 12123, 12124, 100,-1,0
 856, 12123, 12124, 100,-1,0
 856, 12123, 12124, 100,-1,0
 856, 12123, 12124, 100,-1,0
 856, 12123, 12124, 100,-1,0
 856, 12123, 12124, 100,-1,0
 856, 12123, 12124, 100,-1,0
 857, 12123, 12124, 100,-1,0
 857, 12123, 12124, 100,-1,0
 857, 12123, 12124, 100,-1,0
 857, 12123, 12124, 100,-1,0
 857, 12123, 12124, 100,-1,0
 857, 12123, 12124, 100,-1,0
 857, 12123, 12124, 100,-1,0
 857, 12123, 12124, 100,-1,0
 857, 12123, 12124, 100,-1,0
 857, 12123, 12124, 100,-1,0
 858, 12123, 12124, 100,-1,0
 858, 12123, 12124, 100,-1,0
 858, 12123, 12124, 100,-1,0
 858, 12123, 12124, 100,-1,0
 858, 12123, 12124, 100,-1,0
 858, 12123, 12124, 100,-1,0
 858, 12123, 12124, 100,-1,0
 858, 12123, 12124, 100,-1,0
 858, 12123, 12124, 100,-1,0
 858, 12123, 12124, 100,-1,0
 859, 12123, 12124, 100,-1,0
 859, 12123, 12124, 100,-1,0
 859, 12123, 12124, 100,-1,0
 859, 12123, 12124, 100,-1,0
 859, 12123, 12124, 100,-1,0
 859, 12123, 12124, 100,-1,0
 859, 12123, 12124, 100,-1,0
 859, 12123, 12124, 100,-1,0
 859, 12123, 12124, 100,-1,0
 859, 12123, 12124, 100,-1,0
 860, 12123, 12124, 100,-1,0
 860, 12123, 12124, 100,-1,0
 860, 12123, 12124, 100,-1,0
 860, 12123, 12124, 100,-1,0
 860, 12123, 12124, 100,-1,0
 860, 12123, 12124, 100,-1,0
 860, 12123, 12124, 100,-1,0
 860, 12123, 12124, 100,-1,0
 860, 12123, 12124, 100,-1,0
 861, 12123, 12124, 100,-1,0
 861, 12123, 12124, 100,-1,0
 861, 12123, 12124, 100,-1,0
 861, 12123, 12124, 100,-1,0
 861, 12123, 12124, 100,-1,0
 861, 12123, 12124, 100,-1,0
 861, 12123, 12124, 100,-1,0
 861, 12123, 12124, 100,-1,0
 861, 12123, 12124, 100,-1,0
 861, 12123, 12124, 100,-1,0
 862, 12123, 12124, 100,-1,0
 862, 12123, 12124, 100,-1,0
 862, 12123, 12124, 100,-1,0
 862, 12123, 12124, 100,-1,0
 862, 12123, 12124, 100,-1,0
 862, 12123, 12124, 100,-1,0
 862, 12123, 12124, 100,-1,0
 862, 12123, 12124, 100,-1,0
 862, 12123, 12124, 100,-1,0
 863, 12123, 12124, 100,-1,0
 863, 12123, 12124, 100,-1,0
 863, 12123, 12124, 100,-1,0
 863, 12123, 12124, 100,-1,0
 863, 12123, 12124, 100,-1,0
 863, 12123, 12124, 100,-1,0
 863, 12123, 12124, 100,-1,0
 863, 12123, 12124, 100,-1,0
 863, 12123, 12124, 100,-1,0
 863, 12123, 12124, 100,-1,0
 864, 12123, 12124, 100,-1,0
 864, 12123, 12124, 100,-1,0
 864, 12123, 12124, 100,-1,0
 864, 12123, 12124, 100,-1,0
 864, 12123, 12124, 100,-1,0
 864, 12123, 12124, 100,-1,0
 864, 12123, 12124, 100,-1,0
 864, 12123, 12124, 100,-1,0
 864, 12123, 12124, 100,-1,0
 864, 12123, 12124, 100,-1,0
 865, 12123, 12124, 100,-1,0
 865, 12123, 12124, 100,-1,0
 865, 12123, 12124, 100,-1,0
 865, 12123, 12124, 100,-1,0
 865, 12123, 12124, 100,-1,0
 865, 12123, 12124, 100,-1,0
 865, 12123, 12124, 100,-1,0
 865, 12123, 12124, 100,-1,0
 865, 12123, 12124, 100,-1,0
 865, 12123, 12124, 100,-1,0
 866, 12123, 12124, 100,-1,0
 866, 12123, 12124, 100,-1,0
 866, 12123, 12124, 100,-1,0
 866, 12123, 12124, 100,-1,0
 866, 12123, 12124, 100,-1,0
 866, 12123, 12124, 100,-1,0
 866, 12123, 12124, 100,-1,0
 866, 12123, 12124, 100,-1,0
 866, 12123, 12124, 100,-1,0
 866, 12123, 12124, 100,-1,0
 867, 12123, 12124, 100,-1,0
 867, 12123, 12124, 100,-1,0
 867, 12123, 12124, 100,-1,0
 867, 12123, 12124, 100,-1,0
 867, 12123, 12124, 100,-1,0
 867, 12123, 12124, 100,-1,0
 867, 12123, 12124, 100,-1,0
 867, 12123, 12124, 100,-1,0
 867, 12123, 12124, 100,-1,0
 867, 12123, 12124, 100,-1,0
 868, 12123, 12124, 100,-1,0
 868, 12123, 12124, 100,-1,0
 868, 12123, 12124, 100,-1,0
 868, 12123, 12124, 100,-1,0
 868, 12123, 12124, 100,-1,0
 868, 12123, 12124, 100,-1,0
 868, 12123, 12124, 100,-1,0
 868, 12123, 12124, 100,-1,0
 868, 12123, 12124, 100,-1,0
 868, 12123, 12124, 100,-1,0
 869, 12123, 12124, 100,-1,0
 869, 12123, 12124, 100,-1,0
 869, 12123, 12124, 100,-1,0
 869, 12123, 12124, 100,-1,0
 869, 12123, 12124, 100,-1,0
 869, 12123, 12124, 100,-1,0
 869, 12123, 12124, 100,-1,0
 869, 12123, 12124, 100,-1,0
 869, 12123, 12124, 100,-1,0
 870, 12123, 12124, 100,-1,0
 870, 12123, 12124, 100,-1,0
 870, 12123, 12124, 100,-1,0
 870, 12123, 12124, 100,-1,0
 870, 12123, 12124, 100,-1,0
 870, 12123, 12124, 100,-1,0
 870, 12123, 12124, 100,-1,0
 870, 12123, 12124, 100,-1,0
 870, 12123, 12124, 100,-1,0
 870, 12123, 12124, 100,-1,0
 871, 12123, 12124, 100,-1,0
 871, 12123, 12124, 100,-1,0
 871, 12123, 12124, 100,-1,0
 871, 12123, 12124, 100,-1,0
 871, 12123, 12124, 100,-1,0
 871, 12123, 12124, 100,-1,0
 871, 12123, 12124, 100,-1,0
 871, 12123, 12124, 100,-1,0
 871, 12123, 12124, 100,-1,0
 871, 12123, 12124, 100,-1,0
 872, 12123, 12124, 100,-1,0
 872, 12123, 12124, 100,-1,0
 872, 12123, 12124, 100,-1,0
 872, 12123, 12124, 100,-1,0
 872, 12123, 12124, 100,-1,0
 872, 12123, 12124, 100,-1,0
 872, 12123, 12124, 100,-1,0
 872, 12123, 12124, 100,-1,0
 872, 12123, 12124, 100,-1,0
 872, 12123, 12124, 100,-1,0
 873, 12123, 12124, 100,-1,0
 873, 12123, 12124, 100,-1,0
 873, 12123, 12124, 100,-1,0
 873, 12123, 12124, 100,-1,0
 873, 12123, 12124, 100,-1,0
 873, 12123, 12124, 100,-1,0
 873, 12123, 12124, 100,-1,0
 873, 12123, 12124, 100,-1,0
 873, 12123, 12124, 100,-1,0
 873, 12123, 12124, 100,-1,0
 874, 12123, 12124, 100,-1,0
 874, 12123, 12124, 100,-1,0
 874, 12123, 12124, 100,-1,0
 874, 12123, 12124, 100,-1,0
 874, 12123, 12124, 100,-1,0
 874, 12123, 12124, 100,-1,0
 874, 12123, 12124, 100,-1,0
 874, 12123, 12124, 100,-1,0
 874, 12123, 12124, 100,-1,0
 874, 12123, 12124, 100,-1,0
 875, 12123, 12124, 100,-1,0
 875, 12123, 12124, 100,-1,0
 875, 12123, 12124, 100,-1,0
 875, 12123, 12124, 100,-1,0
 875, 12123, 12124, 100,-1,0
 875, 12123, 12124, 100,-1,0
 875, 12123, 12124, 100,-1,0
 875, 12123, 12124, 100,-1,0
 875, 12123, 12124, 100,-1,0
 875, 12123, 12124, 100,-1,0
 876, 12123, 12124, 100,-1,0
 876, 12123, 12124, 100,-1,0
 876, 12123, 12124, 100,-1,0
 876, 12123, 12124, 100,-1,0
 876, 12123, 12124, 100,-1,0
 876, 12123, 12124, 100,-1,0
 876, 12123, 12124, 100,-1,0
 876, 12123, 12124, 100,-1,0
 876, 12123, 12124, 100,-1,0
 877, 12123, 12124, 100,-1,0
 877, 12123, 12124, 100,-1,0
 877, 12123, 12124, 100,-1,0
 877, 12123, 12124, 100,-1,0
 877, 12123, 12124, 100,-1,0
 877, 12123, 12124, 100,-1,0
 877, 12123, 12124, 100,-1,0
 877, 12123, 12124, 100,-1,0
 877, 12123, 12124, 100,-1,0
 877, 12123, 12124, 100,-1,0
 878, 12123, 12124, 100,-1,0
 878, 12123, 12124, 100,-1,0
 878, 12123, 12124, 100,-1,0
 878, 12123, 12124, 100,-1,0
 878, 12123, 12124, 100,-1,0
 878, 12123, 12124, 100,-1,0
 878, 12123, 12124, 100,-1,0
 878, 12123, 12124, 100,-1,0
 878, 12123, 12124, 100,-1,0
 878, 12123, 12124, 100,-1,0
 879, 12123, 12124, 100,-1,0
 879, 12123, 12124, 100,-1,0
 879, 12123, 12124, 100,-1,0
 879, 12123, 12124, 100,-1,0
 879, 12123, 12124, 100,-1,0
 879, 12123, 12124, 100,-1,0
 879, 12123, 12124, 100,-1,0
 879, 12123, 12124, 100,-1,0
 879, 12123, 12124, 100,-1,0
 879, 12123, 12124, 100,-1,0
 880, 12123, 12124, 100,-1,0
 880, 12123, 12124, 100,-1,0
 880, 12123, 12124, 100,-1,0
 880, 12123, 12124, 100,-1,0
 880, 12123, 12124, 100,-1,0
 880, 12123, 12124, 100,-1,0
 880, 12123, 12124, 100,-1,0
 880, 12123, 12124, 100,-1,0
 880, 12123, 12124, 100,-1,0
 880, 12123, 12124, 100,-1,0
 881, 12123, 12124, 100,-1,0
 881, 12123, 12124, 100,-1,0
 881, 12123, 12124, 100,-1,0
 881, 12123, 12124, 100,-1,0
 881, 12123, 12124, 100,-1,0
 881, 12123, 12124, 100,-1,0
 881, 12123, 12124, 100,-1,0
 881, 12123, 12124, 100,-1,0
 881, 12123, 12124, 100,-1,0
 881, 12123, 12124, 100,-1,0
 882, 12123, 12124, 100,-1,0
 882, 12123, 12124, 100,-1,0
 882, 12123, 12124, 100,-1,0
 882, 12123, 12124, 100,-1,0
 882, 12123, 12124, 100,-1,0
 882, 12123, 12124, 100,-1,0
 882, 12123, 12124, 100,-1,0
 882, 12123, 12124, 100,-1,0
 882, 12123, 12124, 100,-1,0
 883, 12123, 12124, 100,-1,0
 883, 12123, 12124, 100,-1,0
 883, 12123, 12124, 100,-1,0
 883, 12123, 12124, 100,-1,0
 883, 12123, 12124, 100,-1,0
 883, 12123, 12124, 100,-1,0
 883, 12123, 12124, 100,-1,0
 883, 12123, 12124, 100,-1,0
 883, 12123, 12124, 100,-1,0
 883, 12123, 12124, 100,-1,0
 884, 12123, 12124, 100,-1,0
 884, 12123, 12124, 100,-1,0
 884, 12123, 12124, 100,-1,0
 884, 12123, 12124, 100,-1,0
 884, 12123, 12124, 100,-1,0
 884, 12123, 12124, 100,-1,0
 884, 12123, 12124, 100,-1,0
 884, 12123, 12124, 100,-1,0
 884, 12123, 12124, 100,-1,0
 884, 12123, 12124, 100,-1,0
 885, 12123, 12124, 100,-1,0
 885, 12123, 12124, 100,-1,0
 885, 12123, 12124, 100,-1,0
 885, 12123, 12124, 100,-1,0
 885, 12123, 12124, 100,-1,0
 885, 12123, 12124, 100,-1,0
 885, 12123, 12124, 100,-1,0
 885, 12123, 12124, 100,-1,0
 885, 12123, 12124, 100,-1,0
 885, 12123, 12124, 100,-1,0
 886, 12123, 12124, 100,-1,0
 886, 12123, 12124, 100,-1,0
 886, 12123, 12124, 100,-1,0
 886, 12123, 12124, 100,-1,0
 886, 12123, 12124, 100,-1,0
 886, 12123, 12124, 100,-1,0
 886, 12123, 12124, 100,-1,0
 886, 12123, 12124, 100,-1,0
 886, 12123, 12124, 100,-1,0
 887, 12123, 12124, 100,-1,0
 887, 12123, 12124, 100,-1,0
 887, 12123, 12124, 100,-1,0
 887, 12123, 12124, 100,-1,0
 887, 12123, 12124, 100,-1,0
 887, 12123, 12124, 100,-1,0
 887, 12123, 12124, 100,-1,0
 887, 12123, 12124, 100,-1,0
 887, 12123, 12124, 100,-1,0
 887, 12123, 12124, 100,-1,0
 888, 12123, 12124, 100,-1,0
 888, 12123, 12124, 100,-1,0
 888, 12123, 12124, 100,-1,0
 888, 12123, 12124, 100,-1,0
 888, 12123, 12124, 100,-1,0
 888, 12123, 12124, 100,-1,0
 888, 12123, 12124, 100,-1,0
 888, 12123, 12124, 100,-1,0
 888, 12123, 12124, 100,-1,0
 889, 12123, 12124, 100,-1,0
 889, 12123, 12124, 100,-1,0
 889, 12123, 12124, 100,-1,0
 889, 12123, 12124, 100,-1,0
 889, 12123, 12124, 100,-1,0
 889, 12123, 12124, 100,-1,0
 889, 12123, 12124, 100,-1,0
 889, 12123, 12124, 100,-1,0
 889, 12123, 12124, 100,-1,0
 889, 12123, 12124, 100,-1,0
 890, 12123, 12124, 100,-1,0
 890, 12123, 12124, 100,-1,0
 890, 12123, 12124, 100,-1,0
 890, 12123, 12124, 100,-1,0
 890, 12123, 12124, 100,-1,0
 890, 12123, 12124, 100,-1,0
 890, 12123, 12124, 100,-1,0
 890, 12123, 12124, 100,-1,0
 890, 12123, 12124, 100,-1,0
 890, 12123, 12124, 100,-1,0
 891, 12123, 12124, 100,-1,0
 891, 12123, 12124, 100,-1,0
 891, 12123, 12124, 100,-1,0
 891, 12123, 12124, 100,-1,0
 891, 12123, 12124, 100,-1,0
 891, 12123, 12124, 100,-1,0
 891, 12123, 12124, 100,-1,0
 891, 12123, 12124, 100,-1,0
 891, 12123, 12124, 100,-1,0
 891, 12123, 12124, 100,-1,0
 892, 12123, 12124, 100,-1,0
 892, 12123, 12124, 100,-1,0
 892, 12123, 12124, 100,-1,0
 892, 12123, 12124, 100,-1,0
 892, 12123, 12124, 100,-1,0
 892, 12123, 12124, 100,-1,0
 892, 12123, 12124, 100,-1,0
 892, 12123, 12124, 100,-1,0
 892, 12123, 12124, 100,-1,0
 892, 12123, 12124, 100,-1,0
 893, 12123, 12124, 100,-1,0
 893, 12123, 12124, 100,-1,0
 893, 12123, 12124, 100,-1,0
 893, 12123, 12124, 100,-1,0
 893, 12123, 12124, 100,-1,0
 893, 12123, 12124, 100,-1,0
 893, 12123, 12124, 100,-1,0
 893, 12123, 12124, 100,-1,0
 893, 12123, 12124, 100,-1,0
 893, 12123, 12124, 100,-1,0
 894, 12123, 12124, 100,-1,0
 894, 12123, 12124, 100,-1,0
 894, 12123, 12124, 100,-1,0
 894, 12123, 12124, 100,-1,0
 894, 12123, 12124, 100,-1,0
 894, 12123, 12124, 100,-1,0
 894, 12123, 12124, 100,-1,0
 894, 12123, 12124, 100,-1,0
 894, 12123, 12124, 100,-1,0
 894, 12123, 12124, 100,-1,0
 895, 12123, 12124, 100,-1,0
 895, 12123, 12124, 100,-1,0
 895, 12123, 12124, 100,-1,0
 895, 12123, 12124, 100,-1,0
 895, 12123, 12124, 100,-1,0
 895, 12123, 12124, 100,-1,0
 895, 12123, 12124, 100,-1,0
 895, 12123, 12124, 100,-1,0
 895, 12123, 12124, 100,-1,0
 895, 12123, 12124, 100,-1,0
 896, 12123, 12124, 100,-1,0
 896, 12123, 12124, 100,-1,0
 896, 12123, 12124, 100,-1,0
 896, 12123, 12124, 100,-1,0
 896, 12123, 12124, 100,-1,0
 896, 12123, 12124, 100,-1,0
 896, 12123, 12124, 100,-1,0
 896, 12123, 12124, 100,-1,0
 896, 12123, 12124, 100,-1,0
 897, 12123, 12124, 100,-1,0
 897, 12123, 12124, 100,-1,0
 897, 12123, 12124, 100,-1,0
 897, 12123, 12124, 100,-1,0
 897, 12123, 12124, 100,-1,0
 897, 12123, 12124, 100,-1,0
 897, 12123, 12124, 100,-1,0
 897, 12123, 12124, 100,-1,0
 897, 12123, 12124, 100,-1,0
 897, 12123, 12124, 100,-1,0
 898, 12123, 12124, 100,-1,0
 898, 12123, 12124, 100,-1,0
 898, 12123, 12124, 100,-1,0
 898, 12123, 12124, 100,-1,0
 898, 12123, 12124, 100,-1,0
 898, 12123, 12124, 100,-1,0
 898, 12123, 12124, 100,-1,0
 898, 12123, 12124, 100,-1,0
 898, 12123, 12124, 100,-1,0
 898, 12123, 12124, 100,-1,0
 899, 12123, 12124, 100,-1,0
 899, 12123, 12124, 100,-1,0
 899, 12123, 12124, 100,-1,0
 899, 12123, 12124, 100,-1,0
 899, 12123, 12124, 100,-1,0
 899, 12123, 12124, 100,-1,0
 899, 12123, 12124, 100,-1,0
 899, 12123, 12124, 100,-1,0
 899, 12123, 12124, 100,-1,0
 899, 12123, 12124, 100,-1,0
 900, 12123, 12124, 100,-1,0
 900, 12123, 12124, 100,-1,0
 900, 12123, 12124, 100,-1,0
 900, 12123, 12124, 100,-1,0
 900, 12123, 12124, 100,-1,0
 900, 12123, 12124, 100,-1,0
 900, 12123, 12124, 100,-1,0
 900, 12123, 12124, 100,-1,0
 900, 12123, 12124, 100,-1,0
 900, 12123, 12124, 100,-1,0
 901, 12123, 12124, 100,-1,0
 901, 12123, 12124, 100,-1,0
 901, 12123, 12124, 100,-1,0
 901, 12123, 12124, 100,-1,0
 901, 12123, 12124, 100,-1,0
 901, 12123, 12124, 100,-1,0
 901, 12123, 12124, 100,-1,0
 901, 12123, 12124, 100,-1,0
 901, 12123, 12124, 100,-1,0
 901, 12123, 12124, 100,-1,0
 902, 12123, 12124, 100,-1,0
 902, 12123, 12124, 100,-1,0
 902, 12123, 12124, 100,-1,0
 902, 12123, 12124, 100,-1,0
 902, 12123, 12124, 100,-1,0
 902, 12123, 12124, 100,-1,0
 902, 12123, 12124, 100,-1,0
 902, 12123, 12124, 100,-1,0
 902, 12123, 12124, 100,-1,0
 902, 12123, 12124, 100,-1,0
 903, 12123, 12124, 100,-1,0
 903, 12123, 12124, 100,-1,0
 903, 12123, 12124, 100,-1,0
 903, 12123, 12124, 100,-1,0
 903, 12123, 12124, 100,-1,0
 903, 12123, 12124, 100,-1,0
 903, 12123, 12124, 100,-1,0
 903, 12123, 12124, 100,-1,0
 903, 12123, 12124, 100,-1,0
 904, 12123, 12124, 100,-1,0
 904, 12123, 12124, 100,-1,0
 904, 12123, 12124, 100,-1,0
 904, 12123, 12124, 100,-1,0
 904, 12123, 12124, 100,-1,0
 904, 12123, 12124, 100,-1,0
 904, 12123, 12124, 100,-1,0
 904, 12123, 12124, 100,-1,0
 904, 12123, 12124, 100,-1,0
 904, 12123, 12124, 100,-1,0
 905, 12123, 12124, 100,-1,0
 905, 12123, 12124, 100,-1,0
 905, 12123, 12124, 100,-1,0
 905, 12123, 12124, 100,-1,0
 905, 12123, 12124, 100,-1,0
 905, 12123, 12124, 100,-1,0
 905, 12123, 12124, 100,-1,0
 905, 12123, 12124, 100,-1,0
 905, 12123, 12124, 100,-1,0
 905, 12123, 12124, 100,-1,0
 906, 12123, 12124, 100,-1,0
 906, 12123, 12124, 100,-1,0
 906, 12123, 12124, 100,-1,0
 906, 12123, 12124, 100,-1,0
 906, 12123, 12124, 100,-1,0
 906, 12123, 12124, 100,-1,0
 906, 12123, 12124, 100,-1,0
 906, 12123, 12124, 100,-1,0
 906, 12123, 12124, 100,-1,0
 906, 12123, 12124, 100,-1,0
 907, 12123, 12124, 100,-1,0
 907, 12123, 12124, 100,-1,0
 907, 12123, 12124, 100,-1,0
 907, 12123, 12124, 100,-1,0
 907, 12123, 12124, 100,-1,0
 907, 12123, 12124, 100,-1,0
 907, 12123, 12124, 100,-1,0
 907, 12123, 12124, 100,-1,0
 907, 12123, 12124, 100,-1,0
 908, 12123, 12124, 100,-1,0
 908, 12123, 12124, 100,-1,0
 908, 12123, 12124, 100,-1,0
 908, 12123, 12124, 100,-1,0
 908, 12123, 12124, 100,-1,0
 908, 12123, 12124, 100,-1,0
 908, 12123, 12124, 100,-1,0
 908, 12123, 12124, 100,-1,0
 908, 12123, 12124, 100,-1,0
 908, 12123, 12124, 100,-1,0
 909, 12123, 12124, 100,-1,0
 909, 12123, 12124, 100,-1,0
 909, 12123, 12124, 100,-1,0
 909, 12123, 12124, 100,-1,0
 909, 12123, 12124, 100,-1,0
 909, 12123, 12124, 100,-1,0
 909, 12123, 12124, 100,-1,0
 909, 12123, 12124, 100,-1,0
 909, 12123, 12124, 100,-1,0
 909, 12123, 12124, 100,-1,0
 910, 12123, 12124, 100,-1,0
 910, 12123, 12124, 100,-1,0
 910, 12123, 12124, 100,-1,0
 910, 12123, 12124, 100,-1,0
 910, 12123, 12124, 100,-1,0
 910, 12123, 12124, 100,-1,0
 910, 12123, 12124, 100,-1,0
 910, 12123, 12124, 100,-1,0
 910, 12123, 12124, 100,-1,0
 910, 12123, 12124, 100,-1,0
 911, 12123, 12124, 100,-1,0
 911, 12123, 12124, 100,-1,0
 911, 12123, 12124, 100,-1,0
 911, 12123, 12124, 100,-1,0
 911, 12123, 12124, 100,-1,0
 911, 12123, 12124, 100,-1,0
 911, 12123, 12124, 100,-1,0
 911, 12123, 12124, 100,-1,0
 911, 12123, 12124, 100,-1,0
 911, 12123, 12124, 100,-1,0
 912, 12123, 12124, 100,-1,0
 912, 12123, 12124, 100,-1,0
 912, 12123, 12124, 100,-1,0
 912, 12123, 12124, 100,-1,0
 912, 12123, 12124, 100,-1,0
 912, 12123, 12124, 100,-1,0
 912, 12123, 12124, 100,-1,0
 912, 12123, 12124, 100,-1,0
 912, 12123, 12124, 100,-1,0
 912, 12123, 12124, 100,-1,0
 913, 12123, 12124, 100,-1,0
 913, 12123, 12124, 100,-1,0
 913, 12123, 12124, 100,-1,0
 913, 12123, 12124, 100,-1,0
 913, 12123, 12124, 100,-1,0
 913, 12123, 12124, 100,-1,0
 913, 12123, 12124, 100,-1,0
 913, 12123, 12124, 100,-1,0
 913, 12123, 12124, 100,-1,0
 913, 12123, 12124, 100,-1,0
 914, 12123, 12124, 100,-1,0
 914, 12123, 12124, 100,-1,0
 914, 12123, 12124, 100,-1,0
 914, 12123, 12124, 100,-1,0
 914, 12123, 12124, 100,-1,0
 914, 12123, 12124, 100,-1,0
 914, 12123, 12124, 100,-1,0
 914, 12123, 12124, 100,-1,0
 914, 12123, 12124, 100,-1,0
 914, 12123, 12124, 100,-1,0
 915, 12123, 12124, 100,-1,0
 915, 12123, 12124, 100,-1,0
 915, 12123, 12124, 100,-1,0
 915, 12123, 12124, 100,-1,0
 915, 12123, 12124, 100,-1,0
 915, 12123, 12124, 100,-1,0
 915, 12123, 12124, 100,-1,0
 915, 12123, 12124, 100,-1,0
 915, 12123, 12124, 100,-1,0
 915, 12123, 12124, 100,-1,0
 916, 12123, 12124, 100,-1,0
 916, 12123, 12124, 100,-1,0
 916, 12123, 12124, 100,-1,0
 916, 12123, 12124, 100,-1,0
 916, 12123, 12124, 100,-1,0
 916, 12123, 12124, 100,-1,0
 916, 12123, 12124, 100,-1,0
 916, 12123, 12124, 100,-1,0
 916, 12123, 12124, 100,-1,0
 917, 12123, 12124, 100,-1,0
 917, 12123, 12124, 100,-1,0
 917, 12123, 12124, 100,-1,0
 917, 12123, 12124, 100,-1,0
 917, 12123, 12124, 100,-1,0
 917, 12123, 12124, 100,-1,0
 917, 12123, 12124, 100,-1,0
 917, 12123, 12124, 100,-1,0
 917, 12123, 12124, 100,-1,0
 917, 12123, 12124, 100,-1,0
 918, 12123, 12124, 100,-1,0
 918, 12123, 12124, 100,-1,0
 918, 12123, 12124, 100,-1,0
 918, 12123, 12124, 100,-1,0
 918, 12123, 12124, 100,-1,0
 918, 12123, 12124, 100,-1,0
 918, 12123, 12124, 100,-1,0
 918, 12123, 12124, 100,-1,0
 918, 12123, 12124, 100,-1,0
 918, 12123, 12124, 100,-1,0
 919, 12123, 12124, 100,-1,0
 919, 12123, 12124, 100,-1,0
 919, 12123, 12124, 100,-1,0
 919, 12123, 12124, 100,-1,0
 919, 12123, 12124, 100,-1,0
 919, 12123, 12124, 100,-1,0
 919, 12123, 12124, 100,-1,0
 919, 12123, 12124, 100,-1,0
 919, 12123, 12124, 100,-1,0
 919, 12123, 12124, 100,-1,0
 920, 12123, 12124, 100,-1,0
 920, 12123, 12124, 100,-1,0
 920, 12123, 12124, 100,-1,0
 920, 12123, 12124, 100,-1,0
 920, 12123, 12124, 100,-1,0
 920, 12123, 12124, 100,-1,0
 920, 12123, 12124, 100,-1,0
 920, 12123, 12124, 100,-1,0
 920, 12123, 12124, 100,-1,0
 920, 12123, 12124, 100,-1,0
 921, 12123, 12124, 100,-1,0
 921, 12123, 12124, 100,-1,0
 921, 12123, 12124, 100,-1,0
 921, 12123, 12124, 100,-1,0
 921, 12123, 12124, 100,-1,0
 921, 12123, 12124, 100,-1,0
 921, 12123, 12124, 100,-1,0
 921, 12123, 12124, 100,-1,0
 921, 12123, 12124, 100,-1,0
 921, 12123, 12124, 100,-1,0
 922, 12123, 12124, 100,-1,0
 922, 12123, 12124, 100,-1,0
 922, 12123, 12124, 100,-1,0
 922, 12123, 12124, 100,-1,0
 922, 12123, 12124, 100,-1,0
 922, 12123, 12124, 100,-1,0
 922, 12123, 12124, 100,-1,0
 922, 12123, 12124, 100,-1,0
 922, 12123, 12124, 100,-1,0
 922, 12123, 12124, 100,-1,0
 923, 12123, 12124, 100,-1,0
 923, 12123, 12124, 100,-1,0
 923, 12123, 12124, 100,-1,0
 923, 12123, 12124, 100,-1,0
 923, 12123, 12124, 100,-1,0
 923, 12123, 12124, 100,-1,0
 923, 12123, 12124, 100,-1,0
 923, 12123, 12124, 100,-1,0
 923, 12123, 12124, 100,-1,0
 923, 12123, 12124, 100,-1,0
 924, 12123, 12124, 100,-1,0
 924, 12123, 12124, 100,-1,0
 924, 12123, 12124, 100,-1,0
 924, 12123, 12124, 100,-1,0
 924, 12123, 12124, 100,-1,0
 924, 12123, 12124, 100,-1,0
 924, 12123, 12124, 100,-1,0
 924, 12123, 12124, 100,-1,0
 924, 12123, 12124, 100,-1,0
 924, 12123, 12124, 100,-1,0
 925, 12123, 12124, 100,-1,0
 925, 12123, 12124, 100,-1,0
 925, 12123, 12124, 100,-1,0
 925, 12123, 12124, 100,-1,0
 925, 12123, 12124, 100,-1,0
 925, 12123, 12124, 100,-1,0
 925, 12123, 12124, 100,-1,0
 925, 12123, 12124, 100,-1,0
 925, 12123, 12124, 100,-1,0
 925, 12123, 12124, 100,-1,0
 926, 12123, 12124, 100,-1,0
 926, 12123, 12124, 100,-1,0
 926, 12123, 12124, 100,-1,0
 926, 12123, 12124, 100,-1,0
 926, 12123, 12124, 100,-1,0
 926, 12123, 12124, 100,-1,0
 926, 12123, 12124, 100,-1,0
 926, 12123, 12124, 100,-1,0
 926, 12123, 12124, 100,-1,0
 926, 12123, 12124, 100,-1,0
 927, 12123, 12124, 100,-1,0
 927, 12123, 12124, 100,-1,0
 927, 12123, 12124, 100,-1,0
 927, 12123, 12124, 100,-1,0
 927, 12123, 12124, 100,-1,0
 927, 12123, 12124, 100,-1,0
 927, 12123, 12124, 100,-1,0
 927, 12123, 12124, 100,-1,0
 927, 12123, 12124, 100,-1,0
 927, 12123, 12124, 100,-1,0
 928, 12123, 12124, 100,-1,0
 928, 12123, 12124, 100,-1,0
 928, 12123, 12124, 100,-1,0
 928, 12123, 12124, 100,-1,0
 928, 12123, 12124, 100,-1,0
 928, 12123, 12124, 100,-1,0
 928, 12123, 12124, 100,-1,0
 928, 12123, 12124, 100,-1,0
 928, 12123, 12124, 100,-1,0
 929, 12123, 12124, 100,-1,0
 929, 12123, 12124, 100,-1,0
 929, 12123, 12124, 100,-1,0
 929, 12123, 12124, 100,-1,0
 929, 12123, 12124, 100,-1,0
 929, 12123, 12124, 100,-1,0
 929, 12123, 12124, 100,-1,0
 929, 12123, 12124, 100,-1,0
 929, 12123, 12124, 100,-1,0
 929, 12123, 12124, 100,-1,0
 930, 12123, 12124, 100,-1,0
 930, 12123, 12124, 100,-1,0
 930, 12123, 12124, 100,-1,0
 930, 12123, 12124, 100,-1,0
 930, 12123, 12124, 100,-1,0
 930, 12123, 12124, 100,-1,0
 930, 12123, 12124, 100,-1,0
 930, 12123, 12124, 100,-1,0
 930, 12123, 12124, 100,-1,0
 930, 12123, 12124, 100,-1,0
 931, 12123, 12124, 100,-1,0
 931, 12123, 12124, 100,-1,0
 931, 12123, 12124, 100,-1,0
 931, 12123, 12124, 100,-1,0
 931, 12123, 12124, 100,-1,0
 931, 12123, 12124, 100,-1,0
 931, 12123, 12124, 100,-1,0
 931, 12123, 12124, 100,-1,0
 931, 12123, 12124, 100,-1,0
 931, 12123, 12124, 100,-1,0
 932, 12123, 12124, 100,-1,0
 932, 12123, 12124, 100,-1,0
 932, 12123, 12124, 100,-1,0
 932, 12123, 12124, 100,-1,0
 932, 12123, 12124, 100,-1,0
 932, 12123, 12124, 100,-1,0
 932, 12123, 12124, 100,-1,0
 932, 12123, 12124, 100,-1,0
 932, 12123, 12124, 100,-1,0
 932, 12123, 12124, 100,-1,0
 933, 12123, 12124, 100,-1,0
 933, 12123, 12124, 100,-1,0
 933, 12123, 12124, 100,-1,0
 933, 12123, 12124, 100,-1,0
 933, 12123, 12124, 100,-1,0
 933, 12123, 12124, 100,-1,0
 933, 12123, 12124, 100,-1,0
 933, 12123, 12124, 100,-1,0
 933, 12123, 12124, 100,-1,0
 933, 12123, 12124, 100,-1,0
 934, 12123, 12124, 100,-1,0
 934, 12123, 12124, 100,-1,0
 934, 12123, 12124, 100,-1,0
 934, 12123, 12124, 100,-1,0
 934, 12123, 12124, 100,-1,0
 934, 12123, 12124, 100,-1,0
 934, 12123, 12124, 100,-1,0
 934, 12123, 12124, 100,-1,0
 934, 12123, 12124, 100,-1,0
 934, 12123, 12124, 100,-1,0
 935, 12123, 12124, 100,-1,0
 935, 12123, 12124, 100,-1,0
 935, 12123, 12124, 100,-1,0
 935, 12123, 12124, 100,-1,0
 935, 12123, 12124, 100,-1,0
 935, 12123, 12124, 100,-1,0
 935, 12123, 12124, 100,-1,0
 935, 12123, 12124, 100,-1,0
 935, 12123, 12124, 100,-1,0
 935, 12123, 12124, 100,-1,0
 936, 12123, 12124, 100,-1,0
 936, 12123, 12124, 100,-1,0
 936, 12123, 12124, 100,-1,0
 936, 12123, 12124, 100,-1,0
 936, 12123, 12124, 100,-1,0
 936, 12123, 12124, 100,-1,0
 936, 12123, 12124, 100,-1,0
 936, 12123, 12124, 100,-1,0
 936, 12123, 12124, 100,-1,0
 936, 12123, 12124, 100,-1,0
 937, 12123, 12124, 100,-1,0
 937, 12123, 12124, 100,-1,0
 937, 12123, 12124, 100,-1,0
 937, 12123, 12124, 100,-1,0
 937, 12123, 12124, 100,-1,0
 937, 12123, 12124, 100,-1,0
 937, 12123, 12124, 100,-1,0
 937, 12123, 12124, 100,-1,0
 937, 12123, 12124, 100,-1,0
 937, 12123, 12124, 100,-1,0
 938, 12123, 12124, 100,-1,0
 938, 12123, 12124, 100,-1,0
 938, 12123, 12124, 100,-1,0
 938, 12123, 12124, 100,-1,0
 938, 12123, 12124, 100,-1,0
 938, 12123, 12124, 100,-1,0
 938, 12123, 12124, 100,-1,0
 938, 12123, 12124, 100,-1,0
 938, 12123, 12124, 100,-1,0
 938, 12123, 12124, 100,-1,0
 939, 12123, 12124, 100,-1,0
 939, 12123, 12124, 100,-1,0
 939, 12123, 12124, 100,-1,0
 939, 12123, 12124, 100,-1,0
 939, 12123, 12124, 100,-1,0
 939, 12123, 12124, 100,-1,0
 939, 12123, 12124, 100,-1,0
 939, 12123, 12124, 100,-1,0
 939, 12123, 12124, 100,-1,0
 939, 12123, 12124, 100,-1,0
 940, 12123, 12124, 100,-1,0
 940, 12123, 12124, 100,-1,0
 940, 12123, 12124, 100,-1,0
 940, 12123, 12124, 100,-1,0
 940, 12123, 12124, 100,-1,0
 940, 12123, 12124, 100,-1,0
 940, 12123, 12124, 100,-1,0
 940, 12123, 12124, 100,-1,0
 940, 12123, 12124, 100,-1,0
 941, 12123, 12124, 100,-1,0
 941, 12123, 12124, 100,-1,0
 941, 12123, 12124, 100,-1,0
 941, 12123, 12124, 100,-1,0
 941, 12123, 12124, 100,-1,0
 941, 12123, 12124, 100,-1,0
 941, 12123, 12124, 100,-1,0
 941, 12123, 12124, 100,-1,0
 941, 12123, 12124, 100,-1,0
 941, 12123, 12124, 100,-1,0
 942, 12123, 12124, 100,-1,0
 942, 12123, 12124, 100,-1,0
 942, 12123, 12124, 100,-1,0
 942, 12123, 12124, 100,-1,0
 942, 12123, 12124, 100,-1,0
 942, 12123, 12124, 100,-1,0
 942, 12123, 12124, 100,-1,0
 942, 12123, 12124, 100,-1,0
 942, 12123, 12124, 100,-1,0
 942, 12123, 12124, 100,-1,0
 943, 12123, 12124, 100,-1,0
 943, 12123, 12124, 100,-1,0
 943, 12123, 12124, 100,-1,0
 943, 12123, 12124, 100,-1,0
 943, 12123, 12124, 100,-1,0
 943, 12123, 12124, 100,-1,0
 943, 12123, 12124, 100,-1,0
 943, 12123, 12124, 100,-1,0
 943, 12123, 12124, 100,-1,0
 943, 12123, 12124, 100,-1,0
 944, 12123, 12124, 100,-1,0
 944, 12123, 12124, 100,-1,0
 944, 12123, 12124, 100,-1,0
 944, 12123, 12124, 100,-1,0
 944, 12123, 12124, 100,-1,0
 944, 12123, 12124, 100,-1,0
 944, 12123, 12124, 100,-1,0
 944, 12123, 12124, 100,-1,0
 944, 12123, 12124, 100,-1,0
 944, 12123, 12124, 100,-1,0
 945, 12123, 12124, 100,-1,0
 945, 12123, 12124, 100,-1,0
 945, 12123, 12124, 100,-1,0
 945, 12123, 12124, 100,-1,0
 945, 12123, 12124, 100,-1,0
 945, 12123, 12124, 100,-1,0
 945, 12123, 12124, 100,-1,0
 945, 12123, 12124, 100,-1,0
 945, 12123, 12124, 100,-1,0
 945, 12123, 12124, 100,-1,0
 946, 12123, 12124, 100,-1,0
 946, 12123, 12124, 100,-1,0
 946, 12123, 12124, 100,-1,0
 946, 12123, 12124, 100,-1,0
 946, 12123, 12124, 100,-1,0
 946, 12123, 12124, 100,-1,0
 946, 12123, 12124, 100,-1,0
 946, 12123, 12124, 100,-1,0
 946, 12123, 12124, 100,-1,0
 946, 12123, 12124, 100,-1,0
 947, 12123, 12124, 100,-1,0
 947, 12123, 12124, 100,-1,0
 947, 12123, 12124, 100,-1,0
 947, 12123, 12124, 100,-1,0
 947, 12123, 12124, 100,-1,0
 947, 12123, 12124, 100,-1,0
 947, 12123, 12124, 100,-1,0
 947, 12123, 12124, 100,-1,0
 947, 12123, 12124, 100,-1,0
 947, 12123, 12124, 100,-1,0
 948, 12123, 12124, 100,-1,0
 948, 12123, 12124, 100,-1,0
 948, 12123, 12124, 100,-1,0
 948, 12123, 12124, 100,-1,0
 948, 12123, 12124, 100,-1,0
 948, 12123, 12124, 100,-1,0
 948, 12123, 12124, 100,-1,0
 948, 12123, 12124, 100,-1,0
 948, 12123, 12124, 100,-1,0
 948, 12123, 12124, 100,-1,0
 949, 12123, 12124, 100,-1,0
 949, 12123, 12124, 100,-1,0
 949, 12123, 12124, 100,-1,0
 949, 12123, 12124, 100,-1,0
 949, 12123, 12124, 100,-1,0
 949, 12123, 12124, 100,-1,0
 949, 12123, 12124, 100,-1,0
 949, 12123, 12124, 100,-1,0
 949, 12123, 12124, 100,-1,0
 949, 12123, 12124, 100,-1,0
 950, 12123, 12124, 100,-1,0
 950, 12123, 12124, 100,-1,0
 950, 12123, 12124, 100,-1,0
 950, 12123, 12124, 100,-1,0
 950, 12123, 12124, 100,-1,0
 950, 12123, 12124, 100,-1,0
 950, 12123, 12124, 100,-1,0
 950, 12123, 12124, 100,-1,0
 950, 12123, 12124, 100,-1,0
 951, 12123, 12124, 100,-1,0
 951, 12123, 12124, 100,-1,0
 951, 12123, 12124, 100,-1,0
 951, 12123, 12124, 100,-1,0
 951, 12123, 12124, 100,-1,0
 951, 12123, 12124, 100,-1,0
 951, 12123, 12124, 100,-1,0
 951, 12123, 12124, 100,-1,0
 951, 12123, 12124, 100,-1,0
 951, 12123, 12124, 100,-1,0
 952, 12123, 12124, 100,-1,0
 952, 12123, 12124, 100,-1,0
 952, 12123, 12124, 100,-1,0
 952, 12123, 12124, 100,-1,0
 952, 12123, 12124, 100,-1,0
 952, 12123, 12124, 100,-1,0
 952, 12123, 12124, 100,-1,0
 952, 12123, 12124, 100,-1,0
 952, 12123, 12124, 100,-1,0
 952, 12123, 12124, 100,-1,0
 953, 12123, 12124, 100,-1,0
 953, 12123, 12124, 100,-1,0
 953, 12123, 12124, 100,-1,0
 953, 12123, 12124, 100,-1,0
 953, 12123, 12124, 100,-1,0
 953, 12123, 12124, 100,-1,0
 953, 12123, 12124, 100,-1,0
 953, 12123, 12124, 100,-1,0
 953, 12123, 12124, 100,-1,0
 953, 12123, 12124, 100,-1,0
 954, 12123, 12124, 100,-1,0
 954, 12123, 12124, 100,-1,0
 954, 12123, 12124, 100,-1,0
 954, 12123, 12124, 100,-1,0
 954, 12123, 12124, 100,-1,0
 954, 12123, 12124, 100,-1,0
 954, 12123, 12124, 100,-1,0
 954, 12123, 12124, 100,-1,0
 954, 12123, 12124, 100,-1,0
 955, 12123, 12124, 100,-1,0
 955, 12123, 12124, 100,-1,0
 955, 12123, 12124, 100,-1,0
 955, 12123, 12124, 100,-1,0
 955, 12123, 12124, 100,-1,0
 955, 12123, 12124, 100,-1,0
 955, 12123, 12124, 100,-1,0
 955, 12123, 12124, 100,-1,0
 955, 12123, 12124, 100,-1,0
 955, 12123, 12124, 100,-1,0
 956, 12123, 12124, 100,-1,0
 956, 12123, 12124, 100,-1,0
 956, 12123, 12124, 100,-1,0
 956, 12123, 12124, 100,-1,0
 956, 12123, 12124, 100,-1,0
 956, 12123, 12124, 100,-1,0
 956, 12123, 12124, 100,-1,0
 956, 12123, 12124, 100,-1,0
 956, 12123, 12124, 100,-1,0
 956, 12123, 12124, 100,-1,0
 957, 12123, 12124, 100,-1,0
 957, 12123, 12124, 100,-1,0
 957, 12123, 12124, 100,-1,0
 957, 12123, 12124, 100,-1,0
 957, 12123, 12124, 100,-1,0
 957, 12123, 12124, 100,-1,0
 957, 12123, 12124, 100,-1,0
 957, 12123, 12124, 100,-1,0
 957, 12123, 12124, 100,-1,0
 957, 12123, 12124, 100,-1,0
 958, 12123, 12124, 100,-1,0
 958, 12123, 12124, 100,-1,0
 958, 12123, 12124, 100,-1,0
 958, 12123, 12124, 100,-1,0
 958, 12123, 12124, 100,-1,0
 958, 12123, 12124, 100,-1,0
 958, 12123, 12124, 100,-1,0
 958, 12123, 12124, 100,-1,0
 958, 12123, 12124, 100,-1,0
 958, 12123, 12124, 100,-1,0
 959, 12123, 12124, 100,-1,0
 959, 12123, 12124, 100,-1,0
 959, 12123, 12124, 100,-1,0
 959, 12123, 12124, 100,-1,0
 959, 12123, 12124, 100,-1,0
 959, 12123, 12124, 100,-1,0
 959, 12123, 12124, 100,-1,0
 959, 12123, 12124, 100,-1,0
 959, 12123, 12124, 100,-1,0
 960, 12123, 12124, 100,-1,0
 960, 12123, 12124, 100,-1,0
 960, 12123, 12124, 100,-1,0
 960, 12123, 12124, 100,-1,0
 960, 12123, 12124, 100,-1,0
 960, 12123, 12124, 100,-1,0
 960, 12123, 12124, 100,-1,0
 960, 12123, 12124, 100,-1,0
 960, 12123, 12124, 100,-1,0
 960, 12123, 12124, 100,-1,0
 961, 12123, 12124, 100,-1,0
 961, 12123, 12124, 100,-1,0
 961, 12123, 12124, 100,-1,0
 961, 12123, 12124, 100,-1,0
 961, 12123, 12124, 100,-1,0
 961, 12123, 12124, 100,-1,0
 961, 12123, 12124, 100,-1,0
 961, 12123, 12124, 100,-1,0
 961, 12123, 12124, 100,-1,0
 962, 12123, 12124, 100,-1,0
 962, 12123, 12124, 100,-1,0
 962, 12123, 12124, 100,-1,0
 962, 12123, 12124, 100,-1,0
 962, 12123, 12124, 100,-1,0
 962, 12123, 12124, 100,-1,0
 962, 12123, 12124, 100,-1,0
 962, 12123, 12124, 100,-1,0
 962, 12123, 12124, 100,-1,0
 962, 12123, 12124, 100,-1,0
 963, 12123, 12124, 100,-1,0
 963, 12123, 12124, 100,-1,0
 963, 12123, 12124, 100,-1,0
 963, 12123, 12124, 100,-1,0
 963, 12123, 12124, 100,-1,0
 963, 12123, 12124, 100,-1,0
 963, 12123, 12124, 100,-1,0
 963, 12123, 12124, 100,-1,0
 963, 12123, 12124, 100,-1,0
 964, 12123, 12124, 100,-1,0
 964, 12123, 12124, 100,-1,0
 964, 12123, 12124, 100,-1,0
 964, 12123, 12124, 100,-1,0
 964, 12123, 12124, 100,-1,0
 964, 12123, 12124, 100,-1,0
 964, 12123, 12124, 100,-1,0
 964, 12123, 12124, 100,-1,0
 964, 12123, 12124, 100,-1,0
 964, 12123, 12124, 100,-1,0
 965, 12123, 12124, 100,-1,0
 965, 12123, 12124, 100,-1,0
 965, 12123, 12124, 100,-1,0
 965, 12123, 12124, 100,-1,0
 965, 12123, 12124, 100,-1,0
 965, 12123, 12124, 100,-1,0
 965, 12123, 12124, 100,-1,0
 965, 12123, 12124, 100,-1,0
 965, 12123, 12124, 100,-1,0
 965, 12123, 12124, 100,-1,0
 966, 12123, 12124, 100,-1,0
 966, 12123, 12124, 100,-1,0
 966, 12123, 12124, 100,-1,0
 966, 12123, 12124, 100,-1,0
 966, 12123, 12124, 100,-1,0
 966, 12123, 12124, 100,-1,0
 966, 12123, 12124, 100,-1,0
 966, 12123, 12124, 100,-1,0
 966, 12123, 12124, 100,-1,0
 966, 12123, 12124, 100,-1,0
 967, 12123, 12124, 100,-1,0
 967, 12123, 12124, 100,-1,0
 967, 12123, 12124, 100,-1,0
 967, 12123, 12124, 100,-1,0
 967, 12123, 12124, 100,-1,0
 967, 12123, 12124, 100,-1,0
 967, 12123, 12124, 100,-1,0
 967, 12123, 12124, 100,-1,0
 967, 12123, 12124, 100,-1,0
 968, 12123, 12124, 100,-1,0
 968, 12123, 12124, 100,-1,0
 968, 12123, 12124, 100,-1,0
 968, 12123, 12124, 100,-1,0
 968, 12123, 12124, 100,-1,0
 968, 12123, 12124, 100,-1,0
 968, 12123, 12124, 100,-1,0
 968, 12123, 12124, 100,-1,0
 968, 12123, 12124, 100,-1,0
 968, 12123, 12124, 100,-1,0
 969, 12123, 12124, 100,-1,0
 969, 12123, 12124, 100,-1,0
 969, 12123, 12124, 100,-1,0
 969, 12123, 12124, 100,-1,0
 969, 12123, 12124, 100,-1,0
 969, 12123, 12124, 100,-1,0
 969, 12123, 12124, 100,-1,0
 969, 12123, 12124, 100,-1,0
 969, 12123, 12124, 100,-1,0
 969, 12123, 12124, 100,-1,0
 970, 12123, 12124, 100,-1,0
 970, 12123, 12124, 100,-1,0
 970, 12123, 12124, 100,-1,0
 970, 12123, 12124, 100,-1,0
 970, 12123, 12124, 100,-1,0
 970, 12123, 12124, 100,-1,0
 970, 12123, 12124, 100,-1,0
 970, 12123, 12124, 100,-1,0
 970, 12123, 12124, 100,-1,0
 970, 12123, 12124, 100,-1,0
 971, 12123, 12124, 100,-1,0
 971, 12123, 12124, 100,-1,0
 971, 12123, 12124, 100,-1,0
 971, 12123, 12124, 100,-1,0
 971, 12123, 12124, 100,-1,0
 971, 12123, 12124, 100,-1,0
 971, 12123, 12124, 100,-1,0
 971, 12123, 12124, 100,-1,0
 971, 12123, 12124, 100,-1,0
 971, 12123, 12124, 100,-1,0
 972, 12123, 12124, 100,-1,0
 972, 12123, 12124, 100,-1,0
 972, 12123, 12124, 100,-1,0
 972, 12123, 12124, 100,-1,0
 972, 12123, 12124, 100,-1,0
 972, 12123, 12124, 100,-1,0
 972, 12123, 12124, 100,-1,0
 972, 12123, 12124, 100,-1,0
 972, 12123, 12124, 100,-1,0
 972, 12123, 12124, 100,-1,0
 973, 12123, 12124, 100,-1,0
 973, 12123, 12124, 100,-1,0
 973, 12123, 12124, 100,-1,0
 973, 12123, 12124, 100,-1,0
 973, 12123, 12124, 100,-1,0
 973, 12123, 12124, 100,-1,0
 973, 12123, 12124, 100,-1,0
 973, 12123, 12124, 100,-1,0
 973, 12123, 12124, 100,-1,0
 973, 12123, 12124, 100,-1,0
 974, 12123, 12124, 100,-1,0
 974, 12123, 12124, 100,-1,0
 974, 12123, 12124, 100,-1,0
 974, 12123, 12124, 100,-1,0
 974, 12123, 12124, 100,-1,0
 974, 12123, 12124, 100,-1,0
 974, 12123, 12124, 100,-1,0
 974, 12123, 12124, 100,-1,0
 974, 12123, 12124, 100,-1,0
 974, 12123, 12124, 100,-1,0
 975, 12123, 12124, 100,-1,0
 975, 12123, 12124, 100,-1,0
 975, 12123, 12124, 100,-1,0
 975, 12123, 12124, 100,-1,0
 975, 12123, 12124, 100,-1,0
 975, 12123, 12124, 100,-1,0
 975, 12123, 12124, 100,-1,0
 975, 12123, 12124, 100,-1,0
 975, 12123, 12124, 100,-1,0
 975, 12123, 12124, 100,-1,0
 976, 12123, 12124, 100,-1,0
 976, 12123, 12124, 100,-1,0
 976, 12123, 12124, 100,-1,0
 976, 12123, 12124, 100,-1,0
 976, 12123, 12124, 100,-1,0
 976, 12123, 12124, 100,-1,0
 976, 12123, 12124, 100,-1,0
 976, 12123, 12124, 100,-1,0
 976, 12123, 12124, 100,-1,0
 976, 12123, 12124, 100,-1,0
 977, 12123, 12124, 100,-1,0
 977, 12123, 12124, 100,-1,0
 977, 12123, 12124, 100,-1,0
 977, 12123, 12124, 100,-1,0
 977, 12123, 12124, 100,-1,0
 977, 12123, 12124, 100,-1,0
 977, 12123, 12124, 100,-1,0
 977, 12123, 12124, 100,-1,0
 977, 12123, 12124, 100,-1,0
 977, 12123, 12124, 100,-1,0
 978, 12123, 12124, 100,-1,0
 978, 12123, 12124, 100,-1,0
 978, 12123, 12124, 100,-1,0
 978, 12123, 12124, 100,-1,0
 978, 12123, 12124, 100,-1,0
 978, 12123, 12124, 100,-1,0
 978, 12123, 12124, 100,-1,0
 978, 12123, 12124, 100,-1,0
 978, 12123, 12124, 100,-1,0
 978, 12123, 12124, 100,-1,0
 979, 12123, 12124, 100,-1,0
 979, 12123, 12124, 100,-1,0
 979, 12123, 12124, 100,-1,0
 979, 12123, 12124, 100,-1,0
 979, 12123, 12124, 100,-1,0
 979, 12123, 12124, 100,-1,0
 979, 12123, 12124, 100,-1,0
 979, 12123, 12124, 100,-1,0
 979, 12123, 12124, 100,-1,0
 980, 12123, 12124, 100,-1,0
 980, 12123, 12124, 100,-1,0
 980, 12123, 12124, 100,-1,0
 980, 12123, 12124, 100,-1,0
 980, 12123, 12124, 100,-1,0
 980, 12123, 12124, 100,-1,0
 980, 12123, 12124, 100,-1,0
 980, 12123, 12124, 100,-1,0
 980, 12123, 12124, 100,-1,0
 980, 12123, 12124, 100,-1,0
 981, 12123, 12124, 100,-1,0
 981, 12123, 12124, 100,-1,0
 981, 12123, 12124, 100,-1,0
 981, 12123, 12124, 100,-1,0
 981, 12123, 12124, 100,-1,0
 981, 12123, 12124, 100,-1,0
 981, 12123, 12124, 100,-1,0
 981, 12123, 12124, 100,-1,0
 981, 12123, 12124, 100,-1,0
 981, 12123, 12124, 100,-1,0
 982, 12123, 12124, 100,-1,0
 982, 12123, 12124, 100,-1,0
 982, 12123, 12124, 100,-1,0
 982, 12123, 12124, 100,-1,0
 982, 12123, 12124, 100,-1,0
 982, 12123, 12124, 100,-1,0
 982, 12123, 12124, 100,-1,0
 982, 12123, 12124, 100,-1,0
 982, 12123, 12124, 100,-1,0
 982, 12123, 12124, 100,-1,0
 983, 12123, 12124, 100,-1,0
 983, 12123, 12124, 100,-1,0
 983, 12123, 12124, 100,-1,0
 983, 12123, 12124, 100,-1,0
 983, 12123, 12124, 100,-1,0
 983, 12123, 12124, 100,-1,0
 983, 12123, 12124, 100,-1,0
 983, 12123, 12124, 100,-1,0
 983, 12123, 12124, 100,-1,0
 983, 12123, 12124, 100,-1,0
 984, 12123, 12124, 100,-1,0
 984, 12123, 12124, 100,-1,0
 984, 12123, 12124, 100,-1,0
 984, 12123, 12124, 100,-1,0
 984, 12123, 12124, 100,-1,0
 984, 12123, 12124, 100,-1,0
 984, 12123, 12124, 100,-1,0
 984, 12123, 12124, 100,-1,0
 984, 12123, 12124, 100,-1,0
 984, 12123, 12124, 100,-1,0
 985, 12123, 12124, 100,-1,0
 985, 12123, 12124, 100,-1,0
 985, 12123, 12124, 100,-1,0
 985, 12123, 12124, 100,-1,0
 985, 12123, 12124, 100,-1,0
 985, 12123, 12124, 100,-1,0
 985, 12123, 12124, 100,-1,0
 985, 12123, 12124, 100,-1,0
 985, 12123, 12124, 100,-1,0
 985, 12123, 12124, 100,-1,0
 986, 12123, 12124, 100,-1,0
 986, 12123, 12124, 100,-1,0
 986, 12123, 12124, 100,-1,0
 986, 12123, 12124, 100,-1,0
 986, 12123, 12124, 100,- 1,  986, 12123, 12124, 1 1, 6138 986, 12123, 1212 1, 6138, 12 986, 12123,  2, 6138, 12124, 986, 121 2, 6138, 12124, 51, 986, 2, 6138, 12124, 51,-1,0  2, 6138, 12124, 51,-1,0
 2, 6138, 12124, 51,-1,0
 2, 6138, 12124, 51,-1,0
 2, 6138, 12124, 51,-1,0
 2, 6138, 12124, 51,-1,0
 2, 6138, 12124, 51,-1,0
 2, 6138, 12124, 51,-1,0
 3, 6138, 12124, 51,-1,0
 3, 6138, 12124, 51,-1,0
 3, 6138, 12124, 51,-1,0
 3, 6138, 12124, 51,-1,0
 3, 6138, 12124, 51,-1,0
 3, 6138, 12124, 51,-1,0
 3, 6138, 12124, 51,-1,0
 3, 6138, 12124, 51,-1,0
 3, 6138, 12124, 51,-1,0
 3, 6138, 12124, 51,-1,0
 4, 6138, 12124, 51,-1,0
 4, 6138, 12124, 51,-1,0
 4, 6138, 12124, 51,-1,0
 4, 6138, 12124, 51,-1,0
 4, 6138, 12124, 51,-1,0
 4, 6138, 12124, 51,-1,0
 4, 6138, 12124, 51,-1,0
 4, 6138, 12124, 51,-1,0
 4, 6138, 12124, 51,-1,0
 4, 6138, 12124, 51,-1,0
 5, 5422, 12124, 45,-1,0
 5, 5422, 12124, 45,-1,0
 5, 5422, 12124, 45,-1,0
 5, 5422, 12124, 45,-1,0
 5, 5422, 12124, 45,-1,0
 5, 5422, 12124, 45,-1,0
 5, 5422, 12124, 45,-1,0
 5, 5422, 12124, 45,-1,0
 5, 5422, 12124, 45,-1,0
 5, 5422, 12124, 45,-1,0
 6, 5422, 12124, 45,-1,0
 6, 5422, 12124, 45,-1,0
 6, 5422, 12124, 45,-1,0
 6, 5422, 12124, 45,-1,0
 6, 5422, 12124, 45,-1,0
 6, 5422, 12124, 45,-1,0
 6, 5422, 12124, 45,-1,0
 6, 5422, 12124, 45,-1,0
 6, 5422, 12124, 45,-1,0
 6, 5422, 12124, 45,-1,0
 7, 5422, 12124, 45,-1,0
 7, 5422, 12124, 45,-1,0
 7, 5422, 12124, 45,-1,0
 7, 5422, 12124, 45,-1,0
 7, 5422, 12124, 45,-1,0
 7, 5422, 12124, 45,-1,0
 7, 5422, 12124, 45,-1,0
 7, 5422, 12124, 45,-1,0
 7, 5422, 12124, 45,-1,0
 7, 5422, 12124, 45,-1,0
 8, 5422, 12124, 45,-1,0
 8, 5273, 12124, 43,-1,0
 8, 5273, 12124, 43,-1,0
 8, 5134, 12124, 42,-1,0
 8, 5134, 12124, 42,-1,0
 8, 5273, 12124, 43,-1,0
 8, 6138, 12124, 51,-1,0
 8, 6138, 12124, 51,-1,0
 8, 5534, 12124, 46,-1,0
 8, 5273, 12124, 43,-1,0
 9, 5273, 12124, 43,-1,0
 9, 5271, 12124, 43,-1,0
 9, 5123, 12124, 42,-1,0
 9, 5271, 12124, 43,-1,0
 9, 5271, 12124, 43,-1,0
 9, 6138, 12124, 51,-1,0
 9, 6138, 12124, 51,-1,0
,0
 8, 6138, 12124, 51,-1,0
 9, 6138, 12124, 51,-1,0
 9, 6138, 12124, 51,-1,0
 9, 6138, 12124, 51,-1,0
 9, 6138, 12124, 51,-1,0
 9, 6138, 12124, 51,-1,0
 9, 6138, 12124, 51,-1,0
 9, 6138, 12124, 51,-1,0
 9, 6138, 12124, 51,-1,0
 9, 6138, 12124, 51,-1,0
 9, 6138, 12124, 51,-1,0
 10, 6138, 12124, 51,-1,0
 10, 6138, 12124, 51,-1,0
 10, 6138, 12124, 51,-1,0
 10, 6138, 12124, 51,-1,0
 10, 6138, 12124, 51,-1,0
 10, 6138, 12124, 51,-1,0
 10, 6138, 12124, 51,-1,0
 10, 6138, 12124, 51,-1,0
 10, 6138, 12124, 51,-1,0
 11, 6138, 12124, 51,-1,0
 11, 6138, 12124, 51,-1,0
 11, 6138, 12124, 51,-1,0
 11, 6138, 12124, 51,-1,0
 11, 6138, 12124, 51,-1,0
 11, 6138, 12124, 51,-1,0
 11, 6138, 12124, 51,-1,0
 11, 6138, 12124, 51,-1,0
 11, 6138, 12124, 51,-1,0
 11, 6138, 12124, 51,-1,0
 12, 6138, 12124, 51,-1,0
 12, 6138, 12124, 51,-1,0
 12, 6138, 12124, 51,-1,0
 12, 6138, 12124, 51,-1,0
 12, 6138, 12124, 51,-1,0
 12, 6138, 12124, 51,-1,0
 12, 6138, 12124, 51,-1,0
 12, 6138, 12124, 51,-1,0
 12, 6138, 12124, 51,-1,0
 12, 6138, 12124, 51,-1,0
 13, 6138, 12124, 51,-1,0
 13, 6138, 12124, 51,-1,0
 13, 6138, 12124, 51,-1,0
 13, 6138, 12124, 51,-1,0
 13, 6138, 12124, 51,-1,0
 13, 6138, 12124, 51,-1,0
 13, 6138, 12124, 51,-1,0
 13, 6138, 12124, 51,-1,0
 13, 6138, 12124, 51,-1,0
 13, 6138, 12124, 51,-1,0
 14, 6138, 12124, 51,-1,0
 14, 6138, 12124, 51,-1,0
 14, 6138, 12124, 51,-1,0
 14, 6138, 12124, 51,-1,0
 14, 6138, 12124, 51,-1,0
 14, 6138, 12124, 51,-1,0
 14, 6138, 12124, 51,-1,0
 14, 6138, 12124, 51,-1,0
 14, 6138, 12124, 51,-1,0
 14, 6138, 12124, 51,-1,0
 15, 6138, 12124, 51,-1,0
 15, 6138, 12124, 51,-1,0
 15, 6138, 12124, 51,-1,0
 15, 6138, 12124, 51,-1,0
 15, 6138, 12124, 51,-1,0
 15, 6138, 12124, 51,-1,0
 15, 6138, 12124, 51,-1,0
 15, 6138, 12124, 51,-1,0
 15, 6138, 12124, 51,-1,0
 15, 6138, 12124, 51,-1,0
 16, 6138, 12124, 51,-1,0
 16, 6138, 12124, 51,-1,0
 16, 6138, 12124, 51,-1,0
 16, 6138, 12124, 51,-1,0
 16, 6138, 12124, 51,-1,0
 16, 6138, 12124, 51,-1,0
 16, 6138, 12124, 51,-1,0
 16, 6138, 12124, 51,-1,0
 16, 6138, 12124, 51,-1,0
 16, 6138, 12124, 51,-1,0
 17, 6138, 12124, 51,-1,0
 17, 6138, 12124, 51,-1,0
 17, 6138, 12124, 51,-1,0
 17, 6138, 12124, 51,-1,0
 17, 6138, 12124, 51,-1,0
 17, 6138, 12124, 51,-1,0
 17, 6138, 12124, 51,-1,0
 17, 6138, 12124, 51,-1,0
 17, 6138, 12124, 51,-1,0
 17, 6138, 12124, 51,-1,0
 18, 6138, 12124, 51,-1,0
 18, 6138, 12124, 51,-1,0
 18, 6138, 12124, 51,-1,0
 18, 6138, 12124, 51,-1,0
 18, 6138, 12124, 51,-1,0
 18, 6138, 12124, 51,-1,0
 18, 6138, 12124, 51,-1,0
 18, 6138, 12124, 51,-1,0
 18, 6138, 12124, 51,-1,0
 18, 6138, 12124, 51,-1,0
 19, 6138, 12124, 51,-1,0
 19, 6138, 12124, 51,-1,0
 19, 6138, 12124, 51,-1,0
 19, 6138, 12124, 51,-1,0
 19, 6138, 12124, 51,-1,0
 19, 6138, 12124, 51,-1,0
 19, 6138, 12124, 51,-1,0
 19, 6138, 12124, 51,-1,0
 19, 6138, 12124, 51,-1,0
 19, 6138, 12124, 51,-1,0
 20, 6138, 12124, 51,-1,0
 20, 6138, 12124, 51,-1,0
 20, 6138, 12124, 51,-1,0
 20, 6138, 12124, 51,-1,0
 20, 6138, 12124, 51,-1,0
 20, 6138, 12124, 51,-1,0
 20, 6138, 12124, 51,-1,0
 20, 6138, 12124, 51,-1,0
 20, 6138, 12124, 51,-1,0
 21, 6138, 12124, 51,-1,0
 21, 6138, 12124, 51,-1,0
 21, 6138, 12124, 51,-1,0
 21, 6138, 12124, 51,-1,0
 21, 6138, 12124, 51,-1,0
 21, 6138, 12124, 51,-1,0
 21, 6138, 12124, 51,-1,0
 21, 6138, 12124, 51,-1,0
 21, 6138, 12124, 51,-1,0
 21, 6138, 12124, 51,-1,0
 22, 6138, 12124, 51,-1,0
 22, 6138, 12124, 51,-1,0
 22, 6138, 12124, 51,-1,0
 22, 6138, 12124, 51,-1,0
 22, 6138, 12124, 51,-1,0
 22, 6138, 12124, 51,-1,0
 22, 6138, 12124, 51,-1,0
 22, 6138, 12124, 51,-1,0
 22, 6138, 12124, 51,-1,0
 22, 6138, 12124, 51,-1,0
 23, 6138, 12124, 51,-1,0
 23, 6138, 12124, 51,-1,0
 23, 6138, 12124, 51,-1,0
 23, 6138, 12124, 51,-1,0
 23, 6138, 12124, 51,-1,0
 23, 6138, 12124, 51,-1,0
 23, 6138, 12124, 51,-1,0
 23, 6138, 12124, 51,-1,0
 23, 6138, 12124, 51,-1,0
 23, 6138, 12124, 51,-1,0
 24, 6138, 12124, 51,-1,0
 24, 6138, 12124, 51,-1,0
 24, 6138, 12124, 51,-1,0
 24, 6138, 12124, 51,-1,0
 24, 6138, 12124, 51,-1,0
 24, 6138, 12124, 51,-1,0
 24, 6138, 12124, 51,-1,0
 24, 6138, 12124, 51,-1,0
 24, 6138, 12124, 51,-1,0
 24, 6138, 12124, 51,-1,0
 25, 6138, 12124, 51,-1,0
 25, 6138, 12124, 51,-1,0
 25, 6138, 12124, 51,-1,0
 25, 6138, 12124, 51,-1,0
 25, 6138, 12124, 51,-1,0
 25, 6138, 12124, 51,-1,0
 25, 6138, 12124, 51,-1,0
 25, 6138, 12124, 51,-1,0
 25, 6138, 12124, 51,-1,0
 25, 6138, 12124, 51,-1,0
 26, 6138, 12124, 51,-1,0
 26, 6138, 12124, 51,-1,0
 26, 6138, 12124, 51,-1,0
 26, 6138, 12124, 51,-1,0
 26, 6138, 12124, 51,-1,0
 26, 6138, 12124, 51,-1,0
 26, 6138, 12124, 51,-1,0
 26, 6138, 12124, 51,-1,0
 26, 6138, 12124, 51,-1,0
 26, 6138, 12124, 51,-1,0
 27, 6138, 12124, 51,-1,0
 27, 6138, 12124, 51,-1,0
 27, 6138, 12124, 51,-1,0
 27, 6138, 12124, 51,-1,0
 27, 6138, 12124, 51,-1,0
 27, 6138, 12124, 51,-1,0
 27, 6138, 12124, 51,-1,0
 27, 6138, 12124, 51,-1,0
 27, 6138, 12124, 51,-1,0
 27, 6138, 12124, 51,-1,0
 28, 6138, 12124, 51,-1,0
 28, 6138, 12124, 51,-1,0
 28, 6138, 12124, 51,-1,0
 28, 6138, 12124, 51,-1,0
 28, 6138, 12124, 51,-1,0
 28, 6138, 12124, 51,-1,0
 28, 6138, 12124, 51,-1,0
 28, 6138, 12124, 51,-1,0
 28, 6138, 12124, 51,-1,0
 28, 6138, 12124, 51,-1,0
 29, 6138, 12124, 51,-1,0
 29, 6138, 12124, 51,-1,0
 29, 6138, 12124, 51,-1,0
 29, 6138, 12124, 51,-1,0
 29, 6138, 12124, 51,-1,0
 29, 6138, 12124, 51,-1,0
 29, 6138, 12124, 51,-1,0
 29, 6138, 12124, 51,-1,0
 29, 6138, 12124, 51,-1,0
 29, 6138, 12124, 51,-1,0
 30, 6138, 12124, 51,-1,0
 30, 6138, 12124, 51,-1,0
 30, 6138, 12124, 51,-1,0
 30, 6138, 12124, 51,-1,0
 30, 6138, 12124, 51,-1,0
 30, 6138, 12124, 51,-1,0
 30, 6138, 12124, 51,-1,0
 30, 6138, 12124, 51,-1,0
 30, 6138, 12124, 51,-1,0
 30, 6138, 12124, 51,-1,0
 31, 6138, 12124, 51,-1,0
 31, 6138, 12124, 51,-1,0
 31, 6138, 12124, 51,-1,0
 31, 6138, 12124, 51,-1,0
 31, 6138, 12124, 51,-1,0
 31, 6138, 12124, 51,-1,0
 31, 12123, 12124, 100,-1,0
 31, 12123, 12124, 100,-1,0
 31, 12123, 12124, 100,-1,0
 32, 12123, 12124, 100,-1,0
 32, 12123, 12124, 100,-1,0
 32, 12123, 12124, 100,-1,0
 32, 12123, 12124, 100,-1,0
 32, 12123, 12124, 100,-1,0
 32, 12123, 12124, 100,-1,0
 32, 12123, 12124, 100,-1,0
 32, 12123, 12124, 100,-1,0
 32, 12123, 12124, 100,-1,0
 32, 12123, 12124, 100,-1,0
 33, 12123, 12124, 100,-1,0
 33, 12123, 12124, 100,-1,0
 33, 12123, 12124, 100,-1,0
 33, 12123, 12124, 100,-1,0
 33, 12123, 12124, 100,-1,0
 33, 12123, 12124, 100,-1,0
 33, 12123, 12124, 100,-1,0
 33, 12123, 12124, 100,-1,0
 33, 12123, 12124, 100,-1,0
 33, 12123, 12124, 100,-1,0
 34, 12123, 12124, 100,-1,0
 34, 12123, 12124, 100,-1,0
 34, 12123, 12124, 100,-1,0
 34, 12123, 12124, 100,-1,0
 34, 12123, 12124, 100,-1,0
 34, 12123, 12124, 100,-1,0
 34, 12123, 12124, 100,-1,0
 34, 12123, 12124, 100,-1,0
 34, 12123, 12124, 100,-1,0
 34, 12123, 12124, 100,-1,0
 35, 12123, 12124, 100,-1,0
 35, 12123, 12124, 100,-1,0
 35, 12123, 12124, 100,-1,0
 35, 12123, 12124, 100,-1,0
 35, 12123, 12124, 100,-1,0
 35, 12123, 12124, 100,-1,0
 35, 12123, 12124, 100,-1,0
 35, 12123, 12124, 100,-1,0
 35, 12123, 12124, 100,-1,0
 35, 12123, 12124, 100,-1,0
 36, 12123, 12124, 100,-1,0
 36, 12123, 12124, 100,-1,0
 36, 12123, 12124, 100,-1,0
 36, 12123, 12124, 100,-1,0
 36, 12123, 12124, 100,-1,0
 36, 12123, 12124, 100,-1,0
 36, 12123, 12124, 100,-1,0
 36, 12123, 12124, 100,-1,0
 36, 12123, 12124, 100,-1,0
 36, 12123, 12124, 100,-1,0
 37, 12123, 12124, 100,-1,0
 37, 12123, 12124, 100,-1,0
 37, 12123, 12124, 100,-1,0
 37, 12123, 12124, 100,-1,0
 37, 12123, 12124, 100,-1,0
 37, 12123, 12124, 100,-1,0
 37, 12123, 12124, 100,-1,0
 37, 12123, 12124, 100,-1,0
 37, 12123, 12124, 100,-1,0
 37, 12123, 12124, 100,-1,0
 38, 12123, 12124, 100,-1,0
 38, 12123, 12124, 100,-1,0
 38, 12123, 12124, 100,-1,0
 38, 12123, 12124, 100,-1,0
 38, 12123, 12124, 100,-1,0
 38, 12123, 12124, 100,-1,0
 38, 12123, 12124, 100,-1,0
 38, 12123, 12124, 100,-1,0
 38, 12123, 12124, 100,-1,0
 38, 12123, 12124, 100,-1,0
 39, 12123, 12124, 100,-1,0
 39, 12123, 12124, 100,-1,0
 39, 12123, 12124, 100,-1,0
 39, 12123, 12124, 100,-1,0
 39, 12123, 12124, 100,-1,0
 39, 12123, 12124, 100,-1,0
 39, 12123, 12124, 100,-1,0
 39, 12123, 12124, 100,-1,0
 39, 12123, 12124, 100,-1,0
 39, 12123, 12124, 100,-1,0
 40, 12123, 12124, 100,-1,0
 40, 12123, 12124, 100,-1,0
 40, 12123, 12124, 100,-1,0
 40, 12123, 12124, 100,-1,0
 40, 12123, 12124, 100,-1,0
 40, 12123, 12124, 100,-1,0
 40, 12123, 12124, 100,-1,0
 40, 12123, 12124, 100,-1,0
 40, 12123, 12124, 100,-1,0
 41, 12123, 12124, 100,-1,0
 41, 12123, 12124, 100,-1,0
 41, 12123, 12124, 100,-1,0
 41, 12123, 12124, 100,-1,0
 41, 12123, 12124, 100,-1,0
 41, 12123, 12124, 100,-1,0
 41, 12123, 12124, 100,-1,0
 41, 12123, 12124, 100,-1,0
 41, 12123, 12124, 100,-1,0
 41, 12123, 12124, 100,-1,0
 42, 12123, 12124, 100,-1,0
 42, 12123, 12124, 100,-1,0
 42, 12123, 12124, 100,-1,0
 42, 12123, 12124, 100,-1,0
 42, 12123, 12124, 100,-1,0
 42, 12123, 12124, 100,-1,0
 42, 12123, 12124, 100,-1,0
 42, 12123, 12124, 100,-1,0
 42, 12123, 12124, 100,-1,0
 42, 12123, 12124, 100,-1,0
 43, 12123, 12124, 100,-1,0
 43, 12123, 12124, 100,-1,0
 43, 12123, 12124, 100,-1,0
 43, 12123, 12124, 100,-1,0
 43, 12123, 12124, 100,-1,0
 43, 12123, 12124, 100,-1,0
 43, 12123, 12124, 100,-1,0
 43, 12123, 12124, 100,-1,0
 43, 12123, 12124, 100,-1,0
 43, 12123, 12124, 100,-1,0
 44, 12123, 12124, 100,-1,0
 44, 12123, 12124, 100,-1,0
 44, 12123, 12124, 100,-1,0
 44, 12123, 12124, 100,-1,0
 44, 12123, 12124, 100,-1,0
 44, 12123, 12124, 100,-1,0
 44, 12123, 12124, 100,-1,0
 44, 12123, 12124, 100,-1,0
 44, 12123, 12124, 100,-1,0
 44, 12123, 12124, 100,-1,0
 45, 12123, 12124, 100,-1,0
 45, 12123, 12124, 100,-1,0
 45, 12123, 12124, 100,-1,0
 45, 12123, 12124, 100,-1,0
 45, 12123, 12124, 100,-1,0
 45, 12123, 12124, 100,-1,0
 45, 12123, 12124, 100,-1,0
 45, 12123, 12124, 100,-1,0
 45, 12123, 12124, 100,-1,0
 45, 12123, 12124, 100,-1,0
 46, 12123, 12124, 100,-1,0
 46, 12123, 12124, 100,-1,0
 46, 12123, 12124, 100,-1,0
 46, 12123, 12124, 100,-1,0
 46, 12123, 12124, 100,-1,0
 46, 12123, 12124, 100,-1,0
 46, 12123, 12124, 100,-1,0
 46, 12123, 12124, 100,-1,0
 46, 12123, 12124, 100,-1,0
 46, 12123, 12124, 100,-1,0
 47, 12123, 12124, 100,-1,0
 47, 12123, 12124, 100,-1,0
 47, 12123, 12124, 100,-1,0
 47, 12123, 12124, 100,-1,0
 47, 12123, 12124, 100,-1,0
 47, 12123, 12124, 100,-1,0
 47, 12123, 12124, 100,-1,0
 47, 12123, 12124, 100,-1,0
 47, 12123, 12124, 100,-1,0
 47, 12123, 12124, 100,-1,0
 48, 12123, 12124, 100,-1,0
 48, 12123, 12124, 100,-1,0
 48, 12123, 12124, 100,-1,0
 48, 12123, 12124, 100,-1,0
 48, 12123, 12124, 100,-1,0
 48, 12123, 12124, 100,-1,0
 48, 12123, 12124, 100,-1,0
 48, 12123, 12124, 100,-1,0
 48, 12123, 12124, 100,-1,0
 48, 12123, 12124, 100,-1,0
 49, 12123, 12124, 100,-1,0
 49, 12123, 12124, 100,-1,0
 49, 12123, 12124, 100,-1,0
 49, 12123, 12124, 100,-1,0
 49, 12123, 12124, 100,-1,0
 49, 12123, 12124, 100,-1,0
 49, 12123, 12124, 100,-1,0
 49, 12123, 12124, 100,-1,0
 49, 12123, 12124, 100,-1,0
 49, 12123, 12124, 100,-1,0
 50, 12123, 12124, 100,-1,0
 50, 12123, 12124, 100,-1,0
 50, 12123, 12124, 100,-1,0
 50, 12123, 12124, 100,-1,0
 50, 12123, 12124, 100,-1,0
 50, 12123, 12124, 100,-1,0
 50, 12123, 12124, 100,-1,0
 50, 12123, 12124, 100,-1,0
 50, 12123, 12124, 100,-1,0
 51, 12123, 12124, 100,-1,0
 51, 12123, 12124, 100,-1,0
 51, 12123, 12124, 100,-1,0
 51, 12123, 12124, 100,-1,0
 51, 12123, 12124, 100,-1,0
 51, 12123, 12124, 100,-1,0
 51, 12123, 12124, 100,-1,0
 51, 12123, 12124, 100,-1,0
 51, 12123, 12124, 100,-1,0
 51, 12123, 12124, 100,-1,0
 52, 12123, 12124, 100,-1,0
 52, 12123, 12124, 100,-1,0
 52, 12123, 12124, 100,-1,0
 52, 12123, 12124, 100,-1,0
 52, 12123, 12124, 100,-1,0
 52, 12123, 12124, 100,-1,0
 52, 12123, 12124, 100,-1,0
 52, 12123, 12124, 100,-1,0
 52, 12123, 12124, 100,-1,0
 52, 12123, 12124, 100,-1,0
 53, 12123, 12124, 100,-1,0
 53, 12123, 12124, 100,-1,0
 53, 12123, 12124, 100,-1,0
 53, 12123, 12124, 100,-1,0
 53, 12123, 12124, 100,-1,0
 53, 12123, 12124, 100,-1,0
 53, 12123, 12124, 100,-1,0
 53, 12123, 12124, 100,-1,0
 53, 12123, 12124, 100,-1,0
 53, 12123, 12124, 100,-1,0
 54, 12123, 12124, 100,-1,0
 54, 12123, 12124, 100,-1,0
 54, 12123, 12124, 100,-1,0
 54, 12123, 12124, 100,-1,0
 54, 12123, 12124, 100,-1,0
 54, 12123, 12124, 100,-1,0
 54, 12123, 12124, 100,-1,0
 54, 12123, 12124, 100,-1,0
 54, 12123, 12124, 100,-1,0
 54, 12123, 12124, 100,-1,0
 55, 12123, 12124, 100,-1,0
 55, 12123, 12124, 100,-1,0
 55, 12123, 12124, 100,-1,0
 55, 12123, 12124, 100,-1,0
 55, 12123, 12124, 100,-1,0
 55, 12123, 12124, 100,-1,0
 55, 12123, 12124, 100,-1,0
 55, 12123, 12124, 100,-1,0
 55, 12123, 12124, 100,-1,0
 55, 12123, 12124, 100,-1,0
 56, 12123, 12124, 100,-1,0
 56, 12123, 12124, 100,-1,0
 56, 12123, 12124, 100,-1,0
 56, 12123, 12124, 100,-1,0
 56, 12123, 12124, 100,-1,0
 56, 12123, 12124, 100,-1,0
 56, 12123, 12124, 100,-1,0
 56, 12123, 12124, 100,-1,0
 56, 12123, 12124, 100,-1,0
 56, 12123, 12124, 100,-1,0
 57, 12123, 12124, 100,-1,0
 57, 12123, 12124, 100,-1,0
 57, 12123, 12124, 100,-1,0
 57, 12123, 12124, 100,-1,0
 57, 12123, 12124, 100,-1,0
 57, 12123, 12124, 100,-1,0
 57, 12123, 12124, 100,-1,0
 57, 12123, 12124, 100,-1,0
 57, 12123, 12124, 100,-1,0
 57, 12123, 12124, 100,-1,0
 58, 12123, 12124, 100,-1,0
 58, 12123, 12124, 100,-1,0
 58, 12123, 12124, 100,-1,0
 58, 12123, 12124, 100,-1,0
 58, 12123, 12124, 100,-1,0
 58, 12123, 12124, 100,-1,0
 58, 12123, 12124, 100,-1,0
 58, 12123, 12124, 100,-1,0
 58, 12123, 12124, 100,-1,0
 58, 12123, 12124, 100,-1,0
 59, 12123, 12124, 100,-1,0
 59, 12123, 12124, 100,-1,0
 59, 12123, 12124, 100,-1,0
 59, 12123, 12124, 100,-1,0
 59, 12123, 12124, 100,-1,0
 59, 12123, 12124, 100,-1,0
 59, 12123, 12124, 100,-1,0
 59, 12123, 12124, 100,-1,0
 59, 12123, 12124, 100,-1,0
 59, 12123, 12124, 100,-1,0
 60, 12123, 12124, 100,-1,0
 60, 12123, 12124, 100,-1,0
 60, 12123, 12124, 100,-1,0
 60, 12123, 12124, 100,-1,0
 60, 12123, 12124, 100,-1,0
 60, 12123, 12124, 100,-1,0
 60, 12123, 12124, 100,-1,0
 60, 12123, 12124, 100,-1,0
 60, 12123, 12124, 100,-1,0
 60, 12123, 12124, 100,-1,0
 61, 12123, 12124, 100,-1,0
 61, 12123, 12124, 100,-1,0
 61, 12123, 12124, 100,-1,0
 61, 12123, 12124, 100,-1,0
 61, 12123, 12124, 100,-1,0
 61, 12123, 12124, 100,-1,0
 61, 12123, 12124, 100,-1,0
 61, 12123, 12124, 100,-1,0
 61, 12123, 12124, 100,-1,0
 61, 12123, 12124, 100,-1,0
 62, 12123, 12124, 100,-1,0
 62, 12123, 12124, 100,-1,0
 62, 12123, 12124, 100,-1,0
 62, 12123, 12124, 100,-1,0
 62, 12123, 12124, 100,-1,0
 62, 12123, 12124, 100,-1,0
 62, 12123, 12124, 100,-1,0
 62, 12123, 12124, 100,-1,0
 62, 12123, 12124, 100,-1,0
 62, 12123, 12124, 100,-1,0
 63, 12123, 12124, 100,-1,0
 63, 12123, 12124, 100,-1,0
 63, 12123, 12124, 100,-1,0
 63, 12123, 12124, 100,-1,0
 63, 12123, 12124, 100,-1,0
 63, 12123, 12124, 100,-1,0
 63, 12123, 12124, 100,-1,0
 63, 12123, 12124, 100,-1,0
 63, 12123, 12124, 100,-1,0
 64, 12123, 12124, 100,-1,0
 64, 12123, 12124, 100,-1,0
 64, 12123, 12124, 100,-1,0
 64, 12123, 12124, 100,-1,0
 64, 12123, 12124, 100,-1,0
 64, 12123, 12124, 100,-1,0
 64, 12123, 12124, 100,-1,0
 64, 12123, 12124, 100,-1,0
 64, 12123, 12124, 100,-1,0
 64, 12123, 12124, 100,-1,0
 65, 12123, 12124, 100,-1,0
 65, 12123, 12124, 100,-1,0
 65, 12123, 12124, 100,-1,0
 65, 12123, 12124, 100,-1,0
 65, 12123, 12124, 100,-1,0
 65, 12123, 12124, 100,-1,0
 65, 12123, 12124, 100,-1,0
 65, 12123, 12124, 100,-1,0
 65, 12123, 12124, 100,-1,0
 65, 12123, 12124, 100,-1,0
 66, 12123, 12124, 100,-1,0
 66, 12123, 12124, 100,-1,0
 66, 12123, 12124, 100,-1,0
 66, 12123, 12124, 100,-1,0
 66, 12123, 12124, 100,-1,0
 66, 12123, 12124, 100,-1,0
 66, 12123, 12124, 100,-1,0
 66, 12123, 12124, 100,-1,0
 66, 12123, 12124, 100,-1,0
 66, 12123, 12124, 100,-1,0
 67, 12123, 12124, 100,-1,0
 67, 12123, 12124, 100,-1,0
 67, 12123, 12124, 100,-1,0
 67, 12123, 12124, 100,-1,0
 67, 12123, 12124, 100,-1,0
 67, 12123, 12124, 100,-1,0
 67, 12123, 12124, 100,-1,0
 67, 12123, 12124, 100,-1,0
 67, 12123, 12124, 100,-1,0
 67, 12123, 12124, 100,-1,0
 68, 12123, 12124, 100,-1,0
 68, 12123, 12124, 100,-1,0
 68, 12123, 12124, 100,-1,0
 68, 12123, 12124, 100,-1,0
 68, 12123, 12124, 100,-1,0
 68, 12123, 12124, 100,-1,0
 68, 12123, 12124, 100,-1,0
 68, 12123, 12124, 100,-1,0
 68, 12123, 12124, 100,-1,0
 68, 12123, 12124, 100,-1,0
 69, 12123, 12124, 100,-1,0
 69, 12123, 12124, 100,-1,0
 69, 12123, 12124, 100,-1,0
 69, 12123, 12124, 100,-1,0
 69, 12123, 12124, 100,-1,0
 69, 12123, 12124, 100,-1,0
 69, 12123, 12124, 100,-1,0
 69, 12123, 12124, 100,-1,0
 69, 12123, 12124, 100,-1,0
 69, 12123, 12124, 100,-1,0
 70, 12123, 12124, 100,-1,0
 70, 12123, 12124, 100,-1,0
 70, 12123, 12124, 100,-1,0
 70, 12123, 12124, 100,-1,0
 70, 12123, 12124, 100,-1,0
 70, 12123, 12124, 100,-1,0
 70, 12123, 12124, 100,-1,0
 70, 12123, 12124, 100,-1,0
 70, 12123, 12124, 100,-1,0
 70, 12123, 12124, 100,-1,0
 71, 12123, 12124, 100,-1,0
 71, 12123, 12124, 100,-1,0
 71, 12123, 12124, 100,-1,0
 71, 12123, 12124, 100,-1,0
 71, 12123, 12124, 100,-1,0
 71, 12123, 12124, 100,-1,0
 71, 12123, 12124, 100,-1,0
 71, 12123, 12124, 100,-1,0
 71, 12123, 12124, 100,-1,0
 71, 12123, 12124, 100,-1,0
 72, 12123, 12124, 100,-1,0
 72, 12123, 12124, 100,-1,0
 72, 12123, 12124, 100,-1,0
 72, 12123, 12124, 100,-1,0
 72, 12123, 12124, 100,-1,0
 72, 12123, 12124, 100,-1,0
 72, 12123, 12124, 100,-1,0
 72, 12123, 12124, 100,-1,0
 72, 12123, 12124, 100,-1,0
 72, 12123, 12124, 100,-1,0
 73, 12123, 12124, 100,-1,0
 73, 12123, 12124, 100,-1,0
 73, 12123, 12124, 100,-1,0
 73, 12123, 12124, 100,-1,0
 73, 12123, 12124, 100,-1,0
 73, 12123, 12124, 100,-1,0
 73, 12123, 12124, 100,-1,0
 73, 12123, 12124, 100,-1,0
 73, 12123, 12124, 100,-1,0
 73, 12123, 12124, 100,-1,0
 74, 12123, 12124, 100,-1,0
 74, 12123, 12124, 100,-1,0
 74, 12123, 12124, 100,-1,0
 74, 12123, 12124, 100,-1,0
 74, 12123, 12124, 100,-1,0
 74, 12123, 12124, 100,-1,0
 74, 12123, 12124, 100,-1,0
 74, 12123, 12124, 100,-1,0
 74, 12123, 12124, 100,-1,0
 75, 12123, 12124, 100,-1,0
 75, 12123, 12124, 100,-1,0
 75, 12123, 12124, 100,-1,0
 75, 12123, 12124, 100,-1,0
 75, 12123, 12124, 100,-1,0
 75, 12123, 12124, 100,-1,0
 75, 12123, 12124, 100,-1,0
 75, 12123, 12124, 100,-1,0
 75, 12123, 12124, 100,-1,0
 75, 12123, 12124, 100,-1,0
 76, 12123, 12124, 100,-1,0
 76, 12123, 12124, 100,-1,0
 76, 12123, 12124, 100,-1,0
 76, 12123, 12124, 100,-1,0
 76, 12123, 12124, 100,-1,0
 76, 12123, 12124, 100,-1,0
 76, 12123, 12124, 100,-1,0
 76, 12123, 12124, 100,-1,0
 76, 12123, 12124, 100,-1,0
 76, 12123, 12124, 100,-1,0
 77, 12123, 12124, 100,-1,0
 77, 12123, 12124, 100,-1,0
 77, 12123, 12124, 100,-1,0
 77, 12123, 12124, 100,-1,0
 77, 12123, 12124, 100,-1,0
 77, 12123, 12124, 100,-1,0
 77, 12123, 12124, 100,-1,0
 77, 12123, 12124, 100,-1,0
 77, 12123, 12124, 100,-1,0
 77, 12123, 12124, 100,-1,0
 78, 12123, 12124, 100,-1,0
 78, 12123, 12124, 100,-1,0
 78, 12123, 12124, 100,-1,0
 78, 12123, 12124, 100,-1,0
 78, 12123, 12124, 100,-1,0
 78, 12123, 12124, 100,-1,0
 78, 12123, 12124, 100,-1,0
 78, 12123, 12124, 100,-1,0
 78, 12123, 12124, 100,-1,0
 78, 12123, 12124, 100,-1,0
 79, 12123, 12124, 100,-1,0
 79, 12123, 12124, 100,-1,0
 79, 12123, 12124, 100,-1,0
 79, 12123, 12124, 100,-1,0
 79, 12123, 12124, 100,-1,0
 79, 12123, 12124, 100,-1,0
 79, 12123, 12124, 100,-1,0
 79, 12123, 12124, 100,-1,0
 79, 12123, 12124, 100,-1,0
 79, 12123, 12124, 100,-1,0
 80, 12123, 12124, 100,-1,0
 80, 12123, 12124, 100,-1,0
 80, 12123, 12124, 100,-1,0
 80, 12123, 12124, 100,-1,0
 80, 12123, 12124, 100,-1,0
 80, 12123, 12124, 100,-1,0
 80, 12123, 12124, 100,-1,0
 80, 12123, 12124, 100,-1,0
 80, 12123, 12124, 100,-1,0
 80, 12123, 12124, 100,-1,0
 81, 12123, 12124, 100,-1,0
 81, 12123, 12124, 100,-1,0
 81, 12123, 12124, 100,-1,0
 81, 12123, 12124, 100,-1,0
 81, 12123, 12124, 100,-1,0
 81, 12123, 12124, 100,-1,0
 81, 12123, 12124, 100,-1,0
 81, 12123, 12124, 100,-1,0
 81, 12123, 12124, 100,-1,0
 81, 12123, 12124, 100,-1,0
 82, 12123, 12124, 100,-1,0
 82, 12123, 12124, 100,-1,0
 82, 12123, 12124, 100,-1,0
 82, 12123, 12124, 100,-1,0
 82, 12123, 12124, 100,-1,0
 82, 12123, 12124, 100,-1,0
 82, 12123, 12124, 100,-1,0
 82, 12123, 12124, 100,-1,0
 82, 12123, 12124, 100,-1,0
 82, 12123, 12124, 100,-1,0
 83, 12123, 12124, 100,-1,0
 83, 12123, 12124, 100,-1,0
 83, 12123, 12124, 100,-1,0
 83, 12123, 12124, 100,-1,0
 83, 12123, 12124, 100,-1,0
 83, 12123, 12124, 100,-1,0
 83, 12123, 12124, 100,-1,0
 83, 12123, 12124, 100,-1,0
 83, 12123, 12124, 100,-1,0
 83, 12123, 12124, 100,-1,0
 84, 12123, 12124, 100,-1,0
 84, 12123, 12124, 100,-1,0
 84, 12123, 12124, 100,-1,0
 84, 12123, 12124, 100,-1,0
 84, 12123, 12124, 100,-1,0
 84, 12123, 12124, 100,-1,0
 84, 12123, 12124, 100,-1,0
 84, 12123, 12124, 100,-1,0
 84, 12123, 12124, 100,-1,0
 84, 12123, 12124, 100,-1,0
 85, 12123, 12124, 100,-1,0
 85, 12123, 12124, 100,-1,0
 85, 12123, 12124, 100,-1,0
 85, 12123, 12124, 100,-1,0
 85, 12123, 12124, 100,-1,0
 85, 12123, 12124, 100,-1,0
 85, 12123, 12124, 100,-1,0
 85, 12123, 12124, 100,-1,0
 85, 12123, 12124, 100,-1,0
 86, 12123, 12124, 100,-1,0
 86, 12123, 12124, 100,-1,0
 86, 12123, 12124, 100,-1,0
 86, 12123, 12124, 100,-1,0
 86, 12123, 12124, 100,-1,0
 86, 12123, 12124, 100,-1,0
 86, 12123, 12124, 100,-1,0
 86, 12123, 12124, 100,-1,0
 86, 12123, 12124, 100,-1,0
 86, 12123, 12124, 100,-1,0
 87, 12123, 12124, 100,-1,0
 87, 12123, 12124, 100,-1,0
 87, 12123, 12124, 100,-1,0
 87, 12123, 12124, 100,-1,0
 87, 12123, 12124, 100,-1,0
 87, 12123, 12124, 100,-1,0
 87, 12123, 12124, 100,-1,0
 87, 12123, 12124, 100,-1,0
 87, 12123, 12124, 100,-1,0
 87, 12123, 12124, 100,-1,0
 88, 12123, 12124, 100,-1,0
 88, 12123, 12124, 100,-1,0
 88, 12123, 12124, 100,-1,0
 88, 12123, 12124, 100,-1,0
 88, 12123, 12124, 100,-1,0
 88, 12123, 12124, 100,-1,0
 88, 12123, 12124, 100,-1,0
 88, 12123, 12124, 100,-1,0
 88, 12123, 12124, 100,-1,0
 88, 12123, 12124, 100,-1,0
 89, 12123, 12124, 100,-1,0
 89, 12123, 12124, 100,-1,0
 89, 12123, 12124, 100,-1,0
 89, 12123, 12124, 100,-1,0
 89, 12123, 12124, 100,-1,0
 89, 12123, 12124, 100,-1,0
 89, 12123, 12124, 100,-1,0
 89, 12123, 12124, 100,-1,0
 89, 12123, 12124, 100,-1,0
 89, 12123, 12124, 100,-1,0
 90, 12123, 12124, 100,-1,0
 90, 12123, 12124, 100,-1,0
 90, 12123, 12124, 100,-1,0
 90, 12123, 12124, 100,-1,0
 90, 12123, 12124, 100,-1,0
 90, 12123, 12124, 100,-1,0
 90, 12123, 12124, 100,-1,0
 90, 12123, 12124, 100,-1,0
 90, 12123, 12124, 100,-1,0
 90, 12123, 12124, 100,-1,0
 91, 12123, 12124, 100,-1,0
 91, 12123, 12124, 100,-1,0
 91, 12123, 12124, 100,-1,0
 91, 12123, 12124, 100,-1,0
 91, 12123, 12124, 100,-1,0
 91, 12123, 12124, 100,-1,0
 91, 12123, 12124, 100,-1,0
 91, 12123, 12124, 100,-1,0
 91, 12123, 12124, 100,-1,0
 91, 12123, 12124, 100,-1,0
 92, 12123, 12124, 100,-1,0
 92, 12123, 12124, 100,-1,0
 92, 12123, 12124, 100,-1,0
 92, 12123, 12124, 100,-1,0
 92, 12123, 12124, 100,-1,0
 92, 12123, 12124, 100,-1,0
 92, 12123, 12124, 100,-1,0
 92, 12123, 12124, 100,-1,0
 92, 12123, 12124, 100,-1,0
 92, 12123, 12124, 100,-1,0
 93, 12123, 12124, 100,-1,0
 93, 12123, 12124, 100,-1,0
 93, 12123, 12124, 100,-1,0
 93, 12123, 12124, 100,-1,0
 93, 12123, 12124, 100,-1,0
 93, 12123, 12124, 100,-1,0
 93, 12123, 12124, 100,-1,0
 93, 12123, 12124, 100,-1,0
 93, 12123, 12124, 100,-1,0
 93, 12123, 12124, 100,-1,0
 94, 12123, 12124, 100,-1,0
 94, 12123, 12124, 100,-1,0
 94, 12123, 12124, 100,-1,0
 94, 12123, 12124, 100,-1,0
 94, 12123, 12124, 100,-1,0
 94, 12123, 12124, 100,-1,0
 94, 12123, 12124, 100,-1,0
 94, 12123, 12124, 100,-1,0
 94, 12123, 12124, 100,-1,0
 94, 12123, 12124, 100,-1,0
 95, 12123, 12124, 100,-1,0
 95, 12123, 12124, 100,-1,0
 95, 12123, 12124, 100,-1,0
 95, 12123, 12124, 100,-1,0
 95, 12123, 12124, 100,-1,0
 95, 12123, 12124, 100,-1,0
 95, 12123, 12124, 100,-1,0
 95, 12123, 12124, 100,-1,0
 95, 12123, 12124, 100,-1,0
 95, 12123, 12124, 100,-1,0
 96, 12123, 12124, 100,-1,0
 96, 12123, 12124, 100,-1,0
 96, 12123, 12124, 100,-1,0
 96, 12123, 12124, 100,-1,0
 96, 12123, 12124, 100,-1,0
 96, 12123, 12124, 100,-1,0
 96, 12123, 12124, 100,-1,0
 96, 12123, 12124, 100,-1,0
 96, 12123, 12124, 100,-1,0
 97, 12123, 12124, 100,-1,0
 97, 12123, 12124, 100,-1,0
 97, 12123, 12124, 100,-1,0
 97, 12123, 12124, 100,-1,0
 97, 12123, 12124, 100,-1,0
 97, 12123, 12124, 100,-1,0
 97, 12123, 12124, 100,-1,0
 97, 12123, 12124, 100,-1,0
 97, 12123, 12124, 100,-1,0
 97, 12123, 12124, 100,-1,0
 98, 12123, 12124, 100,-1,0
 98, 12123, 12124, 100,-1,0
 98, 12123, 12124, 100,-1,0
 98, 12123, 12124, 100,-1,0
 98, 12123, 12124, 100,-1,0
 98, 12123, 12124, 100,-1,0
 98, 12123, 12124, 100,-1,0
 98, 12123, 12124, 100,-1,0
 98, 12123, 12124, 100,-1,0
 98, 12123, 12124, 100,-1,0
 99, 12123, 12124, 100,-1,0
 99, 12123, 12124, 100,-1,0
 99, 12123, 12124, 100,-1,0
 99, 12123, 12124, 100,-1,0
 99, 12123, 12124, 100,-1,0
 99, 12123, 12124, 100,-1,0
 99, 12123, 12124, 100,-1,0
 99, 12123, 12124, 100,-1,0
 99, 12123, 12124, 100,-1,0
 99, 12123, 12124, 100,-1,0
 100, 12123, 12124, 100,-1,0
 100, 12123, 12124, 100,-1,0
 100, 12123, 12124, 100,-1,0
 100, 12123, 12124, 100,-1,0
 100, 12123, 12124, 100,-1,0
 100, 12123, 12124, 100,-1,0
 100, 12123, 12124, 100,-1,0
 100, 12123, 12124, 100,-1,0
 100, 12123, 12124, 100,-1,0
 100, 12123, 12124, 100,-1,0
 101, 12123, 12124, 100,-1,0
 101, 12123, 12124, 100,-1,0
 101, 12123, 12124, 100,-1,0
 101, 12123, 12124, 100,-1,0
 101, 12123, 12124, 100,-1,0
 101, 12123, 12124, 100,-1,0
 101, 12123, 12124, 100,-1,0
 101, 12123, 12124, 100,-1,0
 101, 12123, 12124, 100,-1,0
 101, 12123, 12124, 100,-1,0
 102, 12123, 12124, 100,-1,0
 102, 12123, 12124, 100,-1,0
 102, 12123, 12124, 100,-1,0
 102, 12123, 12124, 100,-1,0
 102, 12123, 12124, 100,-1,0
 102, 12123, 12124, 100,-1,0
 102, 12123, 12124, 100,-1,0
 102, 12123, 12124, 100,-1,0
 102, 12123, 12124, 100,-1,0
 102, 12123, 12124, 100,-1,0
 103, 12123, 12124, 100,-1,0
 103, 12123, 12124, 100,-1,0
 103, 12123, 12124, 100,-1,0
 103, 12123, 12124, 100,-1,0
 103, 12123, 12124, 100,-1,0
 103, 12123, 12124, 100,-1,0
 103, 12123, 12124, 100,-1,0
 103, 12123, 12124, 100,-1,0
 103, 12123, 12124, 100,-1,0
 103, 12123, 12124, 100,-1,0
 104, 12123, 12124, 100,-1,0
 104, 12123, 12124, 100,-1,0
 104, 12123, 12124, 100,-1,0
 104, 12123, 12124, 100,-1,0
 104, 12123, 12124, 100,-1,0
 104, 12123, 12124, 100,-1,0
 104, 12123, 12124, 100,-1,0
 104, 12123, 12124, 100,-1,0
 104, 12123, 12124, 100,-1,0
 104, 12123, 12124, 100,-1,0
 105, 12123, 12124, 100,-1,0
 105, 12123, 12124, 100,-1,0
 105, 12123, 12124, 100,-1,0
 105, 12123, 12124, 100,-1,0
 105, 12123, 12124, 100,-1,0
 105, 12123, 12124, 100,-1,0
 105, 12123, 12124, 100,-1,0
 105, 12123, 12124, 100,-1,0
 105, 12123, 12124, 100,-1,0
 105, 12123, 12124, 100,-1,0
 106, 12123, 12124, 100,-1,0
 106, 12123, 12124, 100,-1,0
 106, 12123, 12124, 100,-1,0
 106, 12123, 12124, 100,-1,0
 106, 12123, 12124, 100,-1,0
 106, 12123, 12124, 100,-1,0
 106, 12123, 12124, 100,-1,0
 106, 12123, 12124, 100,-1,0
 106, 12123, 12124, 100,-1,0
 107, 12123, 12124, 100,-1,0
 107, 12123, 12124, 100,-1,0
12123, 12124, 100,-1,0
 1084, 12123, 12124, 100,-1,0
 1084, 12123, 12124, 100,-1,0
 1084, 12123, 12124, 100,-1,0
 1084, 12123, 12124, 100,-1,0
 1084, 12123, 12124, 100,-1,0
 1084, 12123, 12124, 100,-1,0
 1084, 12123, 12124, 100,-1,0
 1084, 12123, 12124, 100,-1,0
 1084, 12123, 12124, 100,-1,0
 1085, 12123, 12124, 100,-1,0
 1085, 12123, 12124, 100,-1,0
 1085, 12123, 12124, 100,-1,0
 1085, 12123, 12124, 100,-1,0
 1085, 12123, 12124, 100,-1,0
 1085, 12123, 12124, 100,-1,0
 1085, 12123, 12124, 100,-1,0
 1085, 12123, 12124, 100,-1,0
 1085, 12123, 12124, 100,-1,0
 1085, 12123, 12124, 100,-1,0
 1086, 12123, 12124, 100,-1,0
 1086, 12123, 12124, 100,-1,0
 1086, 12123, 12124, 100,-1,0
 1086, 12123, 12124, 100,-1,0
 1086, 12123, 12124, 100,-1,0
 1086, 12123, 12124, 100,-1,0
 1086, 12123, 12124, 100,-1,0
 1086, 12123, 12124, 100,-1,0
 1086, 12123, 12124, 100,-1,0
 1086, 12123, 12124, 100,-1,0
 1087, 12123, 12124, 100,-1,0
 1087, 12123, 12124, 100,-1,0
 1087, 12123, 12124, 100,-1,0
 1087, 12123, 12124, 100,-1,0
 1087, 12123, 12124, 100,-1,0
 1087, 12123, 12124, 100,-1,0
 1087, 12123, 12124, 100,-1,0
 1087, 12123, 12124, 100,-1,0
 1087, 12123, 12124, 100,-1,0
 1087, 12123, 12124, 100,-1,0
 1088, 12123, 12124, 100,-1,0
 1088, 12123, 12124, 100,-1,0
 1088, 12123, 12124, 100,-1,0
 1088, 12123, 12124, 100,-1,0
 1088, 12123, 12124, 100,-1,0
 1088, 12123, 12124, 100,-1,0
 1088, 12123, 12124, 100,-1,0
 1088, 12123, 12124, 100,-1,0
 1088, 12123, 12124, 100,-1,0
 1088, 12123, 12124, 100,-1,0
 1089, 12123, 12124, 100,-1,0
 1089, 12123, 12124, 100,-1,0
 1089, 12123, 12124, 100,-1,0
 1089, 12123, 12124, 100,-1,0
 1089, 12123, 12124, 100,-1,0
 1089, 12123, 12124, 100,-1,0
 1089, 12123, 12124, 100,-1,0
 1089, 12123, 12124, 100,-1,0
 1089, 12123, 12124, 100,-1,0
 1089, 12123, 12124, 100,-1,0
 1090, 12123, 12124, 100,-1,0
 1090, 12123, 12124, 100,-1,0
 1090, 12123, 12124, 100,-1,0
 1090, 12123, 12124, 100,-1,0
 1090, 12123, 12124, 100,-1,0
 1090, 12123, 12124, 100,-1,0
 1090, 12123, 12124, 100,-1,0
 1090, 12123, 12124, 100,-1,0
 1090, 12123, 12124, 100,-1,0
 1091, 12123, 12124, 100,-1,0
 1091, 12123, 12124, 100,-1,0
 1091, 12123, 12124, 100,-1,0
 1091, 12123, 12124, 100,-1,0
 1091, 12123, 12124, 100,-1,0
 1091, 12123, 12124, 100,-1,0
 1091, 12123, 12124, 100,-1,0
 1091, 12123, 12124, 100,-1,0
 1091, 12123, 12124, 100,-1,0
 1091, 12123, 12124, 100,-1,0
 1092, 12123, 12124, 100,-1,0
 1092, 12123, 12124, 100,-1,0
 1092, 12123, 12124, 100,-1,0
 1092, 12123, 12124, 100,-1,0
 1092, 12123, 12124, 100,-1,0
 1092, 12123, 12124, 100,-1,0
 1092, 12123, 12124, 100,-1,0
 1092, 12123, 12124, 100,-1,0
