uptime_s,free_mb,total_mb,percent
 1, 275, 16384, 98
 1, 275, 16384, 98
 1, 144, 16384, 99
 1, 175, 16384, 99
 1, 175, 16384, 99
 2, 175, 16384, 99
 2, 175, 16384, 99
 2, 175, 16384, 99
 2, 175, 16384, 99
 2, 175, 16384, 99
 2, 175, 16384, 99
 2, 175, 16384, 99
 2, 249, 16384, 98
 2, 261, 16384, 98
 2, 281, 16384, 98
 3, 281, 16384, 98
 3, 281, 16384, 98
 3, 281, 16384, 98
 3, 281, 16384, 98
 3, 281, 16384, 98
 3, 281, 16384, 98
 3, 281, 16384, 98
 3, 271, 16384, 98
 3, 271, 16384, 98
 3, 271, 16384, 98
 4, 271, 16384, 98
 4, 271, 16384, 98
 4, 271, 16384, 98
 4, 271, 16384, 98
 4, 271, 16384, 98
 4, 271, 16384, 98
 4, 271, 16384, 98
 4, 199, 16384, 99
 4, 229, 16384, 99
 4, 229, 16384, 99
 5, 229, 16384, 99
 5, 229, 16384, 99
 5, 229, 16384, 99
 5, 229, 16384, 99
 5, 229, 16384, 99
 5, 229, 16384, 99
 5, 229, 16384, 99
 5, 236, 16384, 99
 5, 236, 16384, 99
 5, 236, 16384, 99
 6, 236, 16384, 99
 6, 236, 16384, 99
 6, 236, 16384, 99
 6, 236, 16384, 99
 6, 236, 16384, 99
 6, 236, 16384, 99
 6, 236, 16384, 99
 6, 232, 16384, 99
 6, 240, 16384, 99
 6, 240, 16384, 99
 7, 240, 16384, 99
 7, 240, 16384, 99
 7, 240, 16384, 99
 7, 240, 16384, 99
 7, 240, 16384, 99
 7, 240, 16384, 99
 7, 240, 16384, 99
 7, 118, 16384, 99
 7, 186, 16384, 99
 7, 186, 16384, 99
 8, 186, 16384, 99
 8, 186, 16384, 99
 8, 186, 16384, 99
 8, 186, 16384, 99
 8, 186, 16384, 99
 8, 186, 16384, 99
 8, 186, 16384, 99
 8, 143, 16384, 99
 8, 143, 16384, 99
 8, 143, 16384, 99
 8, 143, 16384, 99
 8, 143, 16384, 99
 8, 143, 16384, 99
 8, 143, 16384, 99
 8, 143, 16384, 99
 8, 143, 16384, 99
 9, 1290, 16384, 92
 9, 1367, 16384, 92
 9, 1367, 16384, 92
 9, 1367, 16384, 92
 9, 1367, 16384, 92
 9, 1367, 16384, 92
 9, 1367, 16384, 92
 9, 1367, 16384, 92
 9, 1367, 16384, 92
 9, 1367, 16384, 92
 10, 1027, 16384, 94
 10, 969, 16384, 94
 10, 969, 16384, 94
 10, 969, 16384, 94
 10, 969, 16384, 94
 10, 969, 16384, 94
 10, 969, 16384, 94
 10, 969, 16384, 94
 10, 969, 16384, 94
 10, 969, 16384, 94
 11, 354, 16384, 98  11, 354, 16384, 9 1 11, 354, 16384,  1, 11, 354, 16384, 1,  11, 354, 16384 2, 3 11, 354, 1638 2, 35 11, 354, 163 2, 354 11, 354, 16 2, 354, 11, 354, 1 2, 354,  11, 354,  2, 354, 1 12, 298, 2, 289, 16 12, 289 2, 289, 163 12, 28 2, 289, 1638 12, 2 2, 289, 16384 12,  3, 289, 16384, 12, 3, 289, 16384,  12 3, 289, 16384, 9 1 3, 289, 16384, 98  3, 289, 16384, 98
 3, 289, 16384, 98
 3, 342, 16384, 98
 3, 259, 16384, 98
 3, 266, 16384, 98
 4, 266, 16384, 98
 4, 266, 16384, 98
 4, 266, 16384, 98
 4, 266, 16384, 98
 4, 266, 16384, 98
 4, 266, 16384, 98
 4, 266, 16384, 98
 4, 247, 16384, 98
 4, 253, 16384, 98
 4, 253, 16384, 98
 5, 253, 16384, 98
 5, 253, 16384, 98
 5, 253, 16384, 98
 5, 253, 16384, 98
 5, 253, 16384, 98
 5, 253, 16384, 98
 5, 253, 16384, 98
 5, 231, 16384, 99
 5, 231, 16384, 99
 5, 231, 16384, 99
 6, 231, 16384, 99
 6, 231, 16384, 99
 6, 231, 16384, 99
 6, 231, 16384, 99
 6, 231, 16384, 99
 6, 231, 16384, 99
 6, 231, 16384, 99
 6, 239, 16384, 99
 6, 211, 16384, 99
 6, 211, 16384, 99
 7, 211, 16384, 99
 7, 211, 16384, 99
 7, 211, 16384, 99
 7, 211, 16384, 99
 7, 211, 16384, 99
 7, 211, 16384, 99
 7, 211, 16384, 99
 7, 194, 16384, 99
 7, 172, 16384, 99
 7, 172, 16384, 99
 8, 172, 16384, 99
 8, 172, 16384, 99
 8, 172, 16384, 99
 8, 172, 16384, 99
 8, 172, 16384, 99
 8, 172, 16384, 99
 8, 172, 16384, 99
 8, 595, 16384, 96
, 16384, 99
 18, 172, 16384, 99
 18, 490, 16384, 97
 18, 592, 16384, 96
 18, 592, 16384, 96
 18, 592, 16384, 96
 18, 592, 16384, 96
 18, 592, 16384, 96
 18, 592, 16384, 96
 18, 592, 16384, 96
 18, 592, 16384, 96
 19, 592, 16384, 96
 19, 218, 16384, 99
 19, 228, 16384, 99
 19, 228, 16384, 99
 19, 228, 16384, 99
 19, 228, 16384, 99
 19, 228, 16384, 99
 19, 228, 16384, 99
 19, 228, 16384, 99
 19, 228, 16384, 99
 20, 369, 16384, 98
 20, 369, 16384, 98
 20, 369, 16384, 98
 20, 369, 16384, 98
 20, 369, 16384, 98
 20, 369, 16384, 98
 20, 369, 16384, 98
 20, 369, 16384, 98
 20, 369, 16384, 98
 20, 369, 16384, 98
 21, 317, 16384, 98
 21, 309, 16384, 98
 21, 317, 16384, 98
 21, 317, 16384, 98
 21, 317, 16384, 98
 21, 317, 16384, 98
 21, 317, 16384, 98
 21, 317, 16384, 98
 21, 317, 16384, 98
 22, 317, 16384, 98
 22, 363, 16384, 98
 22, 363, 16384, 98
 22, 360, 16384, 98
 22, 367, 16384, 98
 22, 367, 16384, 98
 22, 367, 16384, 98
 22, 367, 16384, 98
 22, 367, 16384, 98
 22, 367, 16384, 98
 23, 367, 16384, 98
 23, 309, 16384, 98
 23, 312, 16384, 98
 23, 312, 16384, 98
 23, 312, 16384, 98
 23, 312, 16384, 98
 23, 312, 16384, 98
 23, 312, 16384, 98
 23, 312, 16384, 98
 23, 312, 16384, 98
 24, 312, 16384, 98
 24, 442, 16384, 97
 24, 373, 16384, 98
 24, 373, 16384, 98
 24, 373, 16384, 98
 24, 373, 16384, 98
 24, 373, 16384, 98
 24, 373, 16384, 98
 24, 373, 16384, 98
 24, 373, 16384, 98
 25, 427, 16384, 97
 25, 1677, 16384, 90
 25, 1677, 16384, 90
 25, 1677, 16384, 90
 25, 1677, 16384, 90
 25, 1677, 16384, 90
 25, 1677, 16384, 90
 25, 1677, 16384, 90
 25, 1677, 16384, 90
 25, 1677, 16384, 90
 26, 1679, 16384, 90
 26, 1678, 16384, 90
 26, 1678, 16384, 90
 26, 1678, 16384, 90
 26, 1678, 16384, 90
 26, 1678, 16384, 90
 26, 1678, 16384, 90
 26, 1678, 16384, 90
 26, 1678, 16384, 90
 26, 1678, 16384, 90
 27, 1374, 16384, 92
 27, 1346, 16384, 92
 27, 1346, 16384, 92
 27, 1346, 16384, 92
 27, 1346, 16384, 92
 27, 1346, 16384, 92
 27, 1346, 16384, 92
 27, 1346, 16384, 92
 27, 1346, 16384, 92
 27, 1346, 16384, 92
 28, 1147, 16384, 93
 28, 1135, 16384, 93
 28, 1135, 16384, 93
 28, 1135, 16384, 93
 28, 1135, 16384, 93
 28, 1135, 16384, 93
 28, 1135, 16384, 93
 28, 1135, 16384, 93
 28, 1135, 16384, 93
 29, 1135, 16384, 93
 29, 1095, 16384, 93
 29, 1093, 16384, 93
 29, 1093, 16384, 93
 29, 1093, 16384, 93
 29, 1093, 16384, 93
 29, 1093, 16384, 93
 29, 1093, 16384, 93
 29, 1093, 16384, 93
 29, 1093, 16384, 93
 30, 1093, 16384, 93
 30, 999, 16384, 94
 30, 999, 16384, 94
 30, 999, 16384, 94
 30, 999, 16384, 94
 30, 999, 16384, 94
 30, 999, 16384, 94
 30, 999, 16384, 94
 30, 999, 16384, 94
 30, 999, 16384, 94
 31, 999, 16384, 94
 31, 776, 16384, 95
 31, 728, 16384, 96
 31, 712, 16384, 96
 31, 712, 16384, 96
 31, 712, 16384, 96
 31, 712, 16384, 96
 31, 712, 16384, 96
 31, 712, 16384, 96
 31, 712, 16384, 96
 32, 712, 16384, 96
 32, 627, 16384, 96
 32, 546, 16384, 97
 32, 517, 16384, 97
 32, 517, 16384, 97
 32, 517, 16384, 97
 32, 517, 16384, 97
 32, 517, 16384, 97
 32, 517, 16384, 97
 32, 517, 16384, 97
 33, 517, 16384, 97
 33, 405, 16384, 98
 33, 407, 16384, 98
 33, 407, 16384, 98
 33, 407, 16384, 98
 33, 407, 16384, 98
 33, 407, 16384, 98
 33, 407, 16384, 98
 33, 407, 16384, 98
 33, 407, 16384, 98
 34, 407, 16384, 98
 34, 405, 16384, 98
 34, 399, 16384, 98
 34, 399, 16384, 98
 34, 399, 16384, 98
 34, 399, 16384, 98
 34, 399, 16384, 98
 34, 399, 16384, 98
 34, 399, 16384, 98
 35, 399, 16384, 98
 35, 399, 16384, 98
 35, 195, 16384, 99
 35, 217, 16384, 99
 35, 213, 16384, 99
 35, 213, 16384, 99
 35, 213, 16384, 99
 35, 213, 16384, 99
 35, 213, 16384, 99
 35, 213, 16384, 99
 36, 213, 16384, 99
 36, 213, 16384, 99
 36, 255, 16384, 98
 36, 210, 16384, 99
 36, 210, 16384, 99
 36, 210, 16384, 99
 36, 210, 16384, 99
 36, 210, 16384, 99
 36, 210, 16384, 99
 36, 210, 16384, 99
 37, 210, 16384, 99
 37, 232, 16384, 99
 37, 251, 16384, 98
 37, 224, 16384, 99
 37, 252, 16384, 98
 37, 252, 16384, 98
 37, 252, 16384, 98
 37, 252, 16384, 98
 37, 252, 16384, 98
 37, 252, 16384, 98
 38, 252, 16384, 98
 38, 247, 16384, 98
 38, 242, 16384, 99
 38, 247, 16384, 98
 38, 247, 16384, 98
 38, 247, 16384, 98
 38, 247, 16384, 98
 38, 247, 16384, 98
 38, 247, 16384, 98
 38, 247, 16384, 98
 39, 247, 16384, 98
 39, 223, 16384, 99
 39, 246, 16384, 98
 39, 245, 16384, 99
 39, 245, 16384, 99
 39, 245, 16384, 99
 39, 245, 16384, 99
 39, 245, 16384, 99
 39, 245, 16384, 99
 39, 245, 16384, 99
 40, 245, 16384, 99
 40, 244, 16384, 99
 40, 246, 16384, 98
 40, 246, 16384, 98
 40, 246, 16384, 98
 40, 246, 16384, 98
 40, 246, 16384, 98
 40, 246, 16384, 98
 40, 246, 16384, 98
 40, 246, 16384, 98
 41, 246, 16384, 98
 41, 219, 16384, 99
 41, 219, 16384, 99
 41, 219, 16384, 99
 41, 219, 16384, 99
 41, 219, 16384, 99
 41, 219, 16384, 99
 41, 219, 16384, 99
 41, 219, 16384, 99
 42, 219, 16384, 99
 42, 219, 16384, 99
 42, 202, 16384, 99
 42, 161, 16384, 99
 42, 147, 16384, 99
 42, 146, 16384, 99
 42, 146, 16384, 99
 42, 146, 16384, 99
 42, 146, 16384, 99
 42, 146, 16384, 99
 43, 146, 16384, 99
 43, 146, 16384, 99
 43, 134, 16384, 99
 43, 134, 16384, 99
 43, 134, 16384, 99
 43, 134, 16384, 99
 43, 134, 16384, 99
 43, 134, 16384, 99
 43, 134, 16384, 99
 43, 134, 16384, 99
 44, 134, 16384, 99
 44, 134, 16384, 99
 44, 124, 16384, 99
 44, 124, 16384, 99
 44, 124, 16384, 99
 44, 124, 16384, 99
 44, 124, 16384, 99
 44, 124, 16384, 99
 44, 124, 16384, 99
 44, 124, 16384, 99
 45, 124, 16384, 99
 45, 180, 16384, 99
 45, 180, 16384, 99
 45, 180, 16384, 99
 45, 180, 16384, 99
 45, 180, 16384, 99
 45, 180, 16384, 99
 45, 180, 16384, 99
 45, 180, 16384, 99
 46, 180, 16384, 99
 46, 180, 16384, 99
 46, 208, 16384, 99
 46, 203, 16384, 99
 46, 203, 16384, 99
 46, 203, 16384, 99
 46, 203, 16384, 99
 46, 203, 16384, 99
 46, 203, 16384, 99
 46, 203, 16384, 99
 47, 203, 16384, 99
 47, 203, 16384, 99
 47, 188, 16384, 99
 47, 216, 16384, 99
 47, 216, 16384, 99
 47, 216, 16384, 99
 47, 216, 16384, 99
 47, 216, 16384, 99
 47, 216, 16384, 99
 47, 216, 16384, 99
 48, 216, 16384, 99
 48, 216, 16384, 99
 48, 226, 16384, 99
 48, 254, 16384, 98
 48, 254, 16384, 98
 48, 254, 16384, 98
 48, 254, 16384, 98
 48, 254, 16384, 98
 48, 254, 16384, 98
 48, 254, 16384, 98
 49, 254, 16384, 98
 49, 254, 16384, 98
 49, 271, 16384, 98
 49, 271, 16384, 98
 49, 271, 16384, 98
 49, 271, 16384, 98
 49, 271, 16384, 98
 49, 271, 16384, 98
 49, 271, 16384, 98
 49, 271, 16384, 98
 50, 271, 16384, 98
 50, 271, 16384, 98
 50, 268, 16384, 98
 50, 264, 16384, 98
 50, 262, 16384, 98
 50, 255, 16384, 98
 50, 255, 16384, 98
 50, 255, 16384, 98
 50, 255, 16384, 98
 50, 255, 16384, 98
 51, 255, 16384, 98
 51, 255, 16384, 98
 51, 254, 16384, 98
 51, 245, 16384, 99
 51, 241, 16384, 99
 51, 241, 16384, 99
 51, 241, 16384, 99
 51, 241, 16384, 99
 51, 241, 16384, 99
 51, 241, 16384, 99
 52, 241, 16384, 99
 52, 241, 16384, 99
 52, 220, 16384, 99
 52, 222, 16384, 99
 52, 222, 16384, 99
 52, 222, 16384, 99
 52, 222, 16384, 99
 52, 222, 16384, 99
 52, 222, 16384, 99
 52, 222, 16384, 99
 53, 222, 16384, 99
 53, 222, 16384, 99
 53, 175, 16384, 99
 53, 174, 16384, 99
 53, 174, 16384, 99
 53, 174, 16384, 99
 53, 174, 16384, 99
 53, 174, 16384, 99
 53, 174, 16384, 99
 53, 174, 16384, 99
 54, 174, 16384, 99
 54, 174, 16384, 99
 54, 124, 16384, 99
 54, 122, 16384, 99
 54, 149, 16384, 99
 54, 149, 16384, 99
 54, 149, 16384, 99
 54, 149, 16384, 99
 54, 149, 16384, 99
 55, 149, 16384, 99
 55, 149, 16384, 99
 55, 149, 16384, 99
 55, 137, 16384, 99
 55, 137, 16384, 99
 55, 137, 16384, 99
 55, 137, 16384, 99
 55, 137, 16384, 99
 55, 137, 16384, 99
 55, 137, 16384, 99
 56, 137, 16384, 99
 56, 137, 16384, 99
 56, 137, 16384, 99
 56, 93, 16384, 99
 56, 165, 16384, 99
 56, 165, 16384, 99
 56, 165, 16384, 99
 56, 165, 16384, 99
 56, 165, 16384, 99
 56, 165, 16384, 99
 57, 165, 16384, 99
 57, 165, 16384, 99
 57, 142, 16384, 99
 57, 197, 16384, 99
 57, 191, 16384, 99
 57, 191, 16384, 99
 57, 191, 16384, 99
 57, 191, 16384, 99
 57, 191, 16384, 99
 57, 191, 16384, 99
 58, 191, 16384, 99
 58, 191, 16384, 99
 58, 231, 16384, 99
 58, 231, 16384, 99
 58, 239, 16384, 99
 58, 233, 16384, 99
 58, 233, 16384, 99
 58, 233, 16384, 99
 58, 233, 16384, 99
 58, 233, 16384, 99
 59, 233, 16384, 99
 59, 233, 16384, 99
 59, 250, 16384, 98
 59, 236, 16384, 99
 59, 214, 16384, 99
 59, 214, 16384, 99
 59, 214, 16384, 99
 59, 214, 16384, 99
 59, 214, 16384, 99
 59, 214, 16384, 99
 60, 214, 16384, 99
 60, 214, 16384, 99
 60, 180, 16384, 99
 60, 199, 16384, 99
 60, 199, 16384, 99
 60, 199, 16384, 99
 60, 199, 16384, 99
 60, 199, 16384, 99
 60, 199, 16384, 99
 60, 199, 16384, 99
 61, 199, 16384, 99
 61, 199, 16384, 99
 61, 195, 16384, 99
 61, 199, 16384, 99
 61, 200, 16384, 99
 61, 200, 16384, 99
 61, 200, 16384, 99
 61, 200, 16384, 99
 61, 200, 16384, 99
 62, 200, 16384, 99
 62, 200, 16384, 99
 62, 200, 16384, 99
 62, 150, 16384, 99
 62, 128, 16384, 99
 62, 114, 16384, 99
 62, 106, 16384, 99
 62, 106, 16384, 99
 62, 106, 16384, 99
 62, 106, 16384, 99
 63, 106, 16384, 99
 63, 106, 16384, 99
 63, 106, 16384, 99
 63, 116, 16384, 99
 63, 123, 16384, 99
 63, 121, 16384, 99
 63, 121, 16384, 99
 63, 121, 16384, 99
 63, 121, 16384, 99
 63, 121, 16384, 99
 64, 121, 16384, 99
 64, 121, 16384, 99
 64, 121, 16384, 99
 64, 116, 16384, 99
 64, 134, 16384, 99
 64, 134, 16384, 99
 64, 134, 16384, 99
 64, 134, 16384, 99
 64, 134, 16384, 99
 64, 134, 16384, 99
 65, 134, 16384, 99
 65, 134, 16384, 99
 65, 134, 16384, 99
 65, 162, 16384, 99
 65, 160, 16384, 99
 65, 139, 16384, 99
 65, 143, 16384, 99
 65, 143, 16384, 99
 65, 143, 16384, 99
 65, 143, 16384, 99
 66, 143, 16384, 99
 66, 143, 16384, 99
 66, 143, 16384, 99
 66, 126, 16384, 99
 66, 137, 16384, 99
 66, 132, 16384, 99
 66, 132, 16384, 99
 66, 132, 16384, 99
 66, 132, 16384, 99
 66, 132, 16384, 99
 67, 132, 16384, 99
 67, 132, 16384, 99
 67, 132, 16384, 99
 67, 137, 16384, 99
 67, 138, 16384, 99
 67, 138, 16384, 99
 67, 138, 16384, 99
 67, 138, 16384, 99
 67, 138, 16384, 99
 67, 138, 16384, 99
 68, 138, 16384, 99
 68, 138, 16384, 99
 68, 138, 16384, 99
 68, 148, 16384, 99
 68, 154, 16384, 99
 68, 154, 16384, 99
 68, 154, 16384, 99
 68, 154, 16384, 99
 68, 154, 16384, 99
 69, 154, 16384, 99
 69, 154, 16384, 99
 69, 154, 16384, 99
 69, 154, 16384, 99
 69, 132, 16384, 99
 69, 100, 16384, 99
 69, 138, 16384, 99
 69, 130, 16384, 99
 69, 130, 16384, 99
 69, 130, 16384, 99
 70, 130, 16384, 99
 70, 130, 16384, 99
 70, 130, 16384, 99
 70, 130, 16384, 99
 70, 131, 16384, 99
 70, 131, 16384, 99
 70, 130, 16384, 99
 70, 121, 16384, 99
 70, 121, 16384, 99
 70, 121, 16384, 99
 71, 121, 16384, 99
 71, 121, 16384, 99
 71, 121, 16384, 99
 71, 121, 16384, 99
 71, 126, 16384, 99
 71, 122, 16384, 99
 71, 118, 16384, 99
 71, 118, 16384, 99
 71, 118, 16384, 99
 71, 118, 16384, 99
 72, 118, 16384, 99
 72, 118, 16384, 99
 72, 118, 16384, 99
 72, 118, 16384, 99
 72, 100, 16384, 99
 72, 100, 16384, 99
 72, 100, 16384, 99
 72, 100, 16384, 99
 72, 100, 16384, 99
 72, 100, 16384, 99
 73, 100, 16384, 99
 73, 100, 16384, 99
 73, 100, 16384, 99
 73, 100, 16384, 99
 73, 85, 16384, 99
 73, 87, 16384, 99
 73, 86, 16384, 99
 73, 86, 16384, 99
 73, 86, 16384, 99
 73, 86, 16384, 99
 74, 86, 16384, 99
 74, 86, 16384, 99
 74, 86, 16384, 99
 74, 86, 16384, 99
 74, 106, 16384, 99
 74, 103, 16384, 99
 74, 103, 16384, 99
 74, 103, 16384, 99
 74, 103, 16384, 99
 74, 103, 16384, 99
 75, 103, 16384, 99
 75, 103, 16384, 99
 75, 103, 16384, 99
 75, 103, 16384, 99
 75, 140, 16384, 99
 75, 134, 16384, 99
 75, 136, 16384, 99
 75, 136, 16384, 99
 75, 136, 16384, 99
 75, 136, 16384, 99
 76, 136, 16384, 99
 76, 136, 16384, 99
 76, 136, 16384, 99
 76, 136, 16384, 99
 76, 152, 16384, 99
 76, 132, 16384, 99
 76, 134, 16384, 99
 76, 134, 16384, 99
 76, 134, 16384, 99
 76, 134, 16384, 99
 77, 134, 16384, 99
 77, 134, 16384, 99
 77, 134, 16384, 99
 77, 134, 16384, 99
 77, 124, 16384, 99
 77, 141, 16384, 99
 77, 141, 16384, 99
 77, 140, 16384, 99
 77, 140, 16384, 99
 78, 140, 16384, 99
 78, 140, 16384, 99
 78, 140, 16384, 99
 78, 140, 16384, 99
 78, 140, 16384, 99
 78, 113, 16384, 99
 78, 123, 16384, 99
 78, 82, 16384, 99
 78, 82, 16384, 99
 78, 82, 16384, 99
 79, 82, 16384, 99
 79, 82, 16384, 99
 79, 82, 16384, 99
 79, 82, 16384, 99
 79, 82, 16384, 99
 79, 139, 16384, 99
 79, 129, 16384, 99
 79, 129, 16384, 99
 79, 129, 16384, 99
 79, 129, 16384, 99
 80, 129, 16384, 99
 80, 129, 16384, 99
 80, 129, 16384, 99
 80, 129, 16384, 99
 80, 129, 16384, 99
 80, 372, 16384, 98
 80, 371, 16384, 98
 80, 371, 16384, 98
 80, 371, 16384, 98
 80, 371, 16384, 98
 81, 371, 16384, 98
 81, 371, 16384, 98
 81, 371, 16384, 98
 81, 371, 16384, 98
 81, 371, 16384, 98
 81, 302, 16384, 98
 81, 301, 16384, 98
 81, 301, 16384, 98
 81, 301, 16384, 98
 81, 301, 16384, 98
 82, 301, 16384, 98
 82, 301, 16384, 98
 82, 301, 16384, 98
 82, 301, 16384, 98
 82, 301, 16384, 98
 82, 281, 16384, 98
 82, 272, 16384, 98
 82, 273, 16384, 98
 82, 273, 16384, 98
 82, 273, 16384, 98
 83, 273, 16384, 98
 83, 273, 16384, 98
 83, 273, 16384, 98
 83, 273, 16384, 98
 83, 273, 16384, 98
 83, 187, 16384, 99
 83, 187, 16384, 99
 83, 187, 16384, 99
 83, 187, 16384, 99
 83, 187, 16384, 99
 84, 187, 16384, 99
 84, 187, 16384, 99
 84, 187, 16384, 99
 84, 187, 16384, 99
 84, 187, 16384, 99
 84, 148, 16384, 99
 84, 148, 16384, 99
 84, 148, 16384, 99
 84, 148, 16384, 99
 84, 148, 16384, 99
 85, 148, 16384, 99
 85, 148, 16384, 99
 85, 148, 16384, 99
 85, 148, 16384, 99
 85, 148, 16384, 99
 85, 110, 16384, 99
 85, 159, 16384, 99
 85, 182, 16384, 99
 85, 181, 16384, 99
 86, 181, 16384, 99
 86, 181, 16384, 99
 86, 181, 16384, 99
 86, 181, 16384, 99
 86, 181, 16384, 99
 86, 181, 16384, 99
 86, 167, 16384, 99
 86, 167, 16384, 99
 86, 167, 16384, 99
 86, 167, 16384, 99
 87, 167, 16384, 99
 87, 167, 16384, 99
 87, 167, 16384, 99
 87, 167, 16384, 99
 87, 167, 16384, 99
 87, 173, 16384, 99
 87, 172, 16384, 99
 87, 172, 16384, 99
 87, 172, 16384, 99
 87, 172, 16384, 99
 88, 172, 16384, 99
 88, 172, 16384, 99
 88, 172, 16384, 99
 88, 172, 16384, 99
 88, 172, 16384, 99
 88, 170, 16384, 99
 88, 147, 16384, 99
 88, 160, 16384, 99
 88, 153, 16384, 99
 88, 153, 16384, 99
 89, 153, 16384, 99
 89, 153, 16384, 99
 89, 153, 16384, 99
 89, 153, 16384, 99
 89, 153, 16384, 99
 89, 210, 16384, 99
 89, 211, 16384, 99
 89, 211, 16384, 99
 89, 211, 16384, 99
 89, 211, 16384, 99
 90, 211, 16384, 99
 90, 211, 16384, 99
 90, 211, 16384, 99
 90, 211, 16384, 99
 90, 211, 16384, 99
 90, 208, 16384, 99
 90, 205, 16384, 99
 90, 205, 16384, 99
 90, 205, 16384, 99
 90, 205, 16384, 99
 91, 205, 16384, 99
 91, 205, 16384, 99
 91, 205, 16384, 99
 91, 205, 16384, 99
 91, 205, 16384, 99
 91, 158, 16384, 99
 91, 155, 16384, 99
 91, 156, 16384, 99
 91, 166, 16384, 99
 91, 166, 16384, 99
 92, 166, 16384, 99
 92, 166, 16384, 99
 92, 166, 16384, 99
 92, 166, 16384, 99
 92, 166, 16384, 99
 92, 153, 16384, 99
 92, 153, 16384, 99
 92, 153, 16384, 99
 92, 153, 16384, 99
 92, 153, 16384, 99
 93, 153, 16384, 99
 93, 153, 16384, 99
 93, 153, 16384, 99
 93, 153, 16384, 99
 93, 153, 16384, 99
 93, 175, 16384, 99
 93, 175, 16384, 99
 93, 175, 16384, 99
 93, 175, 16384, 99
 94, 175, 16384, 99
 94, 175, 16384, 99
 94, 175, 16384, 99
 94, 175, 16384, 99
 94, 175, 16384, 99
 94, 175, 16384, 99
 94, 170, 16384, 99
 94, 169, 16384, 99
 94, 169, 16384, 99
 94, 169, 16384, 99
 95, 169, 16384, 99
 95, 169, 16384, 99
 95, 169, 16384, 99
 95, 169, 16384, 99
 95, 169, 16384, 99
 95, 169, 16384, 99
 95, 187, 16384, 99
 95, 185, 16384, 99
 95, 186, 16384, 99
 95, 186, 16384, 99
 96, 186, 16384, 99
 96, 186, 16384, 99
 96, 186, 16384, 99
 96, 186, 16384, 99
 96, 186, 16384, 99
 96, 186, 16384, 99
 96, 153, 16384, 99
 96, 153, 16384, 99
 96, 153, 16384, 99
 96, 153, 16384, 99
 97, 153, 16384, 99
 97, 153, 16384, 99
 97, 153, 16384, 99
 97, 153, 16384, 99
 97, 153, 16384, 99
 97, 153, 16384, 99
 97, 196, 16384, 99
 97, 196, 16384, 99
 97, 196, 16384, 99
 97, 196, 16384, 99
 98, 196, 16384, 99
 98, 196, 16384, 99
 98, 196, 16384, 99
 98, 196, 16384, 99
 98, 196, 16384, 99
 98, 196, 16384, 99
 98, 227, 16384, 99
 98, 270, 16384, 98
 98, 270, 16384, 98
 98, 270, 16384, 98
 99, 270, 16384, 98
 99, 270, 16384, 98
 99, 270, 16384, 98
 99, 270, 16384, 98
 99, 270, 16384, 98
 99, 270, 16384, 98
 99, 468, 16384, 97
 99, 443, 16384, 97
 99, 443, 16384, 97
 99, 443, 16384, 97
 100, 443, 16384, 97
 100, 443, 16384, 97
 100, 443, 16384, 97
 100, 443, 16384, 97
 100, 443, 16384, 97
 100, 461, 16384, 97
 100, 432, 16384, 97
 100, 447, 16384, 97
 100, 447, 16384, 97
 100, 447, 16384, 97
 101, 447, 16384, 97
 101, 447, 16384, 97
 101, 447, 16384, 97
 101, 447, 16384, 97
 101, 447, 16384, 97
 101, 424, 16384, 97
 101, 430, 16384, 97
 101, 429, 16384, 97
 101, 429, 16384, 97
 101, 429, 16384, 97
 102, 429, 16384, 97
 102, 429, 16384, 97
 102, 429, 16384, 97
 102, 429, 16384, 97
 102, 429, 16384, 97
 102, 365, 16384, 98
 102, 377, 16384, 98
 102, 359, 16384, 98
 102, 353, 16384, 98
 103, 353, 16384, 98
 103, 353, 16384, 98
 103, 353, 16384, 98
 103, 353, 16384, 98
 103, 353, 16384, 98
 103, 353, 16384, 98
 103, 318, 16384, 98
 103, 318, 16384, 98
 103, 318, 16384, 98
 103, 318, 16384, 98
 104, 318, 16384, 98
 104, 318, 16384, 98
 104, 318, 16384, 98
 104, 318, 16384, 98
 104, 318, 16384, 98
 104, 318, 16384, 98
 104, 221, 16384, 99
 104, 107, 16384, 99
 104, 107, 16384, 99
 104, 107, 16384, 99
 105, 107, 16384, 99
 105, 107, 16384, 99
 105, 107, 16384, 99
 105, 107, 16384, 99
 105, 107, 16384, 99
 105, 107, 16384, 99
 105, 118, 16384, 99
 105, 117, 16384, 99
 105, 117, 16384, 99
 105, 117, 16384, 99
 106, 117, 16384, 99
 106, 117, 16384, 99
 106, 117, 16384, 99
 106, 117, 16384, 99
 106, 117, 16384, 99
 106, 117, 16384, 99
 106, 378, 16384, 98
 106, 367, 16384, 98
 106, 379, 16384, 98
 106, 379, 16384, 98
 107, 379, 16384, 98
 107, 379, 16384, 98
 107, 379, 16384, 98
 107, 379, 16384, 98
 107, 379, 16384, 98
 107, 379, 16384, 98
 107, 217, 16384, 99
 107, 217, 16384, 99
 107, 217, 16384, 99
 107, 217, 16384, 99
 108, 217, 16384, 99
 108, 217, 16384, 99
 108, 217, 16384, 99
 108, 217, 16384, 99
 108, 217, 16384, 99
 108, 217, 16384, 99
 108, 216, 16384, 99
 108, 216, 16384, 99
 108, 216, 16384, 99
 108, 216, 16384, 99
 109, 216, 16384, 99
 109, 216, 16384, 99
 109, 216, 16384, 99
 109, 216, 16384, 99
 109, 216, 16384, 99
 109, 216, 16384, 99
 109, 201, 16384, 99
 109, 200, 16384, 99
 109, 204, 16384, 99
 109, 246, 16384, 98
 110, 246, 16384, 98
 110, 246, 16384, 98
 110, 246, 16384, 98
 110, 246, 16384, 98
 110, 246, 16384, 98
 110, 246, 16384, 98
 110, 246, 16384, 98
 110, 242, 16384, 99
 110, 242, 16384, 99
 111, 242, 16384, 99
 111, 242, 16384, 99
 111, 242, 16384, 99
 111, 242, 16384, 99
 111, 242, 16384, 99
 111, 242, 16384, 99
 111, 242, 16384, 99
 111, 221, 16384, 99
 111, 216, 16384, 99
 111, 217, 16384, 99
 112, 217, 16384, 99
 112, 217, 16384, 99
 112, 217, 16384, 99
 112, 217, 16384, 99
 112, 217, 16384, 99
 112, 217, 16384, 99
 112, 217, 16384, 99
 112, 213, 16384, 99
 112, 213, 16384, 99
 112, 213, 16384, 99
 113, 213, 16384, 99
 113, 213, 16384, 99
 113, 213, 16384, 99
 113, 213, 16384, 99
 113, 213, 16384, 99
 113, 213, 16384, 99
 113, 297, 16384, 98
 113, 297, 16384, 98
 113, 297, 16384, 98
 113, 297, 16384, 98
 114, 297, 16384, 98
 114, 297, 16384, 98
 114, 297, 16384, 98
 114, 297, 16384, 98
 114, 297, 16384, 98
 114, 297, 16384, 98
 114, 224, 16384, 99
 114, 213, 16384, 99
 114, 234, 16384, 99
 114, 233, 16384, 99
 115, 233, 16384, 99
 115, 233, 16384, 99
 115, 233, 16384, 99
 115, 233, 16384, 99
 115, 233, 16384, 99
 115, 233, 16384, 99
 115, 250, 16384, 98
 115, 180, 16384, 99
 115, 171, 16384, 99
 115, 171, 16384, 99
 116, 171, 16384, 99
 116, 171, 16384, 99
 116, 171, 16384, 99
 116, 171, 16384, 99
 116, 171, 16384, 99
 116, 171, 16384, 99
 116, 170, 16384, 99
 116, 143, 16384, 99
 116, 147, 16384, 99
 116, 147, 16384, 99
 117, 147, 16384, 99
 117, 147, 16384, 99
 117, 147, 16384, 99
 117, 147, 16384, 99
 117, 147, 16384, 99
 117, 147, 16384, 99
 117, 186, 16384, 99
 117, 186, 16384, 99
 117, 186, 16384, 99
 117, 186, 16384, 99
 118, 186, 16384, 99
 118, 186, 16384, 99
 118, 186, 16384, 99
 118, 186, 16384, 99
 118, 186, 16384, 99
 118, 186, 16384, 99
 118, 171, 16384, 99
 118, 166, 16384, 99
 118, 166, 16384, 99
 119, 166, 16384, 99
 119, 166, 16384, 99
 119, 166, 16384, 99
 119, 166, 16384, 99
 119, 166, 16384, 99
 119, 166, 16384, 99
 119, 137, 16384, 99
 119, 171, 16384, 99
 119, 171, 16384, 99
 120, 171, 16384, 99
 120, 171, 16384, 99
 120, 171, 16384, 99
 120, 171, 16384, 99
 120, 171, 16384, 99
 120, 171, 16384, 99
 120, 171, 16384, 99
 120, 155, 16384, 99
 120, 149, 16384, 99
 120, 154, 16384, 99
 121, 159, 16384, 99
 121, 159, 16384, 99
 121, 159, 16384, 99
 121, 159, 16384, 99
 121, 159, 16384, 99
 121, 159, 16384, 99
 121, 159, 16384, 99
 121, 179, 16384, 99
 121, 177, 16384, 99
 121, 177, 16384, 99
 122, 177, 16384, 99
 122, 177, 16384, 99
 122, 177, 16384, 99
 122, 177, 16384, 99
 122, 177, 16384, 99
 122, 177, 16384, 99
 122, 177, 16384, 99
 122, 105, 16384, 99
 122, 101, 16384, 99
 122, 101, 16384, 99
 123, 101, 16384, 99
 123, 101, 16384, 99
 123, 101, 16384, 99
 123, 101, 16384, 99
 123, 101, 16384, 99
 123, 101, 16384, 99
 123, 101, 16384, 99
 123, 121, 16384, 99
 123, 111, 16384, 99
 123, 112, 16384, 99
 124, 112, 16384, 99
 124, 112, 16384, 99
 124, 112, 16384, 99
 124, 112, 16384, 99
 124, 112, 16384, 99
 124, 112, 16384, 99
 124, 112, 16384, 99
 124, 133, 16384, 99
 124, 139, 16384, 99
 124, 139, 16384, 99
 125, 139, 16384, 99
 125, 139, 16384, 99
 125, 139, 16384, 99
 125, 139, 16384, 99
 125, 139, 16384, 99
 125, 139, 16384, 99
 125, 139, 16384, 99
 125, 197, 16384, 99
 125, 184, 16384, 99
 126, 183, 16384, 99
 126, 183, 16384, 99
 126, 183, 16384, 99
 126, 183, 16384, 99
 126, 183, 16384, 99
 126, 183, 16384, 99
 126, 183, 16384, 99
 126, 183, 16384, 99
 126, 188, 16384, 99
 126, 173, 16384, 99
 127, 180, 16384, 99
 127, 180, 16384, 99
 127, 180, 16384, 99
 127, 180, 16384, 99
 127, 180, 16384, 99
 127, 180, 16384, 99
 127, 180, 16384, 99
 127, 180, 16384, 99
 127, 160, 16384, 99
 127, 164, 16384, 99
 128, 167, 16384, 99
 128, 167, 16384, 99
 128, 167, 16384, 99
 128, 167, 16384, 99
 128, 167, 16384, 99
 128, 167, 16384, 99
 128, 167, 16384, 99
 128, 167, 16384, 99
 128, 171, 16384, 99
 128, 166, 16384, 99
 129, 166, 16384, 99
 129, 166, 16384, 99
 129, 166, 16384, 99
 129, 166, 16384, 99
 129, 166, 16384, 99
 129, 166, 16384, 99
 129, 166, 16384, 99
 129, 166, 16384, 99
 129, 146, 16384, 99
 130, 143, 16384, 99
 130, 143, 16384, 99
 130, 129, 16384, 99
 130, 129, 16384, 99
 130, 129, 16384, 99
 130, 129, 16384, 99
 130, 129, 16384, 99
 130, 129, 16384, 99
 130, 129, 16384, 99
 130, 104, 16384, 99
 131, 103, 16384, 99
 131, 103, 16384, 99
 131, 103, 16384, 99
 131, 103, 16384, 99
 131, 103, 16384, 99
 131, 103, 16384, 99
 131, 103, 16384, 99
 131, 103, 16384, 99
 131, 103, 16384, 99
 131, 72, 16384, 100
 132, 86, 16384, 99
 132, 86, 16384, 99
 132, 86, 16384, 99
 132, 86, 16384, 99
 132, 86, 16384, 99
 132, 86, 16384, 99
 132, 86, 16384, 99
 132, 86, 16384, 99
 132, 86, 16384, 99
 132, 129, 16384, 99
 133, 137, 16384, 99
 133, 136, 16384, 99
 133, 136, 16384, 99
 133, 136, 16384, 99
 133, 136, 16384, 99
 133, 136, 16384, 99
 133, 136, 16384, 99
 133, 136, 16384, 99
 133, 136, 16384, 99
 133, 166, 16384, 99
 134, 166, 16384, 99
 134, 164, 16384, 99
 134, 164, 16384, 99
 134, 164, 16384, 99
 134, 164, 16384, 99
 134, 164, 16384, 99
 134, 164, 16384, 99
 134, 164, 16384, 99
 134, 164, 16384, 99
 135, 200, 16384, 99
 135, 200, 16384, 99
 135, 200, 16384, 99
 135, 200, 16384, 99
 135, 200, 16384, 99
 135, 200, 16384, 99
 135, 200, 16384, 99
 135, 200, 16384, 99
 135, 200, 16384, 99
 135, 200, 16384, 99
 136, 166, 16384, 99
 136, 167, 16384, 99
 136, 167, 16384, 99
 136, 167, 16384, 99
 136, 167, 16384, 99
 136, 167, 16384, 99
 136, 167, 16384, 99
 136, 167, 16384, 99
 136, 167, 16384, 99
 136, 171, 16384, 99
 137, 173, 16384, 99
 137, 173, 16384, 99
 137, 173, 16384, 99
 137, 173, 16384, 99
 137, 173, 16384, 99
 137, 173, 16384, 99
 137, 173, 16384, 99
 137, 173, 16384, 99
 137, 173, 16384, 99
 137, 178, 16384, 99
 138, 166, 16384, 99
 138, 166, 16384, 99
 138, 166, 16384, 99
 138, 166, 16384, 99
 138, 166, 16384, 99
 138, 166, 16384, 99
 138, 166, 16384, 99
 138, 166, 16384, 99
 138, 166, 16384, 99
 138, 127, 16384, 99
 139, 123, 16384, 99
 139, 114, 16384, 99
 139, 114, 16384, 99
 139, 114, 16384, 99
 139, 114, 16384, 99
 139, 114, 16384, 99
 139, 114, 16384, 99
 139, 114, 16384, 99
 139, 114, 16384, 99
 139, 87, 16384, 99
 140, 103, 16384, 99
 140, 103, 16384, 99
 140, 103, 16384, 99
 140, 103, 16384, 99
 140, 103, 16384, 99
 140, 103, 16384, 99
 140, 103, 16384, 99
 140, 103, 16384, 99
 140, 103, 16384, 99
 141, 96, 16384, 99
 141, 101, 16384, 99
 141, 101, 16384, 99
 141, 101, 16384, 99
 141, 101, 16384, 99
 141, 101, 16384, 99
 141, 101, 16384, 99
 141, 101, 16384, 99
 141, 101, 16384, 99
 141, 101, 16384, 99
 142, 85, 16384, 99
 142, 85, 16384, 99
 142, 85, 16384, 99
 142, 85, 16384, 99
 142, 85, 16384, 99
 142, 85, 16384, 99
 142, 85, 16384, 99
 142, 85, 16384, 99
 142, 85, 16384, 99
 142, 85, 16384, 99
 143, 125, 16384, 99
 143, 126, 16384, 99
 143, 126, 16384, 99
 143, 126, 16384, 99
 143, 126, 16384, 99
 143, 126, 16384, 99
 143, 126, 16384, 99
 143, 126, 16384, 99
 143, 126, 16384, 99
 143, 126, 16384, 99
 144, 114, 16384, 99
 144, 114, 16384, 99
 144, 114, 16384, 99
 144, 114, 16384, 99
 144, 114, 16384, 99
 144, 114, 16384, 99
 144, 114, 16384, 99
 144, 114, 16384, 99
 144, 114, 16384, 99
 144, 119, 16384, 99
 145, 116, 16384, 99
 145, 116, 16384, 99
 145, 116, 16384, 99
 145, 116, 16384, 99
 145, 116, 16384, 99
 145, 116, 16384, 99
 145, 116, 16384, 99
 145, 116, 16384, 99
 145, 116, 16384, 99
 145, 123, 16384, 99
 146, 123, 16384, 99
 146, 123, 16384, 99
 146, 123, 16384, 99
 146, 123, 16384, 99
 146, 123, 16384, 99
 146, 123, 16384, 99
 146, 123, 16384, 99
 146, 123, 16384, 99
 146, 123, 16384, 99
 146, 115, 16384, 99
 147, 115, 16384, 99
 147, 115, 16384, 99
 147, 115, 16384, 99
 147, 115, 16384, 99
 147, 115, 16384, 99
 147, 115, 16384, 99
 147, 115, 16384, 99
 147, 115, 16384, 99
 147, 115, 16384, 99
 147, 160, 16384, 99
 148, 158, 16384, 99
 148, 158, 16384, 99
 148, 158, 16384, 99
 148, 158, 16384, 99
 148, 158, 16384, 99
 148, 158, 16384, 99
 148, 158, 16384, 99
 148, 158, 16384, 99
 148, 158, 16384, 99
 149, 112, 16384, 99
 149, 116, 16384, 99
 149, 116, 16384, 99
 149, 116, 16384, 99
 149, 116, 16384, 99
 149, 116, 16384, 99
 149, 116, 16384, 99
 149, 116, 16384, 99
 149, 116, 16384, 99
 149, 116, 16384, 99
 150, 97, 16384, 99
 150, 120, 16384, 99
 150, 120, 16384, 99
 150, 120, 16384, 99
 150, 120, 16384, 99
 150, 120, 16384, 99
 150, 120, 16384, 99
 150, 120, 16384, 99
 150, 120, 16384, 99
 150, 120, 16384, 99
 151, 190, 16384, 99
 151, 190, 16384, 99
 151, 168, 16384, 99
 151, 168, 16384, 99
 151, 168, 16384, 99
 151, 168, 16384, 99
 151, 168, 16384, 99
 151, 168, 16384, 99
 151, 168, 16384, 99
 151, 168, 16384, 99
 152, 182, 16384, 99
 152, 182, 16384, 99
 152, 182, 16384, 99
 152, 182, 16384, 99
 152, 182, 16384, 99
 152, 182, 16384, 99
 152, 182, 16384, 99
 152, 182, 16384, 99
 152, 182, 16384, 99
 152, 182, 16384, 99
 153, 173, 16384, 99
 153, 170, 16384, 99
 153, 170, 16384, 99
 153, 170, 16384, 99
 153, 170, 16384, 99
 153, 170, 16384, 99
 153, 170, 16384, 99
 153, 170, 16384, 99
 153, 170, 16384, 99
 153, 170, 16384, 99
 154, 172, 16384, 99
 154, 172, 16384, 99
 154, 172, 16384, 99
 154, 172, 16384, 99
 154, 172, 16384, 99
 154, 172, 16384, 99
 154, 172, 16384, 99
 154, 172, 16384, 99
 154, 172, 16384, 99
 154, 172, 16384, 99
 155, 166, 16384, 99
 155, 164, 16384, 99
 155, 164, 16384, 99
 155, 164, 16384, 99
 155, 164, 16384, 99
 155, 164, 16384, 99
 155, 164, 16384, 99
 155, 164, 16384, 99
 155, 164, 16384, 99
 155, 164, 16384, 99
 156, 142, 16384, 99
 156, 161, 16384, 99
 156, 169, 16384, 99
 156, 169, 16384, 99
 156, 169, 16384, 99
 156, 169, 16384, 99
 156, 169, 16384, 99
 156, 169, 16384, 99
 156, 169, 16384, 99
 157, 169, 16384, 99
 157, 187, 16384, 99
 157, 181, 16384, 99
 157, 181, 16384, 99
 157, 181, 16384, 99
 157, 181, 16384, 99
 157, 181, 16384, 99
 157, 181, 16384, 99
 157, 181, 16384, 99
 157, 181, 16384, 99
 158, 181, 16384, 99
 158, 229, 16384, 99
 158, 224, 16384, 99
 158, 224, 16384, 99
 158, 224, 16384, 99
 158, 224, 16384, 99
 158, 224, 16384, 99
 158, 224, 16384, 99
 158, 224, 16384, 99
 158, 224, 16384, 99
 159, 253, 16384, 98
 159, 238, 16384, 99
 159, 238, 16384, 99
 159, 238, 16384, 99
 159, 238, 16384, 99
 159, 238, 16384, 99
 159, 238, 16384, 99
 159, 238, 16384, 99
 159, 238, 16384, 99
 159, 238, 16384, 99
 160, 363, 16384, 98
 160, 366, 16384, 98
 160, 369, 16384, 98
 160, 369, 16384, 98
 160, 369, 16384, 98
 160, 369, 16384, 98
 160, 369, 16384, 98
 160, 369, 16384, 98
 160, 369, 16384, 98
 160, 369, 16384, 98
 161, 324, 16384, 98
 161, 379, 16384, 98
 161, 382, 16384, 98
 161, 382, 16384, 98
 161, 382, 16384, 98
 161, 382, 16384, 98
 161, 382, 16384, 98
 161, 382, 16384, 98
 161, 382, 16384, 98
 161, 382, 16384, 98
 162, 825, 16384, 95
 162, 825, 16384, 95
 162, 821, 16384, 95
 162, 821, 16384, 95
 162, 821, 16384, 95
 162, 821, 16384, 95
 162, 821, 16384, 95
 162, 821, 16384, 95
 162, 821, 16384, 95
 162, 821, 16384, 95
 163, 734, 16384, 96
 163, 734, 16384, 96
 163, 734, 16384, 96
 163, 734, 16384, 96
 163, 734, 16384, 96
 163, 734, 16384, 96
 163, 734, 16384, 96
 163, 734, 16384, 96
 163, 734, 16384, 96
 164, 734, 16384, 96
 164, 534, 16384, 97
 164, 505, 16384, 97
 164, 522, 16384, 97
 164, 523, 16384, 97
 164, 523, 16384, 97
 164, 523, 16384, 97
 164, 523, 16384, 97
 164, 523, 16384, 97
 164, 523, 16384, 97
 165, 523, 16384, 97
 165, 482, 16384, 97
 165, 482, 16384, 97
 165, 482, 16384, 97
 165, 482, 16384, 97
 165, 482, 16384, 97
 165, 482, 16384, 97
 165, 482, 16384, 97
 165, 482, 16384, 97
 165, 482, 16384, 97
 166, 482, 16384, 97
 166, 292, 16384, 98
 166, 314, 16384, 98
 166, 314, 16384, 98
 166, 314, 16384, 98
 166, 314, 16384, 98
 166, 314, 16384, 98
 166, 314, 16384, 98
 166, 314, 16384, 98
 166, 314, 16384, 98
 167, 314, 16384, 98
 167, 269, 16384, 98
 167, 265, 16384, 98
 167, 265, 16384, 98
 167, 265, 16384, 98
 167, 265, 16384, 98
 167, 265, 16384, 98
 167, 265, 16384, 98
 167, 265, 16384, 98
 167, 265, 16384, 98
 168, 265, 16384, 98
 168, 219, 16384, 99
 168, 219, 16384, 99
 168, 219, 16384, 99
 168, 219, 16384, 99
 168, 219, 16384, 99
 168, 219, 16384, 99
 168, 219, 16384, 99
 168, 219, 16384, 99
 168, 219, 16384, 99
 169, 219, 16384, 99
 169, 232, 16384, 99
 169, 207, 16384, 99
 169, 204, 16384, 99
 169, 204, 16384, 99
 169, 204, 16384, 99
 169, 204, 16384, 99
 169, 204, 16384, 99
 169, 204, 16384, 99
 169, 204, 16384, 99
 170, 184, 16384, 99
 170, 182, 16384, 99
 170, 160, 16384, 99
 170, 160, 16384, 99
 170, 160, 16384, 99
 170, 160, 16384, 99
 170, 160, 16384, 99
 170, 160, 16384, 99
 170, 160, 16384, 99
 171, 160, 16384, 99
 171, 299, 16384, 98
 171, 299, 16384, 98
 171, 299, 16384, 98
 171, 299, 16384, 98
 171, 299, 16384, 98
 171, 299, 16384, 98
 171, 299, 16384, 98
 171, 299, 16384, 98
 171, 299, 16384, 98
 172, 299, 16384, 98
 172, 207, 16384, 99
 172, 234, 16384, 99
 172, 234, 16384, 99
 172, 234, 16384, 99
 172, 234, 16384, 99
 172, 234, 16384, 99
 172, 234, 16384, 99
 172, 234, 16384, 99
 172, 234, 16384, 99
 173, 234, 16384, 99
 173, 280, 16384, 98
 173, 291, 16384, 98
 173, 296, 16384, 98
 173, 296, 16384, 98
 173, 296, 16384, 98
 173, 296, 16384, 98
 173, 296, 16384, 98
 173, 296, 16384, 98
 173, 296, 16384, 98
 174, 296, 16384, 98
 174, 330, 16384, 98
 174, 321, 16384, 98
 174, 321, 16384, 98
 174, 321, 16384, 98
 174, 321, 16384, 98
 174, 321, 16384, 98
 174, 321, 16384, 98
 174, 321, 16384, 98
 174, 321, 16384, 98
 175, 321, 16384, 98
 175, 266, 16384, 98
 175, 255, 16384, 98
 175, 260, 16384, 98
 175, 260, 16384, 98
 175, 260, 16384, 98
 175, 260, 16384, 98
 175, 260, 16384, 98
 175, 260, 16384, 98
 175, 260, 16384, 98
 176, 260, 16384, 98
 176, 233, 16384, 99
 176, 230, 16384, 99
 176, 230, 16384, 99
 176, 230, 16384, 99
 176, 230, 16384, 99
 176, 230, 16384, 99
 176, 230, 16384, 99
 176, 230, 16384, 99
 176, 230, 16384, 99
 177, 230, 16384, 99
 177, 151, 16384, 99
 177, 136, 16384, 99
 177, 155, 16384, 99
 177, 135, 16384, 99
 177, 135, 16384, 99
 177, 135, 16384, 99
 177, 135, 16384, 99
 177, 135, 16384, 99
 178, 135, 16384, 99
 178, 135, 16384, 99
 178, 160, 16384, 99
 178, 162, 16384, 99
 178, 162, 16384, 99
 178, 162, 16384, 99
 178, 162, 16384, 99
 178, 162, 16384, 99
 178, 162, 16384, 99
 178, 162, 16384, 99
 179, 162, 16384, 99
 179, 162, 16384, 99
 179, 122, 16384, 99
 179, 121, 16384, 99
 179, 121, 16384, 99
 179, 121, 16384, 99
 179, 121, 16384, 99
 179, 121, 16384, 99
 179, 121, 16384, 99
 179, 121, 16384, 99
 180, 121, 16384, 99
 180, 127, 16384, 99
 180, 118, 16384, 99
 180, 91, 16384, 99
 180, 91, 16384, 99
 180, 91, 16384, 99
 180, 91, 16384, 99
 180, 91, 16384, 99
 180, 91, 16384, 99
 180, 91, 16384, 99
 181, 91, 16384, 99
 181, 205, 16384, 99
 181, 198, 16384, 99
 181, 197, 16384, 99
 181, 197, 16384, 99
 181, 197, 16384, 99
 181, 197, 16384, 99
 181, 197, 16384, 99
 181, 197, 16384, 99
 182, 197, 16384, 99
 182, 197, 16384, 99
 182, 254, 16384, 98
 182, 268, 16384, 98
 182, 273, 16384, 98
 182, 281, 16384, 98
 182, 281, 16384, 98
 182, 281, 16384, 98
 182, 281, 16384, 98
 182, 281, 16384, 98
 183, 281, 16384, 98
 183, 281, 16384, 98
 183, 427, 16384, 97
 183, 361, 16384, 98
 183, 356, 16384, 98
 183, 356, 16384, 98
 183, 356, 16384, 98
 183, 356, 16384, 98
 183, 356, 16384, 98
 183, 356, 16384, 98
 184, 356, 16384, 98
 184, 356, 16384, 98
 184, 367, 16384, 98
 184, 366, 16384, 98
 184, 361, 16384, 98
 184, 361, 16384, 98
 184, 361, 16384, 98
 184, 361, 16384, 98
 184, 361, 16384, 98
 184, 361, 16384, 98
 185, 361, 16384, 98
 185, 361, 16384, 98
 185, 355, 16384, 98
 185, 352, 16384, 98
 185, 347, 16384, 98
 185, 347, 16384, 98
 185, 347, 16384, 98
 185, 347, 16384, 98
 185, 347, 16384, 98
 185, 347, 16384, 98
 186, 347, 16384, 98
 186, 347, 16384, 98
 186, 355, 16384, 98
 186, 366, 16384, 98
 186, 366, 16384, 98
 186, 366, 16384, 98
 186, 366, 16384, 98
 186, 366, 16384, 98
 186, 366, 16384, 98
 187, 366, 16384, 98
 187, 366, 16384, 98
 187, 366, 16384, 98
 187, 300, 16384, 98
 187, 304, 16384, 98
 187, 319, 16384, 98
 187, 319, 16384, 98
 187, 319, 16384, 98
 187, 319, 16384, 98
 187, 319, 16384, 98
 188, 319, 16384, 98
 188, 319, 16384, 98
 188, 319, 16384, 98
 188, 273, 16384, 98
 188, 256, 16384, 98
 188, 256, 16384, 98
 188, 256, 16384, 98
 188, 256, 16384, 98
 188, 256, 16384, 98
 189, 256, 16384, 98
 189, 256, 16384, 98
 189, 256, 16384, 98
 189, 256, 16384, 98
 189, 272, 16384, 98
 189, 308, 16384, 98
 189, 309, 16384, 98
 189, 309, 16384, 98
 189, 309, 16384, 98
 189, 309, 16384, 98
 190, 309, 16384, 98
 190, 309, 16384, 98
 190, 309, 16384, 98
 190, 309, 16384, 98
 190, 325, 16384, 98
 190, 356, 16384, 98
 190, 356, 16384, 98
 190, 356, 16384, 98
 190, 356, 16384, 98
 190, 356, 16384, 98
 191, 356, 16384, 98
 191, 356, 16384, 98
 191, 356, 16384, 98
 191, 356, 16384, 98
 191, 237, 16384, 99
 191, 190, 16384, 99
 191, 197, 16384, 99
 191, 208, 16384, 99
 191, 208, 16384, 99
 191, 208, 16384, 99
 192, 208, 16384, 99
 192, 208, 16384, 99
 192, 208, 16384, 99
 192, 208, 16384, 99
 192, 250, 16384, 98
 192, 280, 16384, 98
 192, 294, 16384, 98
 192, 294, 16384, 98
 192, 294, 16384, 98
 193, 294, 16384, 98
 193, 294, 16384, 98
 193, 294, 16384, 98
 193, 294, 16384, 98
 193, 371, 16384, 98
 193, 371, 16384, 98
 193, 371, 16384, 98
 193, 371, 16384, 98
 193, 371, 16384, 98
 194, 371, 16384, 98
 194, 371, 16384, 98
 194, 371, 16384, 98
 194, 371, 16384, 98
 194, 371, 16384, 98
 194, 344, 16384, 98
 194, 344, 16384, 98
 194, 344, 16384, 98
 194, 344, 16384, 98
 194, 344, 16384, 98
 195, 344, 16384, 98
 195, 344, 16384, 98
 195, 344, 16384, 98
 195, 344, 16384, 98
 195, 336, 16384, 98
 195, 336, 16384, 98
 195, 336, 16384, 98
 195, 336, 16384, 98
 195, 336, 16384, 98
 196, 336, 16384, 98
 196, 336, 16384, 98
 196, 336, 16384, 98
 196, 336, 16384, 98
 196, 291, 16384, 98
 196, 304, 16384, 98
 196, 249, 16384, 98
 196, 259, 16384, 98
 196, 259, 16384, 98
 197, 259, 16384, 98
 197, 259, 16384, 98
 197, 259, 16384, 98
 197, 259, 16384, 98
 197, 259, 16384, 98
 197, 249, 16384, 98
 197, 279, 16384, 98
 197, 313, 16384, 98
 197, 313, 16384, 98
 197, 313, 16384, 98
 198, 313, 16384, 98
 198, 313, 16384, 98
 198, 313, 16384, 98
 198, 313, 16384, 98
 198, 313, 16384, 98
 198, 286, 16384, 98
 198, 258, 16384, 98
 198, 290, 16384, 98
 198, 290, 16384, 98
 198, 290, 16384, 98
 199, 290, 16384, 98
 199, 290, 16384, 98
 199, 290, 16384, 98
 199, 290, 16384, 98
 199, 290, 16384, 98
 199, 279, 16384, 98
 199, 279, 16384, 98
 199, 279, 16384, 98
 199, 279, 16384, 98
 199, 279, 16384, 98
 200, 279, 16384, 98
 200, 279, 16384, 98
 200, 279, 16384, 98
 200, 279, 16384, 98
 200, 299, 16384, 98
 200, 300, 16384, 98
 200, 295, 16384, 98
 200, 295, 16384, 98
 200, 295, 16384, 98
 201, 295, 16384, 98
 201, 295, 16384, 98
 201, 295, 16384, 98
 201, 295, 16384, 98
 201, 295, 16384, 98
 201, 291, 16384, 98
 201, 308, 16384, 98
 201, 308, 16384, 98
 201, 308, 16384, 98
 201, 308, 16384, 98
 202, 308, 16384, 98
 202, 308, 16384, 98
 202, 308, 16384, 98
 202, 308, 16384, 98
 202, 308, 16384, 98
 202, 381, 16384, 98
 202, 383, 16384, 98
 202, 383, 16384, 98
 202, 383, 16384, 98
 202, 383, 16384, 98
 203, 383, 16384, 98
 203, 383, 16384, 98
 203, 383, 16384, 98
 203, 383, 16384, 98
 203, 383, 16384, 98
 203, 267, 16384, 98
 203, 267, 16384, 98
 203, 267, 16384, 98
 203, 267, 16384, 98
 203, 267, 16384, 98
 204, 267, 16384, 98
 204, 267, 16384, 98
 204, 267, 16384, 98
 204, 267, 16384, 98
 204, 267, 16384, 98
 204, 272, 16384, 98
 204, 274, 16384, 98
 204, 274, 16384, 98
 204, 274, 16384, 98
 204, 274, 16384, 98
 205, 274, 16384, 98
 205, 274, 16384, 98
 205, 274, 16384, 98
 205, 274, 16384, 98
 205, 274, 16384, 98
 205, 297, 16384, 98
 205, 297, 16384, 98
 205, 297, 16384, 98
 205, 297, 16384, 98
 206, 297, 16384, 98
 206, 297, 16384, 98
 206, 297, 16384, 98
 206, 297, 16384, 98
 206, 297, 16384, 98
 206, 297, 16384, 98
 206, 270, 16384, 98
 206, 270, 16384, 98
 206, 270, 16384, 98
 206, 270, 16384, 98
 207, 270, 16384, 98
 207, 270, 16384, 98
 207, 270, 16384, 98
 207, 270, 16384, 98
 207, 270, 16384, 98
 207, 258, 16384, 98
 207, 258, 16384, 98
 207, 256, 16384, 98
 207, 256, 16384, 98
 207, 256, 16384, 98
 208, 256, 16384, 98
 208, 256, 16384, 98
 208, 256, 16384, 98
 208, 256, 16384, 98
 208, 256, 16384, 98
 208, 310, 16384, 98
 208, 289, 16384, 98
 208, 275, 16384, 98
 208, 275, 16384, 98
 208, 275, 16384, 98
 209, 275, 16384, 98
 209, 275, 16384, 98
 209, 275, 16384, 98
 209, 275, 16384, 98
 209, 275, 16384, 98
 209, 256, 16384, 98
 209, 256, 16384, 98
 209, 256, 16384, 98
 209, 256, 16384, 98
 209, 256, 16384, 98
 210, 256, 16384, 98
 210, 256, 16384, 98
 210, 256, 16384, 98
 210, 256, 16384, 98
 210, 256, 16384, 98
 210, 281, 16384, 98
 210, 295, 16384, 98
 210, 308, 16384, 98
 210, 308, 16384, 98
 211, 308, 16384, 98
 211, 308, 16384, 98
 211, 308, 16384, 98
 211, 308, 16384, 98
 211, 308, 16384, 98
 211, 403, 16384, 98
 211, 363, 16384, 98
 211, 341, 16384, 98
 211, 331, 16384, 98
 211, 331, 16384, 98
 212, 331, 16384, 98
 212, 331, 16384, 98
 212, 331, 16384, 98
 212, 331, 16384, 98
 212, 331, 16384, 98
 212, 250, 16384, 98
 212, 250, 16384, 98
 212, 250, 16384, 98
 212, 250, 16384, 98
 213, 250, 16384, 98
 213, 250, 16384, 98
 213, 250, 16384, 98
 213, 250, 16384, 98
 213, 250, 16384, 98
 213, 250, 16384, 98
 213, 228, 16384, 99
 213, 257, 16384, 98
 213, 268, 16384, 98
 213, 276, 16384, 98
 214, 276, 16384, 98
 214, 276, 16384, 98
 214, 276, 16384, 98
 214, 276, 16384, 98
 214, 276, 16384, 98
 214, 486, 16384, 97
 214, 478, 16384, 97
 214, 478, 16384, 97
 214, 478, 16384, 97
 215, 478, 16384, 97
 215, 478, 16384, 97
 215, 478, 16384, 97
 215, 478, 16384, 97
 215, 478, 16384, 97
 215, 478, 16384, 97
 215, 146, 16384, 99
 215, 149, 16384, 99
 215, 149, 16384, 99
 215, 149, 16384, 99
 216, 149, 16384, 99
 216, 149, 16384, 99
 216, 149, 16384, 99
 216, 149, 16384, 99
 216, 149, 16384, 99
 216, 149, 16384, 99
 216, 329, 16384, 98
 216, 316, 16384, 98
 216, 316, 16384, 98
 216, 316, 16384, 98
 217, 316, 16384, 98
 217, 316, 16384, 98
 217, 316, 16384, 98
 217, 316, 16384, 98
 217, 316, 16384, 98
 217, 316, 16384, 98
 217, 228, 16384, 99
 217, 243, 16384, 99
 217, 243, 16384, 99
 217, 243, 16384, 99
 218, 243, 16384, 99
 218, 243, 16384, 99
 218, 243, 16384, 99
 218, 243, 16384, 99
 218, 243, 16384, 99
 218, 243, 16384, 99
 218, 319, 16384, 98
 218, 310, 16384, 98
 218, 288, 16384, 98
 218, 288, 16384, 98
 219, 288, 16384, 98
 219, 288, 16384, 98
 219, 288, 16384, 98
 219, 288, 16384, 98
 219, 288, 16384, 98
 219, 288, 16384, 98
 219, 308, 16384, 98
 219, 285, 16384, 98
 219, 285, 16384, 98
 219, 285, 16384, 98
 220, 285, 16384, 98
 220, 285, 16384, 98
 220, 285, 16384, 98
 220, 285, 16384, 98
 220, 285, 16384, 98
 220, 285, 16384, 98
 220, 276, 16384, 98
 220, 255, 16384, 98
 220, 269, 16384, 98
 220, 269, 16384, 98
 221, 269, 16384, 98
 221, 269, 16384, 98
 221, 269, 16384, 98
 221, 269, 16384, 98
 221, 269, 16384, 98
 221, 269, 16384, 98
 221, 296, 16384, 98
 221, 385, 16384, 98
 221, 385, 16384, 98
 221, 385, 16384, 98
 222, 385, 16384, 98
 222, 385, 16384, 98
 222, 385, 16384, 98
 222, 385, 16384, 98
 222, 385, 16384, 98
 222, 385, 16384, 98
 222, 179, 16384, 99
 222, 200, 16384, 99
 222, 217, 16384, 99
 222, 225, 16384, 99
 223, 225, 16384, 99
 223, 225, 16384, 99
 223, 225, 16384, 99
 223, 225, 16384, 99
 223, 225, 16384, 99
 223, 225, 16384, 99
 223, 284, 16384, 98
 223, 284, 16384, 98
 223, 284, 16384, 98
 224, 284, 16384, 98
 224, 284, 16384, 98
 224, 284, 16384, 98
 224, 284, 16384, 98
 224, 284, 16384, 98
 224, 284, 16384, 98
 224, 284, 16384, 98
 224, 377, 16384, 98
 224, 287, 16384, 98
 224, 431, 16384, 97
 225, 431, 16384, 97
 225, 431, 16384, 97
 225, 431, 16384, 97
 225, 431, 16384, 97
 225, 431, 16384, 97
 225, 431, 16384, 97
 225, 431, 16384, 97
 225, 263, 16384, 98
 225, 263, 16384, 98
 225, 263, 16384, 98
 226, 263, 16384, 98
 226, 263, 16384, 98
 226, 263, 16384, 98
 226, 263, 16384, 98
 226, 263, 16384, 98
 226, 263, 16384, 98
 226, 263, 16384, 98
 226, 281, 16384, 98
 226, 315, 16384, 98
 226, 310, 16384, 98
 227, 301, 16384, 98
 227, 301, 16384, 98
 227, 301, 16384, 98
 227, 301, 16384, 98
 227, 301, 16384, 98
 227, 301, 16384, 98
 227, 301, 16384, 98
 227, 342, 16384, 98
 227, 342, 16384, 98
 227, 342, 16384, 98
 228, 342, 16384, 98
 228, 342, 16384, 98
 228, 342, 16384, 98
 228, 342, 16384, 98
 228, 342, 16384, 98
 228, 342, 16384, 98
 228, 342, 16384, 98
 228, 263, 16384, 98
 228, 202, 16384, 99
 228, 203, 16384, 99
 229, 203, 16384, 99
 229, 203, 16384, 99
 229, 203, 16384, 99
 229, 203, 16384, 99
 229, 203, 16384, 99
 229, 203, 16384, 99
 229, 203, 16384, 99
 229, 313, 16384, 98
 229, 313, 16384, 98
 229, 313, 16384, 98
 230, 313, 16384, 98
 230, 313, 16384, 98
 230, 313, 16384, 98
 230, 313, 16384, 98
 230, 313, 16384, 98
 230, 313, 16384, 98
 230, 313, 16384, 98
 230, 199, 16384, 99
 230, 202, 16384, 99
 230, 202, 16384, 99
 231, 202, 16384, 99
 231, 202, 16384, 99
 231, 202, 16384, 99
 231, 202, 16384, 99
 231, 202, 16384, 99
 231, 202, 16384, 99
 231, 202, 16384, 99
 231, 207, 16384, 99
 231, 235, 16384, 99
 231, 215, 16384, 99
 232, 223, 16384, 99
 232, 223, 16384, 99
 232, 223, 16384, 99
 232, 223, 16384, 99
 232, 223, 16384, 99
 232, 223, 16384, 99
 232, 289, 16384, 98
 232, 289, 16384, 98
 232, 289, 16384, 98
 233, 289, 16384, 98
 233, 289, 16384, 98
 233, 289, 16384, 98
 233, 289, 16384, 98
 233, 289, 16384, 98
 233, 289, 16384, 98
 233, 289, 16384, 98
 233, 232, 16384, 99
 233, 232, 16384, 99
 233, 232, 16384, 99
 234, 232, 16384, 99
 234, 232, 16384, 99
 234, 232, 16384, 99
 234, 232, 16384, 99
 234, 232, 16384, 99
 234, 232, 16384, 99
 234, 232, 16384, 99
 234, 575, 16384, 96
 234, 557, 16384, 97
 234, 557, 16384, 97
 235, 557, 16384, 97
 235, 557, 16384, 97
 235, 557, 16384, 97
 235, 557, 16384, 97
 235, 557, 16384, 97
 235, 557, 16384, 97
 235, 557, 16384, 97
 235, 272, 16384, 98
 235, 293, 16384, 98
 235, 263, 16384, 98
 236, 262, 16384, 98
 236, 262, 16384, 98
 236, 262, 16384, 98
 236, 262, 16384, 98
 236, 262, 16384, 98
 236, 262, 16384, 98
 236, 262, 16384, 98
 236, 559, 16384, 97
 236, 537, 16384, 97
 236, 535, 16384, 97
 237, 535, 16384, 97
 237, 535, 16384, 97
 237, 535, 16384, 97
 237, 535, 16384, 97
 237, 535, 16384, 97
 237, 535, 16384, 97
 237, 535, 16384, 97
 237, 464, 16384, 97
 237, 464, 16384, 97
 237, 464, 16384, 97
 238, 464, 16384, 97
 238, 464, 16384, 97
 238, 464, 16384, 97
 238, 464, 16384, 97
 238, 464, 16384, 97
 238, 464, 16384, 97
 238, 464, 16384, 97
 238, 473, 16384, 97
 238, 414, 16384, 97
 238, 414, 16384, 97
 239, 414, 16384, 97
 239, 414, 16384, 97
 239, 414, 16384, 97
 239, 414, 16384, 97
 239, 414, 16384, 97
 239, 414, 16384, 97
 239, 414, 16384, 97
 239, 144, 16384, 99
 239, 150, 16384, 99
 239, 150, 16384, 99
 240, 150, 16384, 99
 240, 150, 16384, 99
 240, 150, 16384, 99
 240, 150, 16384, 99
 240, 150, 16384, 99
 240, 150, 16384, 99
 240, 150, 16384, 99
 240, 263, 16384, 98
 240, 445, 16384, 97
 240, 791, 16384, 95
 241, 791, 16384, 95
 241, 791, 16384, 95
 241, 791, 16384, 95
 241, 791, 16384, 95
 241, 791, 16384, 95
 241, 791, 16384, 95
 241, 791, 16384, 95
 241, 719, 16384, 96
 241, 719, 16384, 96
 241, 719, 16384, 96
 242, 719, 16384, 96
 242, 719, 16384, 96
 242, 719, 16384, 96
 242, 719, 16384, 96
 242, 719, 16384, 96
 242, 719, 16384, 96
 242, 719, 16384, 96
 242, 166, 16384, 99
 242, 166, 16384, 99
 242, 166, 16384, 99
 243, 166, 16384, 99
 243, 166, 16384, 99
 243, 166, 16384, 99
 243, 166, 16384, 99
 243, 166, 16384, 99
 243, 166, 16384, 99
 243, 166, 16384, 99
 243, 234, 16384, 99
 243, 234, 16384, 99
 244, 234, 16384, 99
 244, 234, 16384, 99
 244, 234, 16384, 99
 244, 234, 16384, 99
 244, 234, 16384, 99
 244, 234, 16384, 99
 244, 234, 16384, 99
 244, 234, 16384, 99
 244, 234, 16384, 99
 244, 198, 16384, 99
 245, 198, 16384, 99
 245, 198, 16384, 99
 245, 198, 16384, 99
 245, 198, 16384, 99
 245, 198, 16384, 99
 245, 198, 16384, 99
 245, 198, 16384, 99
 245, 198, 16384, 99
 245, 253, 16384, 98
 245, 172, 16384, 99
 246, 242, 16384, 99
 246, 228, 16384, 99
 246, 228, 16384, 9 1 246, 228, 16384, 2,  246, 228, 1638 2, 22 246, 228, 16 2, 228, 246, 228,  2, 228, 1 246, 228 2, 241, 163 246, 2 2, 244, 16384 247, 2, 229, 16384,  24 2, 229, 16384, 99  2, 229, 16384, 99
 3, 229, 16384, 99
 3, 229, 16384, 99
 3, 229, 16384, 99
 3, 229, 16384, 99
 3, 229, 16384, 99
 3, 198, 16384, 99
 3, 254, 16384, 98
 3, 247, 16384, 98
 3, 247, 16384, 98
 3, 247, 16384, 98
 4, 247, 16384, 98
 4, 247, 16384, 98
 4, 247, 16384, 98
 4, 247, 16384, 98
 4, 247, 16384, 98
 4, 160, 16384, 99
 4, 177, 16384, 99
 4, 213, 16384, 99
 4, 213, 16384, 99
 4, 213, 16384, 99
 5, 213, 16384, 99
 5, 213, 16384, 99
 5, 213, 16384, 99
 5, 213, 16384, 99
 5, 213, 16384, 99
 5, 199, 16384, 99
 5, 189, 16384, 99
 5, 189, 16384, 99
 5, 189, 16384, 99
 5, 189, 16384, 99
 6, 189, 16384, 99
 6, 189, 16384, 99
 6, 189, 16384, 99
 6, 189, 16384, 99
 6, 189, 16384, 99
 6, 198, 16384, 99
 6, 204, 16384, 99
 6, 204, 16384, 99
 6, 204, 16384, 99
 6, 204, 16384, 99
 7, 204, 16384, 99
 7, 204, 16384, 99
 7, 204, 16384, 99
 7, 204, 16384, 99
 7, 204, 16384, 99
 7, 215, 16384, 99
 7, 229, 16384, 99
 7, 229, 16384, 99
 7, 229, 16384, 99
 7, 229, 16384, 99
 8, 229, 16384, 99
 8, 229, 16384, 99
 8, 229, 16384, 99
 8, 229, 16384, 99
 8, 229, 16384, 99
 8, 186, 16384, 99
 8 8, 200, 16384, 9 8, 203, 16384, 99
 8, 203, 16384, 99
 8, 203, 16384, 99
 9, 203, 16384, 99
 9, 203, 16384, 99
 9, 203, 16384, 99
 9, 203, 16384, 99
 9, 203, 16384, 99
 9, 278, 16384, 98
 9, 260, 16384, 98
 9, 260, 16384, 98
 9, 260, 16384, 98
 9, 260, 16384, 98
 10, 260, 16384, 98
 10, 260, 16384, 98
 10, 260, 16384, 98
 10, 260, 16384, 98
 10, 260, 16384, 98
 10, 149, 16384, 99
 10, 219, 16384, 99
 10, 258, 16384, 98
 10, 258, 16384, 98
 10, 258, 16384, 98
 11, 258, 16384, 98
 11, 258, 16384, 98
 11, 258, 16384, 98
 11, 258, 16384, 98
 11, 258, 16384, 98
 11, 198, 16384, 99
 11, 245, 16384, 99
 11, 245, 16384, 99
 11, 245, 16384, 99
 12, 245, 16384, 99
 12, 245, 16384, 99
 12, 245, 16384, 99
 12, 245, 16384, 99
 12, 245, 16384, 99
 12, 182, 16384, 99
 12, 194, 16384, 99
 12, 194, 16384, 99
 12, 194, 16384, 99
 13, 194, 16384, 99
 13, 194, 16384, 99
 13, 194, 16384, 99
 13, 194, 16384, 99
 13, 194, 16384, 99
 13, 280, 16384, 98
 13, 282, 16384, 98
 13, 246, 16384, 98
 13, 246, 16384, 98
 14, 246, 16384, 98
 14, 246, 16384, 98
 14, 246, 16384, 98
 14, 246, 16384, 98
 14, 246, 16384, 98
 14, 246, 16384, 98
 14, 250, 16384, 98
 14, 251, 16384, 98
 14, 251, 16384, 98
 15, 251, 16384, 98
 15, 251, 16384, 98
 15, 251, 16384, 98
 15, 251, 16384, 98
 15, 251, 16384, 98
 15, 251, 16384, 98
 15, 229, 16384, 99
 15, 200, 16384, 99
 15, 204, 16384, 99
 15, 204, 16384, 99
 16, 204, 16384, 99
 16, 204, 16384, 99
 16, 204, 16384, 99
 16, 204, 16384, 99
 16, 204, 16384, 99
 16, 204, 16384, 99
 16, 273, 16384, 98
 16, 270, 16384, 98
 16, 279, 16384, 98
 16, 279, 16384, 98
 17, 279, 16384, 98
 17, 279, 16384, 98
 17, 279, 16384, 98
 17, 279, 16384, 98
 17, 279, 16384, 98
 17, 279, 16384, 98
 17, 2571, 16384, 84
 17, 2544, 16384, 84
 17, 2544, 16384, 84
 18, 2544, 16384, 84
 18, 2544, 16384, 84
 18, 2544, 16384, 84
 18, 2544, 16384, 84
 18, 2544, 16384, 84
 18, 2544, 16384, 84
 18, 2544, 16384, 84
 18, 1755, 16384, 89
 18, 1694, 16384, 90
 18, 1694, 16384, 90
 19, 1694, 16384, 90
 19, 1694, 16384, 90
 19, 1694, 16384, 90
 19, 1694, 16384, 90
 19, 1694, 16384, 90
 19, 1694, 16384, 90
 19, 1694, 16384, 90
 19, 1149, 16384, 93
 19, 1166, 16384, 93
 19, 1166, 16384, 93
 20, 1166, 16384, 93
 20, 1166, 16384, 93
 20, 1166, 16384, 93
 20, 1166, 16384, 93
 20, 1166, 16384, 93
 20, 1166, 16384, 93
 20, 1166, 16384, 93
 20, 320, 16384, 98
 20, 376, 16384, 98
 20, 374, 16384, 98
 21, 374, 16384, 98
 21, 374, 16384, 98
 21, 374, 16384, 98
 21, 374, 16384, 98
 21, 374, 16384, 98
 21, 374, 16384, 98
 21, 374, 16384, 98
 21, 373, 16384, 98
 21, 387, 16384, 98
 22, 387, 16384, 98
 22, 387, 16384, 98
 22, 387, 16384, 98
 22, 387, 16384, 98
 22, 387, 16384, 98
 22, 387, 16384, 98
 22, 387, 16384, 98
 22, 387, 16384, 98
 22, 376, 16384, 98
 23, 376, 16384, 98
 23, 376, 16384, 98
 23, 376, 16384, 98
 23, 376, 16384, 98
 23, 376, 16384, 98
 23, 376, 16384, 98
 23, 376, 16384, 98
 23, 376, 16384, 98
 23, 388, 16384, 98
 23, 402, 16384, 98
 24, 402, 16384, 98
 24, 402, 16384, 98
 24, 402, 16384, 98
 24, 402, 16384, 98
 24, 402, 16384, 98
 24, 402, 16384, 98
 24, 402, 16384, 98
 24, 402, 16384, 98
 24, 223, 16384, 99
 25, 241, 16384, 99
 25, 241, 16384, 99
 25, 241, 16384, 99
 25, 241, 16384, 99
 25, 241, 16384, 99
 25, 241, 16384, 99
 25, 241, 16384, 99
 25, 241, 16384, 99
 25, 241, 16384, 99
 25, 221, 16384, 99
 26, 221, 16384, 99
 26, 221, 16384, 99
 26, 221, 16384, 99
 26, 221, 16384, 99
 26, 221, 16384, 99
 26, 221, 16384, 99
 26, 221, 16384, 99
 26, 221, 16384, 99
 26, 221, 16384, 99
 26, 238, 16384, 99
 27, 247, 16384, 98
 27, 238, 16384, 99
 27, 238, 16384, 99
 2 27, 238, 16384, 9 27, 238, 16384, 99
 27, 238, 16384, 99
 27, 238, 16384, 99
 27, 238, 16384, 99
 28, 268, 16384, 98
 28, 254, 16384, 98
 28, 254, 16384, 98
 28, 254, 16384, 98
 28, 254, 16384, 98
 28, 254, 16384, 98
 28, 254, 16384, 98
 28, 254, 16384, 98
 28, 254, 16384, 98
 29, 153, 16384, 99
 2 29, 179, 16384, 9 2 29, 179, 16384, 9 29, 179, 16384, 99
 29, 179, 16384, 99
 29, 179, 16384, 99
 29, 179, 16384, 99
 29, 179, 16384, 99
 29, 179, 16384, 99
 30, 230, 16384, 99
 30, 248, 16384, 98
 30, 248, 16384, 98
 30, 248, 16384, 98
 30, 248, 16384, 98
 30, 248, 16384, 98
 30, 248, 16384, 98
 30, 248, 16384, 98
 30, 248, 16384, 98
 31, 289, 16384, 98
 31, 281, 16384, 98
 31, 254, 16384, 98
 31, 252, 16384, 98
 31, 252, 16384, 98
 31, 252, 16384, 98
 31, 252, 16384, 98
 31, 252, 16384, 98
 31, 252, 16384, 98
 31, 252, 16384, 98
 32, 244, 16384, 99
 32, 244, 16384, 99
 32, 244, 16384, 99
 32, 244, 16384, 99
 32, 244, 16384, 99
 32, 244, 16384, 99
 32, 244, 16384, 99
 32, 244, 16384, 99
 32, 244, 16384, 99
 32, 244, 16384, 99
 33, 188, 16384, 99
 33, 189, 16384, 99
 33, 189, 16384, 99
 33, 189, 16384, 99
 33, 189, 16384, 99
 33, 189, 16384, 99
 33, 189, 16384, 99
 33, 189, 16384, 99
 33, 189, 16384, 99
 33, 189, 16384, 99
 34, 232, 16384, 99
 34, 711, 16384, 96
 34, 711, 16384, 96
 34, 711, 16384, 96
 34, 711, 16384, 96
 34, 711, 16384, 96
 34, 711, 16384, 96
 34, 711, 16384, 96
 34, 711, 16384, 96
 34, 711, 16384, 96
 35, 665, 16384, 96
 35, 609, 16384, 96
 35, 563, 16384, 97
 35, 563, 16384, 97
 35, 563, 16384, 97
 35, 563, 16384, 97
 35, 563, 16384, 97
 35, 563, 16384, 97
 35, 563, 16384, 97
 35, 563, 16384, 97
 36, 260, 16384, 98
 36, 259, 16384, 98
 36, 259, 16384, 98
 36, 259, 16384, 98
 36, 259, 16384, 98
 36, 259, 16384, 98
 36, 259, 16384, 98
 36, 259, 16384, 98
 36, 259, 16384, 98
 36, 259, 16384, 98
 37, 282, 16384, 98
 37, 215, 16384, 99
 37, 200, 16384, 99
 37, 200, 16384, 99
 37, 200, 16384, 99
 37, 200, 16384, 99
 37, 200, 16384, 99
 37, 200, 16384, 99
 37, 200, 16384, 99
 38, 200, 16384, 99
 3 38, 1452, 16384, 9 38, 1415, 16384, 91
 3 38, 1416, 16384, 9 3 38, 1416, 16384, 9 38, 1416, 16384, 91
 38, 1416, 16384, 91
 38, 1416, 16384, 91
 38, 1416, 16384, 91
 38, 1416, 16384, 91
 3 39, 1416, 16384, 9 3 39, 343, 16384, 9 39, 287, 16384, 98
 39, 312, 16384, 98
 39, 312, 16384, 98
 39, 312, 16384, 98
 3 39, 312, 16384, 9 3 39, 312, 16384, 9 3 39, 312, 16384, 9 39, 312, 16384, 98
 40, 312, 16384, 98
 40, 729, 16384, 96
 4 40, 684, 16384, 9 4 40, 659, 16384, 9 4 40, 659, 16384, 9 4 40, 659, 16384, 9 40, 659, 16384, 96
 4 40, 659, 16384, 9 4 40, 659, 16384, 9 4 40, 659, 16384, 9 4 41, 659, 16384, 9 4 41, 219, 16384, 9 4 41, 191, 16384, 9 4 41, 191, 16384, 9 4 41, 191, 16384, 9 41, 191, 16384, 99
 41, 191, 16384, 99
 41, 191, 16384, 99
 41, 191, 16384, 99
 42, 191, 16384, 99
 42, 191, 16384, 99
 42, 257, 16384, 98
 42, 257, 16384, 98
 42, 257, 16384, 98
 42, 257, 16384, 98
 42, 257, 16384, 98
 42, 257, 16384, 98
 42, 257, 16384, 98
 42, 257, 16384, 98
 43, 257, 16384, 98
 43, 201, 16384, 99
 43, 208, 16384, 99
 43, 208, 16384, 99
 43, 208, 16384, 99
 43, 208, 16384, 99
 43, 208, 16384, 99
 43, 208, 16384, 99
 43, 208, 16384, 99
 43, 208, 16384, 99
 44, 208, 16384, 99
 44, 221, 16384, 99
 44, 230, 16384, 99
 44, 230, 16384, 99
 44, 230, 16384, 99
 44, 230, 16384, 99
 44, 230, 16384, 99
 44, 230, 16384, 99
 44, 230, 16384, 99
 45, 230, 16384, 99
 45, 230, 16384, 99
 45, 301, 16384, 98
 45, 699, 16384, 96
 45, 699, 16384, 96
 45, 699, 16384, 96
 45, 699, 16384, 96
 45, 699, 16384, 96
 45, 699, 16384, 96
 45, 699, 16384, 96
 46, 699, 16384, 96
 46, 699, 16384, 96
 46, 561, 16384, 97
 46, 514, 16384, 97
 46, 455, 16384, 97
 46, 455, 16384, 97
 46, 455, 16384, 97
 46, 455, 16384, 97
 46, 455, 16384, 97
 46, 455, 16384, 97
 47, 455, 16384, 97
 47, 455, 16384, 97
 47, 242, 16384, 99
 47, 239, 16384, 99
 47, 171, 16384, 99
 47, 171, 16384, 99
 47, 171, 16384, 99
 47, 171, 16384, 99
 47, 171, 16384, 99
 47, 171, 16384, 99
 48, 171, 16384, 99
 48, 171, 16384, 99
 48, 175, 16384, 99
 48, 175, 16384, 99
 48, 175, 16384, 99
 48, 175, 16384, 99
 48, 175, 16384, 99
 48, 175, 16384, 99
 48, 175, 16384, 99
 48, 175, 16384, 99
 49, 175, 16384, 99
 49, 175, 16384, 99
 49, 128, 16384, 99
 49, 142, 16384, 99
 49, 142, 16384, 99
 49, 142, 16384, 99
 49, 142, 16384, 99
 49, 142, 16384, 99
 49, 142, 16384, 99
 49, 142, 16384, 99
 50, 142, 16384, 99
 50, 142, 16384, 99
 50, 1202, 16384, 93
 50, 1152, 16384, 93
 50, 1152, 16384, 93
 50, 1152, 16384, 93
 50, 1152, 16384, 93
 50, 1152, 16384, 93
 50, 1152, 16384, 93
 50, 1152, 16384, 93
 51, 1152, 16384, 93
 51, 1152, 16384, 93
 51, 861, 16384, 95
 51, 813, 16384, 95
 51, 813, 16384, 95
 51, 813, 16384, 95
 51, 813, 16384, 95
 51, 813, 16384, 95
 51, 813, 16384, 95
 52, 813, 16384, 95
 52, 813, 16384, 95
 52, 813, 16384, 95
 52, 335, 16384, 98
 52, 347, 16384, 98
 52, 343, 16384, 98
 52, 343, 16384, 98
 52, 343, 16384, 98
 52, 343, 16384, 98
 52, 343, 16384, 98
 53, 343, 16384, 98
 53, 343, 16384, 98
 53, 343, 16384, 98
 53, 220, 16384, 99
 53, 220, 16384, 99
 53, 220, 16384, 99
 53, 220, 16384, 99
 53, 220, 16384, 99
 53, 220, 16384, 99
 53, 220, 16384, 99
 54, 220, 16384, 99
 54, 220, 16384, 99
 54, 220, 16384, 99
 54, 265, 16384, 98
 54, 272, 16384, 98
 54, 271, 16384, 98
 54, 271, 16384, 98
 54, 271, 16384, 98
 54, 271, 16384, 98
 54, 271, 16384, 98
 55, 271, 16384, 98
 55, 271, 16384, 98
 55, 271, 16384, 98
 55, 297, 16384, 98
 55, 297, 16384, 98
 55, 297, 16384, 98
 55, 297, 16384, 98
 55, 297, 16384, 98
 55, 297, 16384, 98
 55, 297, 16384, 98
 56, 297, 16384, 98
 56, 297, 16384, 98
 56, 297, 16384, 98
 56, 273, 16384, 98
 56, 275, 16384, 98
 56, 275, 16384, 98
 56, 275, 16384, 98
 56, 275, 16384, 98
 56, 275, 16384, 98
 56, 275, 16384, 98
 57, 275, 16384, 98
 57, 275, 16384, 98
 57, 275, 16384, 98
 57, 185, 16384, 99
 57, 185, 16384, 99
 57, 185, 16384, 99
 57, 185, 16384, 99
 57, 185, 16384, 99
 57, 185, 16384, 99
 57, 185, 16384, 99
 58, 185, 16384, 99
 58, 185, 16384, 99
 58, 161, 16384, 99
 58, 154, 16384, 99
 58, 154, 16384, 99
 58, 154, 16384, 99
 58, 154, 16384, 99
 58, 154, 16384, 99
 58, 154, 16384, 99
 59, 154, 16384, 99
 59, 154, 16384, 99
 59, 154, 16384, 99
 59, 238, 16384, 99
 59, 256, 16384, 98
 59, 256, 16384, 98
 59, 256, 16384, 98
 59, 256, 16384, 98
 59, 256, 16384, 98
 60, 256, 16384, 98
 60, 256, 16384, 98
 60, 256, 16384, 98
 60, 238, 16384, 99
 60, 155, 16384, 99
 60, 155, 16384, 99
 60, 155, 16384, 99
 60, 155, 16384, 99
 60, 155, 16384, 99
 61, 155, 16384, 99
 61, 155, 16384, 99
 61, 155, 16384, 99
 61, 190, 16384, 99
 61, 183, 16384, 99
 61, 196, 16384, 99
 61, 197, 16384, 99
 61, 197, 16384, 99
 61, 197, 16384, 99
 62, 197, 16384, 99
 62, 197, 16384, 99
 62, 197, 16384, 99
 62, 197, 16384, 99
 62, 240, 16384, 99
 62, 240, 16384, 99
 62, 240, 16384, 99
 62, 240, 16384, 99
 62, 240, 16384, 99
 62, 240, 16384, 99
 63, 240, 16384, 99
 63, 240, 16384, 99
 63, 240, 16384, 99
 63, 247, 16384, 98
 63, 183, 16384, 99
 63, 169, 16384, 99
 63, 169, 16384, 99
 63, 169, 16384, 99
 63, 169, 16384, 99
 64, 169, 16384, 99
 64, 169, 16384, 99
9
 64, 169, 16384, 99
 64, 169, 16384, 99
 64, 169, 16384, 99
 64, 1775, 16384, 89
 64, 1626, 16384, 90
 64, 1478, 16384, 91
 64, 1425, 16384, 91
 64, 1425, 16384, 91
 64, 1425, 16384, 91
 65, 1425, 16384, 91
 65, 1425, 16384, 91
 65, 1425, 16384, 91
 65, 1425, 16384, 91
 65, 1989, 16384, 88
 65, 1922, 16384, 88
 65, 1849, 16384, 89
 65, 1849, 16384, 89
 65, 1849, 16384, 89
 65, 1849, 16384, 89
 66, 1849, 16384, 89
 66, 1849, 16384, 89
 66, 1849, 16384, 89
 66, 1849, 16384, 89
 66, 873, 16384, 95
 66, 640, 16384, 96
 66, 370, 16384, 98
 66, 467, 16384, 97
 66, 334, 16384, 98
 66, 334, 16384, 98
 67, 334, 16384, 98
 67, 334, 16384, 98
 67, 334, 16384, 98
 67, 334, 16384, 98
 67, 215, 16384, 99
 67, 234, 16384, 99
 67, 234, 16384, 99
 67, 234, 16384, 99
 67, 234, 16384, 99
 67, 234, 16384, 99
 68, 234, 16384, 99
 68, 234, 16384, 99
 68, 234, 16384, 99
 68, 234, 16384, 99
 68, 332, 16384, 98
 68, 344, 16384, 98
 68, 349, 16384, 98
 68, 359, 16384, 98
 68, 359, 16384, 98
 69, 359, 16384, 98
 69, 359, 16384, 98
 69, 359, 16384, 98
 69, 359, 16384, 98
 69, 359, 16384, 98
 69, 783, 16384, 95
 69, 637, 16384, 96
 69, 397, 16384, 98
 69, 397, 16384, 98
 69, 397, 16384, 98
 70, 397, 16384, 98
 70, 397, 16384, 98
 70, 397, 16384, 98
 70, 397, 16384, 98
 70, 397, 16384, 98
 70, 284, 16384, 98
 70, 298, 16384, 98
 70, 306, 16384, 98
 70, 309, 16384, 98
 70, 309, 16384, 98
 71, 309, 16384, 98
 71, 309, 16384, 98
 71, 309, 16384, 98
 71, 309, 16384, 98
 71, 309, 16384, 98
 71, 1195, 16384, 93
 71, 1150, 16384, 93
 71, 1150, 16384, 93
 71, 1150, 16384, 93
 71, 1150, 16384, 93
 72, 1150, 16384, 93
 72, 1150, 16384, 93
 72, 1150, 16384, 93
 72, 1150, 16384, 93
 72, 1150, 16384, 93
 72, 375, 16384, 98
 72, 397, 16384, 98
 72, 360, 16384, 98
 72, 360, 16384, 98
 72, 360, 16384, 98
 73, 360, 16384, 98
 73, 360, 16384, 98
 73, 360, 16384, 98
 73, 360, 16384, 98
 73, 360, 16384, 98
 73, 1145, 16384, 93
 73, 1119, 16384, 93
 73, 1031, 16384, 94
 73, 1031, 16384, 94
 74, 1031, 16384, 94
 74, 1031, 16384, 94
 74, 1031, 16384, 94
 74, 1031, 16384, 94
 74, 1031, 16384, 94
 74, 1031, 16384, 94
 74, 422, 16384, 97
 74, 318, 16384, 98
 74, 390, 16384, 98
 74, 319, 16384, 98
 75, 296, 16384, 98
 75, 296, 16384, 98
 75, 296, 16384, 98
 75, 296, 16384, 98
 75, 296, 16384, 98
 75, 296, 16384, 98
 75, 402, 16384, 98
 75, 406, 16384, 98
 75, 424, 16384, 97
 75, 262, 16384, 98
 76, 264, 16384, 98
 76, 264, 16384, 98
 76, 264, 16384, 98
 76, 264, 16384, 98
 76, 264, 16384, 98
 76, 264, 16384, 98
 76, 780, 16384, 95
 76, 602, 16384, 96
 76, 357, 16384, 98
 76, 345, 16384, 98
 77, 345, 16384, 98
 77, 345, 16384, 98
 77, 345, 16384, 98
 77, 345, 16384, 98
 77, 345, 16384, 98
 77, 345, 16384, 98
 77, 255, 16384, 98
 77, 259, 16384, 98
 77, 259, 16384, 98
 77, 259, 16384, 98
 78, 259, 16384, 98
 78, 259, 16384, 98
 78, 259, 16384, 98
 78, 259, 16384, 98
 78, 259, 16384, 98
 78, 259, 16384, 98
 78, 399, 16384, 98
 78, 305, 16384, 98
 78, 333, 16384, 98
 78, 347, 16384, 98
 79, 364, 16384, 98
 79, 364, 16384, 98
 79, 364, 16384, 98
 79, 364, 16384, 98
 79, 364, 16384, 98
 79, 364, 16384, 98
 79, 978, 16384, 94
 79, 907, 16384, 94
 79, 852, 16384, 95
 79, 827, 16384, 95
 80, 820, 16384, 95
 80, 820, 16384, 95
 80, 820, 16384, 95
 80, 820, 16384, 95
 80, 820, 16384, 95
 80, 820, 16384, 95
 80, 293, 16384, 98
 80, 232, 16384, 99
 80, 205, 16384, 99
 80, 256, 16384, 98
 81, 262, 16384, 98
 81, 262, 16384, 98
 81, 262, 16384, 98
 81, 262, 16384, 98
 81, 262, 16384, 98
 81, 262, 16384, 98
 81, 310, 16384, 98
 81, 412, 16384, 97
 81, 603, 16384, 96
 82, 386, 16384, 98
 82, 388, 16384, 98
 82, 388, 16384, 98
 82, 388, 16384, 98
 82, 388, 16384, 98
322, 259, 16384, 98
 323, 404, 16384, 98
 323, 303, 16384, 98
 323, 330, 16384, 98
 323, 354, 16384, 98
 323, 364, 16384, 98
 323, 364, 16384, 98
 323, 364, 16384, 98
 323, 364, 16384, 98
 323, 364, 16384, 98
 323, 364, 16384, 98
 324, 969, 16384, 94
 324, 916, 16384, 94
 324, 847, 16384, 95
 324, 820, 16384, 95
 324, 820, 16384, 95
 324, 820, 16384, 95
 324, 820, 16384, 95
 324, 820, 16384, 95
 324, 820, 16384, 95
 324, 820, 16384, 95
 325, 304, 16384, 98
 325, 233, 16384, 99
 325, 194, 16384, 99
 325, 262, 16384, 98
 325, 262, 16384, 98
 325, 262, 16384, 98
 325, 262, 16384, 98
 325, 262, 16384, 98
 325, 262, 16384, 98
 326, 262, 16384, 98
 326, 313, 16384, 98
 326, 631, 16384, 96
 326, 477, 16384, 97
 326, 388, 16384, 98
 326, 388, 16384, 98
 326, 388, 16384, 98
 326, 388, 16384, 98
 326, 388, 16384, 98
 1, 565, 16384, 97
 1, 551, 16384, 97
 1, 534, 16384, 97
 1, 556, 16384, 97
 2, 557, 16384, 97
 2, 580, 16384, 96
 2, 575, 16384, 96
 2, 575, 16384, 96
 2, 575, 16384, 96
 2, 575, 16384, 96
 2, 575, 16384, 96
 2, 575, 16384, 96
 2, 457, 16384, 97
 2, 494, 16384, 97
 3, 516, 16384, 97
 3, 531, 16384, 97
 3, 512, 16384, 97
 3, 512, 16384, 97
 3, 512, 16384, 97
 3, 512, 16384, 97
 3, 512, 16384, 97
 3, 512, 16384, 97
 3, 456, 16384, 97
 4, 518, 16384, 97
 4, 521, 16384, 97
 4, 521, 16384, 97
 4, 521, 16384, 97
 4, 521, 16384, 97
 4, 521, 16384, 97
 4, 521, 16384, 97
 4, 521, 16384, 97
 4, 521, 16384, 97
 4, 461, 16384, 97
 5, 456, 16384, 97
 5, 466, 16384, 97
 5, 434, 16384, 97
 5, 434, 16384, 97
 5, 434, 16384, 97
 5, 434, 16384, 97
 5, 434, 16384, 97
 5, 434, 16384, 97
 5, 477, 16384, 97
 6, 465, 16384, 97
 6, 465, 16384, 97
 6, 465, 16384, 97
 6, 465, 16384, 97
 6, 465, 16384, 97
 6, 465, 16384, 97
 6, 465, 16384, 97
 6, 465, 16384, 97
 6, 465, 16384, 97
 6, 302, 16384, 98
 7, 304, 16384, 98
 7, 304, 16384, 98
 7, 304, 16384, 98
 7, 304, 16384, 98
 7, 304, 16384, 98
 7, 304, 16384, 98
 7, 304, 16384, 98
 7, 304, 16384, 98
 7, 304, 16384, 98
 7, 310, 16384, 98
 8, 292, 16384, 98
 8, 314, 16384, 98
 8, 311, 16384, 98
 8, 311, 16384, 98
 8, 311, 16384, 98
 8, 311, 16384, 98
 8, 311, 16384, 98
 8, 311, 16384, 98
 8, 311, 16384, 98
 8, 338, 16384, 98
 9, 342, 16384, 98
 9, 342, 16384, 98
 9, 342, 16384, 98
 9, 342, 16384, 98
 9, 342, 16384, 98
 9, 342, 16384, 98
 9, 342, 16384, 98
 9, 342, 16384, 98
 9, 342, 16384, 98
 9, 292, 16384, 98
 10, 324, 16384, 98  10, 325, 16384, 9 9 10, 325, 16384,  10 10, 325, 16384,  10 10, 325, 16384,  10 10, 325, 16384,  10 10, 325, 16384,  10 10, 325, 16384,  10 10, 325, 16384,  10 10, 873, 16384,  10 11, 825, 16384,  10 11, 825, 16384,  10 11, 825, 16384,  11 11, 825, 16384,  11 11, 825, 16384,  11 11, 825, 16384,  11 11, 825, 16384,  11 11, 825, 16384,  11 11, 825, 16384,  11 12, 336, 16384,  11 12, 371, 16384,  11 12, 244, 16384,  11 12, 266, 16384,  12 12, 266, 16384,  12 12, 266, 16384,  12 12, 266, 16384,  12 12, 266, 16384,  12 12, 266, 16384,  12 12, 266, 16384,  12 13, 272, 16384,  12 13, 277, 16384,  12 13, 277, 16384,  12 13, 277, 16384,  13 13, 277, 16384,  13 13, 277, 16384,  13 13, 277, 16384,  13 13, 277, 16384,  13 13, 277, 16384,  13 13, 1260, 16384, 13, 14, 1217, 16384, 13, 14, 1114, 16384, 13, 14, 868, 16384,  14 14, 756, 16384,  14 14, 756, 16384,  14 14, 756, 16384,  14 14, 756, 16384,  14 14, 756, 16384,  14 14, 756, 16384,  14 14, 377, 16384,  14 15, 373, 16384,  14 15, 415, 16384,  14 15, 432, 16384,  15 15, 432, 16384,  15 15, 432, 16384,  15 15, 432, 16384,  15 15, 432, 16384,  15 15, 432, 16384,  15 15, 432, 16384,  15 16, 857, 16384,  15 16, 614, 16384,  15 16, 457, 16384,  15 16, 466, 16384,  16 16, 469, 16384,  16 16, 469, 16384,  16 16, 469, 16384,  16 16, 469, 16384,  16 16, 469, 16384,  16 16, 469, 16384,  16 17, 390, 16384,  16 17, 436, 16384,  16 17, 436, 16384,  16 17, 436, 16384,  17 17, 436, 16384,  17 17, 436, 16384,  17 17, 436, 16384,  17 17, 436, 16384,  17 17, 436, 16384,  17 17, 436, 16384,  17 18, 386, 16384,  17 18, 356, 16384,  17 18, 356, 16384,  17 18, 356, 16384,  18 18, 356, 16384,  18 18, 356, 16384,  18 18, 356, 16384,  18 18, 356, 16384,  18 18, 356, 16384,  18 18, 356, 16384,  18 19, 386, 16384,  18 19, 1139, 16384, 18, 19, 1139, 16384, 19, 19, 1139, 16384, 19, 19, 1139, 16384, 19, 19, 1139, 16384, 19, 19, 1139, 16384, 19, 19, 1139, 16384, 19, 19, 1139, 16384, 19, 19, 1139, 16384, 19, 20, 424, 16384, 19, 20, 422, 16384, 19, 20, 393, 16384, 20, 20, 393, 16384, 20, 20, 393, 16384, 20, 20, 393, 16384, 20, 20, 393, 16384, 20, 20, 393, 16384, 20, 20, 393, 16384, 20, 21, 393, 16384, 20, 21, 254, 16384, 20, 21, 281, 16384, 20, 21, 282, 16384, 21, 21, 307, 16384, 21, 21, 307, 16384, 21, 21, 307, 16384, 21, 21, 307, 16384, 21, 21, 307, 16384, 21, 21, 307, 16384, 21, 22, 307, 16384, 21, 22, 286, 16384, 21, 22, 342, 16384, 22, 22, 312, 16384, 22, 22, 330, 16384, 22, 22, 330, 16384, 22, 330, 16384, 98
 22, 22, 330, 16384, 22, 22, 330, 16384, 22, 22, 330, 16384, 22, 23, 330, 16384, 22, 23, 916, 16384, 22, 23, 784, 16384, 23, 23, 784, 16384, 23, 23, 784, 16384, 23, 23, 784, 16384, 23, 23, 784, 16384, 23, 23, 784, 16384, 23, 23, 784, 16384, 23, 23, 784, 16384, 23, 24, 784, 16384, 23, 24, 207, 16384, 23, 24, 221, 16384, 24, 24, 221, 16384, 24, 24, 221, 16384, 24, 24, 221, 16384, 24, 24, 221, 16384, 24, 24, 221, 16384, 24, 24, 221, 16384, 24, 24, 221, 16384, 24, 25, 221, 16384, 24, 25, 216, 16384, 24, 25, 216, 16384, 25, 25, 216, 16384, 25, 25, 216, 16384, 25, 25, 216, 16384, 25, 25, 216, 16384, 25, 25, 216, 16384, 25, 216, 16384, 99
 25, 26, 216, 16384, 25, 26, 216, 16384, 25, 26, 785, 16384, 26, 26, 753, 16384, 26, 26, 753, 16384, 26, 753, 16384, 95
 26, 753, 16384, 95
 26, 26, 753, 16384, 26, 26, 753, 16384, 26, 26, 753, 16384, 26, 27, 753, 16384, 26, 27, 753, 16384, 26, 27, 372, 16384, 27, 27, 393, 16384, 27, 27, 393, 16384, 27, 27, 393, 16384, 27, 27, 393, 16384, 27, 27, 393, 16384, 27, 27, 393, 16384, 27, 27, 393, 16384, 27, 28, 393, 16384, 27, 28, 393, 16384, 27, 28, 453, 16384, 28, 28, 453, 16384, 28, 28, 453, 16384, 28, 28, 453, 16384, 28, 28, 453, 16384, 28, 28, 453, 16384, 28, 28, 453, 16384, 28, 29, 453, 16384, 28, 29, 453, 16384, 28, 29, 453, 16384, 29, 29, 440, 16384, 29, 29, 419, 16384, 29, 29, 446, 16384, 29, 29, 446, 16384, 29, 29, 446, 16384, 29, 29, 446, 16384, 29, 29, 446, 16384, 29, 30, 446, 16384, 29, 30, 446, 16384, 29, 30, 446, 16384, 30, 30, 412, 16384, 30, 30, 412, 16384, 30, 30, 412, 16384, 30, 30, 412, 16384, 30, 30, 412, 16384, 30, 30, 412, 16384, 30, 30, 412, 16384, 30, 412, 16384, 97
 30, 31, 412, 16384, 30, 412, 16384, 97
 31, 31, 1064, 16384, 31, 1064, 16384, 94
 31, 1064, 16384, 94
 31, 1064, 16384, 94
 31, 1064, 16384, 94
 31, 1064, 16384, 94
 31, 1064, 16384, 94
 31, 32, 1064, 16384, 31, 32, 1064, 16384, 31, 1064, 16384, 94
 32, 920, 16384, 94
 32, 32, 764, 16384, 32, 32, 764, 16384, 32, 32, 764, 16384, 32, 764, 16384, 95
 32, 32, 764, 16384, 32, 32, 764, 16384, 32, 33, 764, 16384, 32, 33, 764, 16384, 32, 33, 764, 16384, 33, 33, 420, 16384, 33, 33, 420, 16384, 33, 33, 420, 16384, 33, 33, 420, 16384, 33, 33, 420, 16384, 33, 33, 420, 16384, 33, 33, 420, 16384, 33, 34, 420, 16384, 33, 34, 420, 16384, 33, 420, 16384, 97
 34, 390, 16384, 98
 34, 405, 16384, 98
 34, 405, 16384, 98
 34, 405, 16384, 98
 34, 405, 16384, 98
 34, 405, 16384, 98
 34, 405, 16384, 98
 34, 405, 16384, 98
 34, 405, 16384, 98
 34, 405, 16384, 98
 35, 478, 16384, 97
 35, 496, 16384, 97
 35, 496, 16384, 97
 35, 496, 16384, 97
 35, 496, 16384, 97
 35, 496, 16384, 97
 35, 496, 16384, 97
 35, 496, 16384, 97
 35, 496, 16384, 97
 36, 474, 16384, 97
 36, 1286, 16384, 92
 36, 1268, 16384, 92
 36, 1268, 16384, 92
 36, 1268, 16384, 92
 36, 1268, 16384, 92
 36, 1268, 16384, 92
 36, 1268, 16384, 92
 36, 1268, 16384, 92
 36, 1268, 16384, 92
 37, 510, 16384, 97
 37, 519, 16384, 97
 37, 519, 16384, 97
 37, 519, 16384, 97
 37, 519, 16384, 97
 37, 519, 16384, 97
 37, 519, 16384, 97
 37, 519, 16384, 97
 37, 519, 16384, 97
 37, 519, 16384, 97
 38, 461, 16384, 97
 38, 473, 16384, 97
 38, 491, 16384, 97
 38, 491, 16384, 97
 38, 491, 16384, 97
 38, 491, 16384, 97
 38, 491, 16384, 97
 38, 491, 16384, 97
 38, 491, 16384, 97
 39, 480, 16384, 97
 39, 491, 16384, 97
 39, 492, 16384, 97
 39, 492, 16384, 97
 39, 492, 16384, 97
 39, 492, 16384, 97
 39, 492, 16384, 97
 39, 492, 16384, 97
 39, 492, 16384, 97
 39, 492, 16384, 97
 40, 497, 16384, 97
 40, 465, 16384, 97
 40, 465, 16384, 97
 40, 465, 16384, 97
 40, 465, 16384, 97
 40, 465, 16384, 97
 40, 465, 16384, 97
 40, 465, 16384, 97
 40, 465, 16384, 97
 40, 465, 16384, 97
 41, 580, 16384, 96
 41, 582, 16384, 96
 41, 582, 16384, 96
 41, 582, 16384, 96
 41, 582, 16384, 96
 41, 582, 16384, 96
 41, 582, 16384, 96
 41, 582, 16384, 96
 41, 582, 16384, 96
 41, 582, 16384, 96
 42, 376, 16384, 98
 42, 312, 16384, 98
 42, 327, 16384, 98
 42, 327, 16384, 98
 42, 327, 16384, 98
 42, 327, 16384, 98
 42, 327, 16384, 98
 42, 327, 16384, 98
 42, 327, 16384, 98
 43, 327, 16384, 98
 43, 1427, 16384, 91
 43, 1362, 16384, 92
 43, 1362, 16384, 92
 43, 1362, 16384, 92
 43, 1362, 16384, 92
 43, 1362, 16384, 92
 43, 1362, 16384, 92
 43, 1362, 16384, 92
 43, 1362, 16384, 92
 44, 1362, 16384, 92
 44, 823, 16384, 95
 44, 821, 16384, 95
 44, 821, 16384, 95
 44, 821, 16384, 95
 44, 821, 16384, 95
 44, 821, 16384, 95
 44, 821, 16384, 95
 44, 821, 16384, 95
 44, 821, 16384, 95
 45, 821, 16384, 95
 45, 345, 16384, 98
 45, 345, 16384, 98
 45, 345, 16384, 98
 45, 345, 16384, 98
 45, 345, 16384, 98
 45, 345, 16384, 98
 45, 345, 16384, 98
 45, 345, 16384, 98
 45, 345, 16384, 98
 46, 345, 16384, 98
 46, 420, 16384, 97
 46, 510, 16384, 97
 46, 510, 16384, 97
 46, 510, 16384, 97
 46, 510, 16384, 97
 46, 510, 16384, 97
 46, 510, 16384, 97
 46, 510, 16384, 97
 46, 510, 16384, 97
 47, 510, 16384, 97
 47, 1291, 16384, 92
 47, 1317, 16384, 92
 47, 1243, 16384, 92
 47, 1243, 16384, 92
 47, 1243, 16384, 92
 47, 1243, 16384, 92
 47, 1243, 16384, 92
 47, 1243, 16384, 92
 47, 1243, 16384, 92
 48, 1243, 16384, 92
 48, 1132, 16384, 93
 48, 1105, 16384, 93
 48, 1105, 16384, 93
 48, 1105, 16384, 93
 48, 1105, 16384, 93
 48, 1105, 16384, 93
 48, 1105, 16384, 93
 48, 1105, 16384, 93
 48, 1105, 16384, 93
 49, 1105, 16384, 93
 49, 285, 16384, 98
 49, 34, 16384, 100
 49, 159, 16384, 99
 49, 159, 16384, 99
 49, 159, 16384, 99
 49, 159, 16384, 99
 49, 159, 16384, 99
 49, 159, 16384, 99
 49, 159, 16384, 99
 50, 159, 16384, 99
 50, 201, 16384, 99
 50, 223, 16384, 99
 50, 223, 16384, 99
 50, 223, 16384, 99
 50, 51, 223, 16384, 50, 51, 223, 16384, 50, 51, 223, 16384, 51, 51, 223, 16384, 51, 51, 223, 16384, 51, 51, 839, 16384, 51, 51, 839, 16384, 51, 51, 839, 16384, 51, 51, 839, 16384, 51, 51, 839, 16384, 51, 52, 839, 16384, 51, 52, 839, 16384, 51, 52, 839, 16384, 52, 52, 839, 16384, 52, 52, 839, 16384, 52, 52, 578, 16384, 52, 52, 552, 16384, 52, 52, 552, 16384, 52, 52, 552, 16384, 52, 53, 552, 16384, 52, 53, 552, 16384, 52, 53, 552, 16384, 52, 53, 552, 16384, 53, 53, 552, 16384, 53, 53, 443, 16384, 53, 53, 454, 16384, 53, 53, 454, 16384, 53, 53, 454, 16384, 53, 53, 454, 16384, 53, 54, 454, 16384, 53, 54, 454, 16384, 53, 54, 454, 16384, 54, 54, 454, 16384, 54, 54, 454, 16384, 54, 54, 368, 16384, 54, 54, 421, 16384, 54, 54, 421, 16384, 54, 54, 421, 16384, 54, 55, 421, 16384, 54, 55, 421, 16384, 54, 55, 421, 16384, 54, 55, 421, 16384, 55, 55, 421, 16384, 55, 55, 421, 16384, 55, 55, 338, 16384, 55, 55, 338, 16384, 55, 55, 338, 16384, 55, 55, 338, 16384, 55, 56, 338, 16384, 55, 56, 338, 16384, 55, 56, 338, 16384, 55, 56, 338, 16384, 56, 56, 338, 16384, 56, 56, 326, 16384, 56, 56, 350, 16384, 56, 56, 351, 16384, 56, 56, 351, 16384, 56, 56, 351, 16384, 56, 57, 351, 16384, 56, 57, 351, 16384, 56, 57, 351, 16384, 57, 57, 351, 16384, 57, 57, 351, 16384, 57, 57, 326, 16384, 57, 57, 335, 16384, 57, 57, 350, 16384, 57, 57, 346, 16384, 57, 58, 346, 16384, 57, 58, 346, 16384, 57, 58, 346, 16384, 57, 58, 346, 16384, 58, 58, 346, 16384, 58, 58, 346, 16384, 58, 58, 474, 16384, 58, 58, 474, 16384, 58, 58, 474, 16384, 58, 58, 474, 16384, 58, 59, 474, 16384, 58, 59, 474, 16384, 58, 59, 474, 16384, 58, 59, 474, 16384, 59, 59, 474, 16384, 59, 59, 474, 16384, 59, 59, 341, 16384, 59, 59, 366, 16384, 59, 59, 381, 16384, 59, 60, 381, 16384, 59, 60, 381, 16384, 59, 60, 381, 16384, 59, 60, 381, 16384, 60, 60, 381, 16384, 60, 60, 381, 16384, 60, 60, 381, 16384, 60, 60, 366, 16384, 60, 60, 307, 16384, 60, 60, 322, 16384, 60, 61, 322, 16384, 60, 61, 322, 16384, 60, 61, 322, 16384, 61, 61, 322, 16384, 61, 61, 322, 16384, 61, 61, 322, 16384, 61, 61, 221, 16384, 61, 61, 286, 16384, 61, 61, 275, 16384, 61, 62, 275, 16384, 61, 62, 275, 16384, 61, 62, 275, 16384, 61, 62, 275, 16384, 62, 62, 275, 16384, 62, 62, 275, 16384, 62, 62, 275, 16384, 62, 62, 484, 16384, 62, 62, 424, 16384, 62, 62, 401, 16384, 62, 63, 404, 16384, 62, 63, 404, 16384, 62, 63, 404, 16384, 62, 63, 404, 16384, 63, 63, 404, 16384, 63, 63, 404, 16384, 63, 63, 404, 16384, 63, 63, 408, 16384, 63, 63, 430, 16384, 63, 63, 430, 16384, 63, 64, 430, 16384, 63, 64, 430, 16384, 63, 64, 430, 16384, 63, 64, 430, 16384, 64, 64, 430, 16384, 64, 64, 430, 16384, 64, 64, 430, 16384, 64, 64, 343, 16384, 64, 64, 384, 16384, 64, 65, 369, 16384, 64, 65, 378, 16384, 64, 65, 378, 16384, 64, 65, 378, 16384, 65, 65, 378, 16384, 65, 65, 378, 16384, 65, 65, 378, 16384, 65, 65, 378, 16384, 65, 65, 379, 16384, 65, 65, 347, 16384, 65, 66, 347, 16384, 65, 66, 347, 16384, 65, 66, 347, 16384, 65, 66, 347, 16384, 66, 66, 347, 16384, 66, 66, 347, 16384, 66, 66, 347, 16384, 66, 66, 347, 16384, 66, 66, 311, 16384, 66, 66, 327, 16384, 66, 67, 327, 16384, 66, 67, 327, 16384, 66, 67, 327, 16384, 66, 67, 327, 16384, 67, 67, 327, 16384, 67, 67, 327, 16384, 67, 67, 327, 16384, 67, 67, 327, 16384, 67, 67, 322, 16384, 67, 67, 319, 16384, 67, 68, 319, 16384, 67, 68, 319, 16384, 67, 68, 319, 16384, 67, 68, 319, 16384, 68, 68, 319, 16384, 68, 68, 319, 16384, 68, 68, 319, 16384, 68, 68, 319, 16384, 68, 68, 337, 16384, 68, 68, 395, 16384, 68, 69, 395, 16384, 68, 69, 395, 16384, 68, 69, 395, 16384, 69, 69, 395, 16384, 69, 69, 395, 16384, 69, 69, 395, 16384, 69, 69, 395, 16384, 69, 69, 395, 16384, 69, 69, 307, 16384, 69, 70, 341, 16384, 69, 70, 341, 16384, 69, 70, 341, 16384, 69, 70, 341, 16384, 70, 70, 341, 16384, 70, 70, 341, 16384, 70, 70, 341, 16384, 70, 70, 341, 16384, 70, 70, 341, 16384, 70, 70, 272, 16384, 70, 71, 275, 16384, 70, 71, 265, 16384, 70, 71, 265, 16384, 70, 71, 265, 16384, 71, 71, 265, 16384, 71, 71, 265, 16384, 71, 71, 265, 16384, 71, 71, 265, 16384, 71, 71, 265, 16384, 71, 71, 457, 16384, 71, 72, 385, 16384, 71, 72, 388, 16384, 71, 72, 388, 16384, 71, 72, 388, 16384, 72, 72, 388, 16384, 72, 72, 388, 16384, 72, 72, 388, 16384, 72, 72, 388, 16384, 72, 72, 388, 16384, 72, 72, 349, 16384, 72, 73, 312, 16384, 72, 73, 319, 16384, 72, 73, 319, 16384, 73, 73, 319, 16384, 73, 73, 319, 16384, 73, 73, 319, 16384, 73, 73, 319, 16384, 73, 73, 319, 16384, 73, 73, 319, 16384, 73, 74, 320, 16384, 73, 74, 314, 16384, 73, 74, 314, 16384, 73, 74, 314, 16384, 74, 74, 314, 16384, 74, 74, 314, 16384, 74, 74, 314, 16384, 74, 74, 314, 16384, 74, 74, 314, 16384, 74, 74, 314, 16384, 74, 75, 301, 16384, 74, 75, 292, 16384, 74, 75, 292, 16384, 74, 75, 292, 16384, 75, 75, 292, 16384, 75, 75, 292, 16384, 75, 75, 292, 16384, 75, 75, 292, 16384, 75, 75, 292, 16384, 75, 75, 292, 16384, 75, 76, 299, 16384, 75, 76, 243, 16384, 75, 76, 243, 16384, 75, 76, 243, 16384, 76, 76, 243, 16384, 76, 76, 243, 16384, 76, 76, 243, 16384, 76, 76, 243, 16384, 76, 76, 243, 16384, 76, 77, 243, 16384, 76, 77, 306, 16384, 76, 77, 293, 16384, 76, 77, 281, 16384, 77, 77, 281, 16384, 77, 77, 281, 16384, 77, 77, 281, 16384, 77, 77, 281, 16384, 77, 77, 281, 16384, 77, 77, 281, 16384, 77, 78, 281, 16384, 77, 78, 327, 16384, 77, 78, 337, 16384, 77, 78, 337, 16384, 78, 78, 337, 16384, 78, 78, 337, 16384, 78, 78, 337, 16384, 78, 78, 337, 16384, 78, 78, 337, 16384, 78, 79, 337, 16384, 78, 79, 337, 16384, 78, 79, 346, 16384, 78, 79, 332, 16384, 79, 79, 331, 16384, 79, 79, 331, 16384, 79, 79, 331, 16384, 79, 79, 331, 16384, 79, 79, 331, 16384, 79, 79, 331, 16384, 79, 80, 331, 16384, 79, 80, 331, 16384, 79, 80, 323, 16384, 79, 80, 352, 16384, 80, 80, 352, 16384, 80, 80, 352, 16384, 80, 80, 352, 16384, 80, 80, 352, 16384, 80, 80, 352, 16384, 80, 80, 352, 16384, 80, 81, 352, 16384, 80, 81, 352, 16384, 80, 81, 316, 16384, 80, 81, 331, 16384, 81, 81, 331, 16384, 81, 81, 331, 16384, 81, 81, 331, 16384, 81, 81, 331, 16384, 81, 81, 331, 16384, 81, 81, 331, 16384, 81, 82, 331, 16384, 81, 82, 331, 16384, 81, 82, 327, 16384, 81, 82, 326, 16384, 82, 82, 335, 16384, 82, 82, 328, 16384, 82, 82, 328, 16384, 82, 82, 328, 16384, 82, 82, 328, 16384, 82, 82, 328, 16384, 82, 83, 328, 16384, 82, 83, 328, 16384, 82, 83, 226, 16384, 83, 83, 200, 16384, 83, 83, 200, 16384, 83, 83, 200, 16384, 83, 83, 200, 16384, 83, 83, 200, 16384, 83, 83, 200, 16384, 83, 84, 200, 16384, 83, 84, 200, 16384, 83, 84, 200, 16384, 83, 84, 256, 16384, 84, 84, 244, 16384, 84, 84, 257, 16384, 84, 84, 254, 16384, 84, 84, 254, 16384, 84, 84, 254, 16384, 84, 84, 254, 16384, 84, 85, 254, 16384, 84, 85, 254, 16384, 84, 85, 254, 16384, 84, 85, 241, 16384, 85, 85, 240, 16384, 85, 85, 240, 16384, 85, 85, 240, 16384, 85, 85, 240, 16384, 85, 85, 240, 16384, 85, 85, 240, 16384, 85, 86, 240, 16384, 85, 86, 240, 16384, 85, 86, 240, 16384, 86, 86, 232, 16384, 86, 86, 251, 16384, 86, 86, 247, 16384, 86, 86, 247, 16384, 86, 86, 247, 16384, 86, 86, 247, 16384, 86, 87, 247, 16384, 86, 87, 247, 16384, 86, 87, 247, 16384, 86, 87, 247, 16384, 87, 87, 225, 16384, 87, 87, 225, 16384, 87, 87, 225, 16384, 87, 87, 225, 16384, 87, 87, 225, 16384, 87, 87, 225, 16384, 87, 88, 225, 16384, 87, 88, 225, 16384, 87, 88, 225, 16384, 88, 88, 225, 16384, 88, 88, 217, 16384, 88, 88, 217, 16384, 88, 88, 217, 16384, 88, 88, 217, 16384, 88, 88, 217, 16384, 88, 88, 217, 16384, 88, 89, 217, 16384, 88, 89, 217, 16384, 88, 89, 217, 16384, 89, 89, 217, 16384, 89, 89, 194, 16384, 89, 89, 194, 16384, 89, 89, 194, 16384, 89, 89, 194, 16384, 89, 89, 194, 16384, 89, 90, 194, 16384, 89, 90, 194, 16384, 89, 90, 194, 16384, 89, 90, 194, 16384, 90, 90, 194, 16384, 90, 90, 176, 16384, 90, 90, 176, 16384, 90, 90, 176, 16384, 90, 90, 176, 16384, 90, 90, 176, 16384, 90, 91, 176, 16384, 90, 91, 176, 16384, 90, 91, 176, 16384, 90, 91, 176, 16384, 91, 91, 176, 16384, 91, 91, 168, 16384, 91, 91, 168, 16384, 91, 91, 168, 16384, 91, 91, 168, 16384, 91, 91, 168, 16384, 91, 92, 168, 16384, 91, 92, 168, 16384, 91, 92, 168, 16384, 92, 92, 168, 16384, 92, 92, 168, 16384, 92, 92, 240, 16384, 92, 92, 139, 16384, 92, 92, 170, 16384, 92, 92, 170, 16384, 92, 92, 170, 16384, 92, 93, 170, 16384, 92, 93, 170, 16384, 92, 93, 170, 16384, 93, 93, 170, 16384, 93, 93, 170, 16384, 93, 93, 174, 16384, 93, 93, 150, 16384, 93, 93, 166, 16384, 93, 93, 166, 16384, 93, 93, 166, 16384, 93, 94, 166, 16384, 93, 94, 166, 16384, 93, 94, 166, 16384, 94, 94, 166, 16384, 94, 94, 166, 16384, 94, 94, 146, 16384, 94, 94, 146, 16384, 94, 94, 146, 16384, 94, 94, 146, 16384, 94, 95, 146, 16384, 94, 95, 146, 16384, 94, 95, 146, 16384, 94, 95, 146, 16384, 95, 95, 146, 16384, 95, 95, 146, 16384, 95, 95, 375, 16384, 95, 95, 376, 16384, 95, 95, 376, 16384, 95, 95, 376, 16384, 95, 96, 376, 16384, 95, 96, 376, 16384, 95, 96, 376, 16384, 95, 96, 376, 16384, 96, 96, 376, 16384, 96, 96, 376, 16384, 96, 96, 261, 16384, 96, 96, 261, 16384, 96, 96, 261, 16384, 96, 96, 261, 16384, 96, 97, 261, 16384, 96, 97, 261, 16384, 96, 97, 261, 16384, 96, 97, 261, 16384, 97, 97, 261, 16384, 97, 97, 261, 16384, 97, 97, 309, 16384, 97, 97, 309, 16384, 97, 97, 309, 16384, 97, 97, 309, 16384, 97, 98, 309, 16384, 97, 98, 309, 16384, 97, 98, 309, 16384, 98, 98, 309, 16384, 98, 98, 309, 16384, 98, 98, 309, 16384, 98, 98, 383, 16384, 98, 98, 383, 16384, 98, 98, 383, 16384, 98, 99, 383, 16384, 98, 99, 383, 16384, 98, 99, 383, 16384, 98, 99, 383, 16384, 99, 99, 383, 16384, 99, 99, 383, 16384, 99, 99, 383, 16384, 99, 99, 429, 16384, 99, 99, 440, 16384, 99, 99, 440, 16384, 99, 100, 440, 16384 99,  100, 440, 1638 99, 4 100, 440, 163 100, 4 100, 440, 163 100, 4 100, 440, 163 100, 4 100, 440, 163 100, 4 100, 440, 163 100, 4 100, 425, 163 100, 4 100, 425, 163 100, 4 100, 425, 163 100, 4 101, 425, 163 100, 4 101, 425, 163 100, 4 101, 425, 163 101, 4 101, 425, 163 101, 4 101, 425, 163 101, 4 101, 425, 163 101, 4 101, 425, 163 101, 3 101, 354, 163 101, 3 101, 354, 163 101, 3 102, 354, 163 101, 3 102, 354, 163 101, 3 102, 354, 163 101, 3 102, 354, 163 102, 3 102, 354, 163 102, 3 102, 354, 163 102, 3 102, 354, 163 102, 3 102, 340, 163 102, 3 102, 354, 163 102, 3 102, 354, 163 102, 3 103, 354, 163 102, 3 103, 354, 163 102, 3 103, 354, 163 103, 3 103, 354, 163 103, 3 103, 354, 163 103, 3 103, 354, 163 103, 3 103, 354, 163 103, 3 103, 383, 163 103, 3 103, 394, 163 103, 3 103, 372, 163 103, 3 104, 372, 163 103, 3 104, 372, 163 103, 3 104, 372, 163 104, 3 104, 372, 163 104, 3 104, 372, 163 104, 3 104, 372, 163 104, 3 104, 372, 163 104, 2 104, 282, 163 104, 2 104, 298, 163 104, 2 105, 298, 163 104, 2 105, 298, 163 104, 2 105, 298, 163 105, 2 105, 298, 163 105, 2 105, 298, 163 105, 2 105, 298, 163 105, 2 105, 298, 163 105, 2 105, 298, 163 105, 2 105, 227, 163 105, 2 105, 227, 163 105, 2 106, 227, 163 105, 2 106, 227, 163 105, 2 106, 227, 163 106, 2 106, 227, 163 106, 2 106, 227, 163 106, 2 106, 227, 163 106, 2 106, 227, 163 106, 2 106, 227, 163 106, 2 106, 244, 163 106, 2 107, 240, 163 106, 2 107, 240, 163 106, 2 107, 240, 163 106, 2 107, 240, 163 107, 2 107, 240, 163 107, 2 107, 240, 163 107, 2 107, 240, 163 107, 2 107, 240, 163 107, 2 107, 240, 163 107, 2 107, 217, 163 107, 1 108, 196, 163 107, 1 108, 196, 163 107, 1 108, 196, 163 108, 1 108, 196, 163 108, 1 108, 196, 163 108, 1 108, 196, 163 108, 196, 16384, 99
 108, 196, 16384, 99
 108, 174, 16384, 99
 108, 175, 16384, 99
 108, 190, 16384, 99
 108, 190, 16384, 99
 109, 190, 16384, 99
 109, 190, 16384, 99
 109, 190, 16384, 99
 109, 190, 16384, 99
 109, 1 109, 190, 163 109, 1 109, 190, 163 109, 167, 16384, 99
 109, 1 110, 177, 163 109, 177, 16384, 99
 109, 1 110, 177, 163 110, 1 110, 177, 163 110, 1 110, 177, 163 110, 177, 16384, 99
 110, 1 110, 177, 163 110, 1 110, 177, 163 110, 1 110, 150, 163 110, 166, 16384, 99
 110, 166, 16384, 99
 110, 166, 16384, 99
 111, 166, 16384, 99
 111, 166, 16384, 99
 111, 166, 16384, 99
 111, 166, 16384, 99
 111, 166, 16384, 99
 111, 166, 16384, 99
 111, 1 111, 145, 163 111, 1 112, 145, 163 111, 145, 16384, 99
 111, 145, 16384, 99
 112, 1 112, 145, 163 112, 145, 16384, 99
 112, 145, 16384, 99
 112, 145, 16384, 99
 112, 145, 16384, 99
 112, 145, 16384, 99
 112, 164, 16384, 99
 112, 158, 16384, 99
 112, 158, 16384, 99
 113, 158, 16384, 99
 113, 158, 16384, 99
 113, 158, 16384, 99
 113, 158, 16384, 99
 113, 158, 16384, 99
 113, 158, 16384, 99
 113, 1 113, 158, 163 113, 1 114, 142, 163 113, 1 114, 158, 163 113, 1 114, 158, 163 114, 1 114, 158, 163 114, 1 114, 158, 163 114, 1 114, 158, 163 114, 1 114, 158, 163 114, 1 114, 158, 163 114, 1 114, 158, 163 114, 1 115, 158, 163 114, 1 115, 123, 163 114, 1 115, 123, 163 115, 1 115, 123, 163 115, 1 115, 123, 163 115, 1 115, 123, 163 115, 1 115, 123, 163 115, 1 115, 123, 163 115, 1 115, 123, 163 115, 1 116, 123, 163 115, 1 116, 123, 163 115, 1 116, 179, 163 115, 1 116, 176, 163 116, 1 116, 176, 163 116, 1 116, 176, 163 116, 1 116, 176, 163 116, 1 116, 176, 163 116, 1 116, 176, 163 116, 1 116, 176, 163 116, 1 117, 176, 163 116, 1 117, 176, 163 116, 1 117, 118, 163 117, 1 117, 138, 163 117, 1 117, 138, 163 117, 1 117, 138, 163 117, 1 117, 138, 163 117, 1 117, 138, 163 117, 1 117, 138, 163 117, 1 118, 138, 163 117, 1 118, 138, 163 117, 1 118, 234, 163 117, 2 118, 267, 163 118, 2 118, 260, 163 118, 2 118, 260, 163 118, 2 118, 260, 163 118, 2 118, 260, 163 118, 2 118, 260, 163 118, 2 118, 260, 163 118, 2 119, 260, 163 118, 2 119, 260, 163 118, 2 119, 305, 163 118, 3 119, 306, 163 119, 3 119, 306, 163 119, 3 119, 306, 163 119, 3 119, 306, 163 119, 3 119, 306, 163 119, 3 119, 306, 163 119, 3 119, 306, 163 119, 3 120, 306, 163 119, 3 120, 306, 163 119, 3 120, 328, 163 120, 3 120, 328, 163 120, 3 120, 328, 163 120, 3 120, 328, 163 120, 3 120, 328, 163 120, 3 120, 328, 163 120, 3 120, 328, 163 120, 3 121, 328, 163 120, 3 121, 328, 163 120, 3 121, 328, 163 120, 3 121, 322, 163 121, 3 121, 334, 163 121, 3 121, 334, 163 121, 3 121, 334, 163 121, 3 121, 334, 163 121, 3 121, 334, 163 121, 3 121, 334, 163 121, 3 122, 334, 163 121, 3 122, 334, 163 121, 3 122, 326, 163 122, 3 122, 328, 163 122, 3 122, 328, 163 122, 3 122, 328, 163 122, 3 122, 328, 163 122, 3 122, 328, 163 122, 3 122, 328, 163 122, 3 123, 328, 163 122, 3 123, 328, 163 122, 3 123, 328, 163 122, 3 123, 283, 163 123, 2 123, 278, 163 123, 2 123, 278, 163 123, 2 123, 278, 163 123, 2 123, 278, 163 123, 2 123, 278, 163 123, 2 124, 278, 163 123, 2 124, 278, 163 123, 2 124, 278, 163 123, 2 124, 278, 163 124, 2 124, 254, 163 124, 2 124, 253, 163 124, 2 124, 253, 163 124, 2 124, 253, 16384, 98
 124, 253, 163 124, 2 124, 253, 163 124, 2 125, 253, 163 124, 2 125, 253, 163 124, 2 125, 253, 163 124, 2 125, 253, 163 125, 2 125, 305, 163 125, 3 125, 322, 163 125, 3 125, 291, 163 125, 2 125, 291, 163 125, 2 125, 291, 16384, 98
 126, 291, 16384, 98
 126, 291, 16384, 98
 126, 291, 16384, 98
 126, 291, 16384, 98
 126, 291, 16384, 98
 126, 257, 16384, 98
 126, 270, 16384, 98
 126, 270, 16384, 98
 126, 270, 16384, 98
 127, 270, 16384, 98
 127, 270, 16384, 98
 127, 270, 16384, 98
 127, 270, 16384, 98
 127, 270, 16384, 98
 127, 481, 16384, 97
 127, 481, 16384, 97
 127, 481, 16384, 97
 127, 481, 16384, 97
 127, 481, 16384, 97
 128, 481, 16384, 97
 128, 481, 16384, 97
 128, 481, 16384, 97
 128, 481, 16384, 97
 128, 481, 16384, 97
 128, 341, 16384, 98
 128, 342, 16384, 98
 128, 344, 16384, 98
 128, 356, 16384, 98
 129, 356, 16384, 98
 129, 356, 16384, 98
 129, 356, 16384, 98
 129, 356, 16384, 98
 129, 356, 16384, 98
 129, 356, 16384, 98
 129, 438, 16384, 97
 129, 446, 16384, 97
 129, 446, 16384, 97
 129, 446, 16384, 97
 130, 446, 16384, 97
 130, 446, 16384, 97
 130, 446, 16384, 97
 130, 446, 16384, 97
 130, 446, 16384, 97
 130, 446, 16384, 97
 130, 443, 16384, 97
 130, 443, 16384, 97
 130, 443, 16384, 97
 130, 443, 16384, 97
 131, 443, 16384, 97
 131, 443, 16384, 97
 131, 443, 16384, 97
 131, 443, 163 131, 4 131, 443, 163 131, 4 131, 443, 163 131, 4 131, 433, 16384, 97
 131, 417, 16384, 97
 131, 426, 16384, 97
 132, 426, 16384, 97
 132, 426, 16384, 97
 132, 426, 16384, 97
 132, 426, 16384, 97
 132, 426, 16384, 97
 132, 426, 16384, 97
 132, 426, 16384, 97
 132, 296, 16384, 98
 132, 287, 16384, 98
 132, 282, 16384, 98
 133, 282, 16384, 98
 133, 282, 16384, 98
 133, 282, 16384, 98
 133, 282, 16384, 98
 133, 282, 16384, 98
 133, 282, 16384, 98
 133, 282, 16384, 98
 133, 339, 16384, 98
 133, 339, 16384, 98
 134, 339, 16384, 98
 134, 339, 16384, 98
 134, 339, 16384, 98
 134, 339, 16384, 98
 134, 339, 16384, 98
 134, 339, 16384, 98
 134, 339, 16384, 98
 134, 339, 16384, 98
 134, 353, 16384, 98
 134, 354, 16384, 98
 135, 354, 16384, 98
 135, 354, 16384, 98
 135, 354, 16384, 98
 135, 354, 16384, 98
 135, 354, 16384, 98
 135, 354, 16384, 98
 135, 354, 16384, 98
 135, 354, 163 135, 3 135, 254, 163 135, 2 136, 283, 163 135, 2 136, 257, 163 135, 2 136, 257, 16384, 98
 136, 257, 16384, 98
 136, 257, 16384, 98
 136, 257, 16384, 98
 136, 257, 16384, 98
 136, 257, 16384, 98
 136, 257, 16384, 98
 136, 308, 16384, 98
 137, 308, 16384, 98
 137, 308, 16384, 98
 137, 308, 16384, 98
 137, 308, 16384, 98
 137, 308, 16384, 98
 137, 308, 16384, 98
 137, 308, 16384, 98
 137, 308, 16384, 98
 137, 308, 163 137, 3 138, 363, 163 137, 3 138, 363, 163 137, 3 138, 363, 163 137, 3 138, 363, 163 138, 3 138, 363, 163 138, 3 138, 363, 16384, 98
 138, 363, 163 138, 3 138, 363, 163 138, 3 138, 363, 16384, 98
 138, 363, 16384, 98
 139, 270, 16384, 98
 139, 236, 16384, 99
 139, 236, 163 139, 2 139, 236, 163 139, 2 139, 236, 163 139, 2 139, 236, 16384, 99
 139, 236, 163 139, 2 139, 236, 163 139, 2 139, 236, 16384, 99
 140, 236, 163 139, 2 140, 256, 163 139, 2 140, 233, 163 139, 2 140, 233, 163 140, 2 140, 233, 163 140, 2 140, 233, 163 140, 2 140, 233, 163 140, 2 140, 233, 163 140, 2 140, 233, 163 140, 2 140, 233, 163 140, 2 141, 233, 163 140, 2 141, 184, 16384, 99
 141, 184, 16384, 99
 141, 184, 16384, 99
 141, 184, 16384, 99
 141, 184, 16384, 99
 141, 184, 16384, 99
 141, 184, 16384, 99
 141, 184, 16384, 99
 142, 184, 16384, 99
 142, 187, 16384, 99
 142, 202, 16384, 99
 142, 198, 163 142, 1 142, 198, 163 142, 1 142, 198, 163 142, 1 142, 198, 163 142, 1 142, 198, 163 142, 1 142, 198, 163 142, 1 143, 198, 163 142, 1 143, 198, 163 142, 1 143, 635, 163 142, 6 143, 552, 163 143, 5 143, 552, 163 143, 5 143, 552, 163 143, 5 143, 552, 163 143, 5 143, 552, 163 143, 5 143, 552, 163 143, 5 143, 552, 163 143, 5 144, 552, 163 143, 5 144, 552, 163 143, 5 144, 286, 163 144, 2 144, 286, 163 144, 2 144, 286, 163 144, 2 144, 286, 163 144, 2 144, 286, 163 144, 2 144, 286, 163 144, 2 144, 286, 163 144, 2 145, 286, 163 144, 2 145, 286, 163 144, 2 145, 305, 163 144, 3 145, 305, 16384, 98
 145, 305, 16384, 98
 145, 305, 16384, 98
 145, 305, 16384, 98
 145, 305, 16384, 98
 145, 305, 16384, 98
 146, 305, 16384, 98
 146, 305, 16384, 98
 146, 305, 16384, 98
 146, 316, 16384, 98
 146, 305, 163 146, 3 146, 305, 163 146, 3 146, 305, 16384, 98
 146, 305, 16384, 98
 146, 305, 16384, 98
 146, 305, 163 146, 3 147, 305, 163 146, 3 147, 305, 16384, 98
 147, 305, 16384, 98
 147, 311, 163 147, 3 147, 332, 163 147, 3 147, 332, 163 147, 3 147, 332, 163 147, 3 147, 332, 163 147, 3 147, 332, 163 147, 3 148, 332, 163 147, 3 148, 332, 163 147, 3 148, 332, 163 147, 3 148, 332, 163 148, 2 148, 209, 163 148, 2 148, 253, 163 148, 2 148, 255, 163 148, 2 148, 255, 163 148, 2 148, 255, 163 148, 2 148, 255, 163 148, 2 149, 255, 163 148, 2 149, 255, 163 148, 2 149, 255, 163 149, 2 149, 221, 163 149, 2 149, 221, 163 149, 2 149, 221, 163 149, 2 149, 221, 163 149, 2 149, 221, 163 149, 2 149, 221, 163 149, 2 150, 221, 163 149, 2 150, 221, 163 149, 2 150, 221, 163 149, 2 150, 221, 163 150, 1 150, 191, 163 150, 1 150, 191, 163 150, 1 150, 191, 163 150, 1 150, 191, 163 150, 1 150, 191, 163 150, 1 150, 191, 163 150, 1 151, 191, 163 150, 1 151, 191, 163 150, 1 151, 191, 163 151, 1 151, 244, 163 151, 2 151, 264, 163 151, 2 151, 264, 163 151, 2 151, 264, 163 151, 2 151, 264, 163 151, 2 151, 264, 163 151, 2 152, 264, 163 151, 2 152, 264, 163 151, 2 152, 264, 163 152, 2 152, 264, 163 152, 2 152, 276, 163 152, 2 152, 249, 163 152, 2 152, 248, 163 152, 2 152, 248, 163 152, 2 152, 248, 163 152, 2 152, 248, 163 152, 2 153, 248, 163 152, 2 153, 248, 163 152, 2 153, 248, 163 153, 2 153, 248, 163 153, 2 153, 290, 163 153, 2 153, 282, 163 153, 2 153, 282, 163 153, 2 153, 282, 163 153, 2 153, 282, 163 153, 2 154, 282, 163 153, 2 154, 282, 163 153, 2 154, 282, 163 154, 2 154, 282, 163 154, 2 154, 282, 163 154, 2 154, 291, 163 154, 2 154, 291, 163 154, 2 154, 291, 163 154, 2 154, 291, 163 154, 2 154, 291, 163 154, 2 155, 291, 163 154, 2 155, 291, 163 154, 2 155, 291, 163 155, 2 155, 291, 163 155, 2 155, 291, 163 155, 2 155, 251, 163 155, 2 155, 251, 163 155, 2 155, 251, 163 155, 2 155, 251, 163 155, 2 156, 251, 163 155, 2 156, 251, 163 155, 2 156, 251, 163 155, 2 156, 251, 163 156, 2 156, 251, 163 156, 2 156, 122, 163 156, 1 156, 122, 163 156, 1 156, 122, 163 156, 1 156, 122, 163 156, 1 156, 122, 163 156, 1 157, 122, 163 156, 1 157, 122, 163 156, 1 157, 122, 163 157, 1 157, 122, 163 157, 1 157, 122, 163 157, 1 157, 180, 163 157, 1 157, 177, 163 157, 1 157, 177, 163 157, 1 157, 177, 163 157, 1 158, 177, 163 157, 1 158, 177, 163 157, 1 158, 177, 163 157, 1 158, 177, 163 158, 1 158, 177, 163 158, 1 158, 177, 163 158, 1 158, 176, 163 158, 1 158, 176, 163 158, 1 158, 176, 163 158, 1 158, 176, 163 158, 1 159, 176, 163 158, 1 159, 176, 163 158, 1 159, 176, 163 158, 1 159, 176, 163 159, 1 159, 176, 163 159, 1 159, 184, 163 159, 2 159, 200, 163 159, 2 159, 200, 163 159, 2 159, 200, 163 159, 2 160, 200, 163 159, 2 160, 200, 163 159, 2 160, 200, 163 159, 2 160, 200, 163 160, 2 160, 200, 163 160, 2 160, 200, 163 160, 2 160, 200, 16384, 99
 160, 184, 16384, 99
 160, 184, 16384, 99
 161, 184, 16384, 99
 161, 184, 16384, 99
 161, 184, 163 160, 1 161, 184, 16384, 99
 161, 184, 163 161, 1 161, 184, 16384, 99
 161, 172, 16384, 99
 161, 173, 16384, 99
 161, 173, 16384, 99
 161, 173, 16384, 99
 162, 173, 16384, 99
 162, 173, 16384, 99
 162, 173, 16384, 99
 162, 173, 16384, 99
 162, 173, 16384, 99
 162, 173, 163 162, 1 162, 143, 16384, 99
 162, 143, 163 162, 1 162, 143, 16384, 99
 163, 143, 163 162, 1 163, 143, 16384, 99
 163, 143, 16384, 99
 163, 143, 16384, 99
 163, 143, 16384, 99
 163, 143, 16384, 99
 163, 143, 16384, 99
 163, 139, 16384, 99
 163, 139, 16384, 99
 164, 139, 16384, 99
 164, 139, 16384, 99
 164, 139, 16384, 99
 164, 139, 16384, 99
 164, 139, 16384, 99
 164, 139, 16384, 99
 164, 139, 16384, 99
 164, 149, 16384, 99
 164, 143, 16384, 99
 164, 152, 16384, 99
 165, 152, 16384, 99
 165, 152, 16384, 99
 165, 152, 16384, 99
 165, 152, 16384, 99
 165, 152, 16384, 99
 165, 152, 16384, 99
 165, 150, 16384, 99
 165, 147, 16384, 99
 165, 147, 16384, 99
 166, 147, 16384, 99
 166, 147, 16384, 99
 166, 147, 16384, 99
 166, 147, 16384, 99
 166, 147, 16384, 99
 166, 147, 16384, 99
 166, 147, 16384, 99
 166, 192, 16384, 99
 166, 184, 16384, 99
 167, 184, 16384, 99
 167, 184, 16384, 99
 167, 184, 16384, 99
 167, 184, 16384, 99
 167, 184, 16384, 99
 167, 184, 16384, 99
 167, 184, 16384, 99
 167, 184, 16384, 99
 167, 190, 16384, 99
 167, 190, 16384, 99
 168, 190, 16384, 99
 168, 190, 16384, 99
 168, 190, 16384, 99
 168, 190, 16384, 99
 168, 190, 16384, 99
 168, 190, 16384, 99
 168, 190, 16384, 99
 168, 218, 16384, 99
 168, 203, 16384, 99
 169, 204, 16384, 99
 169, 204, 16384, 99
 169, 204, 16384, 99
 169, 204, 16384, 99
 169, 204, 16384, 99
 169, 204, 16384, 99
 169, 204, 16384, 99
 169, 204, 16384, 99
 169, 194, 16384, 99
 170, 194, 16384, 99
 170, 194, 16384, 99
 170, 194, 16384, 99
 170, 194, 16384, 99
 170, 194, 16384, 99
 170, 194, 16384, 99
 170, 194, 16384, 99
 170, 194, 16384, 99
 170, 189, 16384, 99
 170, 159, 16384, 99
 171, 136, 16384, 99
 171, 136, 16384, 99
 171, 136, 16384, 99
 171, 136, 16384, 99
 171, 136, 16384, 99
 171, 136, 16384, 99
 171, 136, 16384, 99
 171, 136, 16384, 99
 171, 146, 16384, 99
 172, 147, 16384, 99
 172, 147, 16384, 99
 172, 147, 16384, 99
 172, 147, 16384, 99
 172, 147, 16384, 99
 172, 147, 16384, 99
 172, 147, 16384, 99
 172, 147, 16384, 99
 172, 141, 16384, 99
 172, 149, 16384, 99
 173, 149, 16384, 99
 173, 149, 16384, 99
 173, 149, 16384, 99
 173, 149, 16384, 99
 173, 149, 16384, 99
 173, 149, 16384, 99
 173, 149, 16384, 99
 173, 149, 16384, 99
 173, 166, 16384, 99
 174, 152, 16384, 99
 174, 152, 16384, 99
 174, 152, 16384, 99
 174, 152, 16384, 99
 174, 152, 16384, 99
 174, 152, 16384, 99
 174, 152, 16384, 99
 174, 152, 16384, 99
 174, 204, 16384, 99
 175, 215, 16384, 99
 175, 215, 16384, 99
 175, 215, 16384, 99
 175, 215, 16384, 99
 175, 215, 16384, 99
 175, 215, 16384, 99
 175, 215, 16384, 99
 175, 215, 16384, 99
 175, 215, 16384, 99
 176, 249, 16384, 98
 176, 254, 16384, 98
 176, 254, 16384, 98
 176, 254, 16384, 98
 176, 254, 16384, 98
 176, 254, 16384, 98
 176, 254, 16384, 98
 176, 254, 16384, 98
 176, 254, 16384, 98
 176, 254, 16384, 98
 177, 243, 16384, 99
 177, 242, 16384, 99
 177, 242, 16384, 99
 177, 242, 16384, 99
 177, 242, 16384, 99
 177, 242, 16384, 99
 177, 242, 16384, 99
 177, 242, 16384, 99
 177, 242, 16384, 99
 177, 242, 16384, 99
 178, 275, 16384, 98
 178, 246, 16384, 98
 178, 246, 16384, 98
 178, 246, 16384, 98
 178, 246, 16384, 98
 178, 246, 16384, 98
 178, 246, 16384, 98
 178, 246, 16384, 98
 178, 246, 16384, 98
 179, 254, 16384, 98
 179, 259, 16384, 98
 179, 259, 16384, 98
 179, 259, 16384, 98
 179, 259, 16384, 98
 179, 259, 16384, 98
 179, 259, 16384, 98
 179, 259, 16384, 98
 179, 259, 16384, 98
 179, 259, 16384, 98
 180, 259, 16384, 98
 180, 236, 16384, 99
 180, 238, 16384, 99
 180, 238, 16384, 99
 180, 238, 16384, 99
 180, 238, 16384, 99
 180, 238, 16384, 99
 180, 238, 16384, 99
 180, 238, 16384, 99
 181, 238, 16384, 99
 181, 232, 16384, 99
 181, 219, 16384, 99
 181, 217, 16384, 99
 181, 217, 16384, 99
 181, 217, 16384, 99
 181, 217, 16384, 99
 181, 217, 16384, 99
 181, 217, 16384, 99
 181, 217, 16384, 99
 182, 217, 16384, 99
 182, 260, 16384, 98
 182, 265, 16384, 98
 182, 265, 16384, 98
 182, 265, 16384, 98
 182, 265, 16384, 98
 182, 265, 16384, 98
 182, 265, 16384, 98
 182, 265, 16384, 98
 183, 265, 16384, 98
 183, 262, 16384, 98
 183, 252, 16384, 98
 183, 252, 16384, 98
 183, 252, 16384, 98
 183, 252, 16384, 98
 183, 252, 16384, 98
 183, 252, 16384, 98
 183, 252, 16384, 98
 183, 252, 16384, 98
 184, 252, 16384, 98
 184, 327, 16384, 98
 184, 320, 16384, 98
 184, 317, 16384, 98
 184, 317, 16384, 98
 184, 317, 16384, 98
 184, 317, 16384, 98
 184, 317, 16384, 98
 184, 317, 16384, 98
 185, 317, 16384, 98
 185, 317, 16384, 98
 185, 272, 16384, 98
 185, 283, 16384, 98
 185, 290, 16384, 98
 185, 290, 16384, 98
 185, 290, 16384, 98
 185, 290, 16384, 98
 185, 290, 16384, 98
 185, 290, 16384, 98
 186, 290, 16384, 98
 186, 285, 16384, 98
 186, 283, 16384, 98
 186, 279, 16384, 98
 186, 279, 16384, 98
 186, 279, 16384, 98
 186, 279, 16384, 98
 186, 279, 16384, 98
 186, 279, 16384, 98
 187, 279, 16384, 98
 187, 279, 16384, 98
 187, 418, 16384, 97
 187, 420, 16384, 97
 187, 388, 16384, 98
 187, 388, 16384, 98
 187, 388, 16384, 98
 187, 388, 16384, 98
 187, 388, 16384, 98
 187, 388, 16384, 98
 188, 388, 16384, 98
 188, 388, 16384, 98
 188, 409, 16384, 98
 188, 410, 16384, 97
 188, 410, 16384, 97
 188, 410, 16384, 97
 188, 410, 16384, 97
 188, 410, 16384, 97
 188, 410, 16384, 97
 189, 410, 16384, 97
 189, 410, 16384, 97
 189, 410, 16384, 97
 189, 395, 16384, 98
 189, 396, 16384, 98
 189, 396, 16384, 98
 189, 396, 16384, 98
 189, 396, 16384, 98
96, 16384, 98
 189, 396, 16384, 98
 189, 396, 16384, 98
 189, 396, 16384, 98
 189, 396, 16384, 98
 189, 396, 16384, 98
 189, 2900, 16384, 82
 190, 2865, 16384, 83
 190, 2853, 16384, 83
 190, 2853, 16384, 83
 190, 2853, 16384, 83
 190, 2853, 16384, 83
 190, 2853, 16384, 83
 190, 2853, 16384, 83
 190, 2853, 16384, 83
 190, 2853, 16384, 83
 191, 2552, 16384, 84
 191, 2539, 16384, 85
 191, 2372, 16384, 86
 191, 2372, 16384, 86
 191, 2372, 16384, 86
 191, 2372, 16384, 86
 191, 2372, 16384, 86
 191, 2372, 16384, 86
 191, 2372, 16384, 86
 192, 2340, 16384, 86
 192, 2348, 16384, 86
 192, 2348, 16384, 86
 192, 2348, 16384, 86
 192, 2348, 16384, 86
 192, 2348, 16384, 86
 192, 2348, 16384, 86
 192, 2348, 16384, 86
 192, 2348, 16384, 86
 192, 2348, 16384, 86
 193, 2145, 16384, 87
 193, 2206, 16384, 87
 193, 2206, 16384, 87
 193, 2206, 16384, 87
 193, 2206, 16384, 87
 193, 2206, 16384, 87
 193, 2206, 16384, 87
 193, 2206, 16384, 87
 193, 2206, 16384, 87
 193, 2206, 16384, 87
 194, 2115, 16384, 87
 194, 2156, 16384, 87
 194, 2169, 16384, 87
 194, 2168, 16384, 87
 194, 2168, 16384, 87
 194, 2168, 16384, 87
 194, 2168, 16384, 87
 194, 2168, 16384, 87
 194, 2168, 16384, 87
 195, 2168, 16384, 87
 195, 2138, 16384, 87
 195, 2107, 16384, 87
 195, 2126, 16384, 87
 195, 2127, 16384, 87
 195, 2127, 16384, 87
 195, 2127, 16384, 87
 195, 2127, 16384, 87
 195, 2127, 16384, 87
 195, 2127, 16384, 87
 196, 2127, 16384, 87
 196, 2064, 16384, 87
 196, 2065, 16384, 87
 196, 2064, 16384, 87
 196, 2068, 16384, 87
 196, 2068, 16384, 87
 196, 2068, 16384, 87
 196, 2068, 16384, 87
 196, 2068, 16384, 87
 196, 2068, 16384, 87
 197, 2068, 16384, 87
 197, 2050, 16384, 87
 197, 2048, 16384, 88
 197, 2048, 16384, 88
 197, 2048, 16384, 88
 197, 2048, 16384, 88
 197, 2048, 16384, 88
 197, 2048, 16384, 88
 197, 2048, 16384, 88
 197, 2048, 16384, 88
 198, 2048, 16384, 88
 198, 1935, 16384, 88
 198, 1988, 16384, 88
 198, 1969, 16384, 88
 198, 1976, 16384, 88
 198, 1976, 16384, 88
 198, 1976, 16384, 88
 198, 1976, 16384, 88
 198, 1976, 16384, 88
 198, 1976, 16384, 88
 199, 1976, 16384, 88
 199, 1958, 16384, 88
 199, 1959, 16384, 88
 199, 1959, 16384, 88
 199, 1959, 16384, 88
 199, 1959, 16384, 88
 199, 1959, 16384, 88
 199, 1959, 16384, 88
 199, 1959, 16384, 88
 199, 1959, 16384, 88
 200, 1959, 16384, 88
 200, 1851, 16384, 89
 200, 1824, 16384, 89
 200, 1850, 16384, 89
 200, 1828, 16384, 89
 200, 1828, 16384, 89
 200, 1828, 16384, 89
 200, 1828, 16384, 89
 200, 1828, 16384, 89
 200, 1828, 16384, 89
 201, 1828, 16384, 89
 201, 1703, 16384, 90
 201, 1695, 16384, 90
 201, 1683, 16384, 90
 201, 1688, 16384, 90
 201, 1688, 16384, 90
 201, 1688, 16384, 90
 201, 1688, 16384, 90
 201, 1688, 16384, 90
 202, 1688, 16384, 90
 202, 1688, 16384, 90
 202, 1658, 16384, 90
 202, 1657, 16384, 90
 202, 1657, 16384, 90
 202, 1657, 16384, 90
 202, 1657, 16384, 90
 202, 1657, 16384, 90
 202, 1657, 16384, 90
 202, 1657, 16384, 90
 203, 1657, 16384, 90
 203, 1657, 16384, 90
 203, 1588, 16384, 90
 203, 1612, 16384, 90
 203, 1612, 16384, 90
 203, 1612, 16384, 90
 203, 1612, 16384, 90
 203, 1612, 16384, 90
 203, 1612, 16384, 90
 203, 1612, 16384, 90
 204, 1612, 16384, 90
 204, 1612, 16384, 90
 204, 1565, 16384, 90
 204, 1549, 16384, 91
 204, 1542, 16384, 91
 204, 1551, 16384, 91
 204, 1551, 16384, 91
 204, 1551, 16384, 91
 204, 1551, 16384, 91
 204, 1551, 16384, 91
 205, 1551, 16384, 91
 205, 1551, 16384, 91
 205, 1515, 16384, 91
 205, 1519, 16384, 91
 205, 1519, 16384, 91
 205, 1519, 16384, 91
 205, 1519, 16384, 91
 205, 1519, 16384, 91
 205, 1519, 16384, 91
 205, 1519, 16384, 91
 206, 1519, 16384, 91
 206, 1519, 16384, 91
 206, 1473, 16384, 91
 206, 1455, 16384, 91
 206, 1455, 16384, 91
 206, 1455, 16384, 91
 206, 1455, 16384, 91
 206, 1455, 16384, 91
 206, 1455, 16384, 91
 206, 1455, 16384, 91
 207, 1455, 16384, 91
 207, 1455, 16384, 91
 207, 1164, 16384, 93
 207, 1165, 16384, 93
 207, 1165, 16384, 93
 207, 1165, 16384, 93
 207, 1165, 16384, 93
 207, 1165, 16384, 93
 207, 1165, 16384, 93
 207, 1165, 16384, 93
 208, 1165, 16384, 93
 208, 1165, 16384, 93
 208, 1165, 16384, 93
 208, 1156, 16384, 93
 208, 1156, 16384, 93
 208, 1156, 16384, 93
 208, 1156, 16384, 93
 208, 1156, 16384, 93
 208, 1156, 16384, 93
 208, 1156, 16384, 93
 209, 1156, 16384, 93
 209, 1156, 16384, 93
 209, 1110, 16384, 93
 209, 936, 16384, 94
 209, 900, 16384, 95
 209, 900, 16384, 95
 209, 900, 16384, 95
 209, 900, 16384, 95
 209, 900, 16384, 95
 210, 900, 16384, 95
 210, 900, 16384, 95
 210, 900, 16384, 95
 210, 711, 16384, 96
 210, 709, 16384, 96
 210, 709, 16384, 96
 210, 709, 16384, 96
 210, 709, 16384, 96
 210, 709, 16384, 96
 210, 709, 16384, 96
 211, 709, 16384, 96
 211, 709, 16384, 96
 211, 709, 16384, 96
 211, 561, 16384, 97
 211, 554, 16384, 97
 211, 552, 16384, 97
 211, 552, 16384, 97
 211, 552, 16384, 97
 211, 552, 16384, 97
 211, 552, 16384, 97
 212, 552, 16384, 97
 212, 552, 16384, 97
 212, 552, 16384, 97
 212, 538, 16384, 97
 212, 556, 16384, 97
 212, 554, 16384, 97
 212, 554, 16384, 97
 212, 554, 16384, 97
 212, 554, 16384, 97
 212, 554, 16384, 97
 213, 554, 16384, 97
 213, 554, 16384, 97
 213, 554, 16384, 97
 213, 491, 16384, 97
 213, 493, 16384, 97
 213, 489, 16384, 97
 213, 489, 16384, 97
 213, 489, 16384, 97
 213, 489, 16384, 97
 213, 489, 16384, 97
 214, 489, 16384, 97
 214, 489, 16384, 97
 214, 489, 16384, 97
 214, 460, 16384, 97
 214, 463, 16384, 97
 214, 460, 16384, 97
 214, 460, 16384, 97
 214, 460, 16384, 97
 214, 460, 16384, 97
 214, 460, 16384, 97
 215, 460, 16384, 97
 215, 460, 16384, 97
 215, 460, 16384, 97
 215, 474, 16384, 97
 215, 473, 16384, 97
 215, 457, 16384, 97
 215, 470, 16384, 97
 215, 470, 16384, 97
 215, 470, 16384, 97
 216, 470, 16384, 97
 216, 470, 16384, 97
 216, 470, 16384, 97
 216, 470, 16384, 97
 216, 472, 16384, 97
 216, 495, 16384, 97
 216, 495, 16384, 97
 216, 495, 16384, 97
 216, 495, 16384, 97
 216, 495, 16384, 97
 217, 495, 16384, 97
 217, 495, 16384, 97
 217, 495, 16384, 97
 217, 495, 16384, 97
 217, 484, 16384, 97
 217, 484, 16384, 97
 217, 484, 16384, 97
 217, 484, 16384, 97
 217, 484, 16384, 97
 217, 484, 16384, 97
 218, 484, 16384, 97
 218, 484, 16384, 97
 218, 484, 16384, 97
 218, 484, 16384, 97
 218, 535, 16384, 97
 218, 508, 16384, 97
 218, 508, 16384, 97
 218, 508, 16384, 97
 218, 508, 16384, 97
 218, 508, 16384, 97
 219, 508, 16384, 97
 219, 508, 16384, 97
 219, 508, 16384, 97
 219, 508, 16384, 97
 219, 501, 16384, 97
 219, 503, 16384, 97
 219, 500, 16384, 97
 219, 500, 16384, 97
 219, 500, 16384, 97
 219, 500, 16384, 97
 220, 500, 16384, 97
 220, 500, 16384, 97
 220, 500, 16384, 97
 220, 500, 16384, 97
 220, 500, 16384, 97
 220, 500, 16384, 97
 220, 502, 16384, 97
 220, 502, 16384, 97
 220, 502, 16384, 97
 220, 502, 16384, 97
 221, 502, 16384, 97
 221, 502, 16384, 97
 221, 502, 16384, 97
 221, 502, 16384, 97
 221, 496, 16384, 97
 221, 498, 16384, 97
 221, 467, 16384, 97
 221, 467, 16384, 97
 221, 467, 16384, 97
 221, 467, 16384, 97
 222, 467, 16384, 97
 222, 467, 16384, 97
 222, 467, 16384, 97
 222, 467, 16384, 97
 222, 488, 16384, 97
 222, 503, 16384, 97
 222, 504, 16384, 97
 222, 504, 16384, 97
 222, 504, 16384, 97
 223, 504, 16384, 97
 223, 504, 16384, 97
 223, 504, 16384, 97
 223, 504, 16384, 97
 223, 504, 16384, 97
 223, 452, 16384, 97
 223, 452, 16384, 97
 223, 452, 16384, 97
 223, 452, 16384, 97
 223, 452, 16384, 97
 224, 452, 16384, 97
 224, 452, 16384, 97
 224, 452, 16384, 97
 224, 452, 16384, 97
 224, 452, 16384, 97
 224, 450, 16384, 97
 224, 450, 16384, 97
 224, 450, 16384, 97
 224, 450, 16384, 97
 224, 450, 16384, 97
 225, 450, 16384, 97
 225, 450, 16384, 97
 225, 450, 16384, 97
 225, 450, 16384, 97
 225, 450, 16384, 97
 225, 421, 16384, 97
 225, 421, 16384, 97
 225, 421, 16384, 97
 225, 421, 16384, 97
 225, 421, 16384, 97
 226, 421, 16384, 97
 226, 421, 16384, 97
 226, 421, 16384, 97
 226, 421, 16384, 97
 226, 404, 16384, 98
 226, 406, 16384, 98
 226, 406, 16384, 98
 226, 406, 16384, 98
 226, 406, 16384, 98
 226, 406, 16384, 98
 227, 406, 16384, 98
 227, 406, 16384, 98
 227, 406, 16384, 98
 227, 406, 16384, 98
 227, 382, 16384, 98
 227, 385, 16384, 98
 227, 387, 16384, 98
 227, 385, 16384, 98
 227, 385, 16384, 98
 227, 385, 16384, 98
 228, 385, 16384, 98
 228, 385, 16384, 98
 228, 385, 16384, 98
 228, 385, 16384, 98
 228, 360, 16384, 98
 228, 360, 16384, 98
 228, 360, 16384, 98
 228, 360, 16384, 98
 228, 360, 16384, 98
 228, 360, 16384, 98
 229, 360, 16384, 98
 229, 360, 16384, 98
 229, 360, 16384, 98
 229, 360, 16384, 98
 229, 393, 16384, 98
 229, 402, 16384, 98
 229, 402, 16384, 98
 229, 402, 16384, 98
 229, 402, 16384, 98
 229, 402, 16384, 98
 230, 402, 16384, 98
 230, 402, 16384, 98
 230, 402, 16384, 98
 230, 402, 16384, 98
 230, 210, 16384, 99
 230, 190, 16384, 99
 230, 188, 16384, 99
 230, 188, 16384, 99
 230, 188, 16384, 99
 231, 188, 16384, 99
 231, 188, 16384, 99
 231, 188, 16384, 99
 231, 188, 16384, 99
 231, 188, 16384, 99
 231, 202, 16384, 99
 231, 202, 16384, 99
 231, 202, 16384, 99
 231, 202, 16384, 99
 231, 202, 16384, 99
 232, 202, 16384, 99
 232, 202, 16384, 99
 232, 202, 16384, 99
 232, 202, 16384, 99
 232, 202, 16384, 99
 232, 257, 16384, 98
 232, 257, 16384, 98
 232, 257, 16384, 98
 232, 257, 16384, 98
 232, 257, 16384, 98
 233, 257, 16384, 98
 233, 257, 16384, 98
 233, 257, 16384, 98
 233, 257, 16384, 98
 233, 257, 16384, 98
 233, 288, 16384, 98
 233, 254, 16384, 98
 233, 254, 16384, 98
 233, 254, 16384, 98
 233, 254, 16384, 98
 234, 254, 16384, 98
 234, 254, 16384, 98
 234, 254, 16384, 98
 234, 254, 16384, 98
 234, 261, 16384, 98
 234, 281, 16384, 98
 234, 248, 16384, 98
 234, 248, 16384, 98
 234, 248, 16384, 98
 234, 248, 16384, 98
 235, 248, 16384, 98
 235, 248, 16384, 98
 235, 248, 16384, 98
 235, 248, 16384, 98
 235, 175, 16384, 99
 235, 180, 16384, 99
 235, 187, 16384, 99
 235, 184, 16384, 99
 235, 184, 16384, 99
 236, 184, 16384, 99
 236, 184, 16384, 99
 236, 184, 16384, 99
 236, 184, 16384, 99
 236, 184, 16384, 99
 236, 237, 16384, 99
 236, 220, 16384, 99
 236, 218, 16384, 99
 236, 224, 16384, 99
 236, 224, 16384, 99
 237, 224, 16384, 99
 237, 224, 16384, 99
 237, 224, 16384, 99
 237, 224, 16384, 99
 237, 224, 16384, 99
 237, 225, 16384, 99
 237, 230, 16384, 99
 237, 230, 16384, 99
 237, 230, 16384, 99
 237, 230, 16384, 99
 238, 230, 16384, 99
 238, 230, 16384, 99
 238, 230, 16384, 99
 238, 230, 16384, 99
 238, 230, 16384, 99
 238, 247, 16384, 98
 238, 278, 16384, 98
 238, 278, 16384, 98
 238, 278, 16384, 98
 238, 278, 16384, 98
 239, 278, 16384, 98
 239, 278, 16384, 98
 239, 278, 16384, 98
 239, 278, 16384, 98
 239, 278, 16384, 98
 239, 838, 16384, 95
 239, 781, 16384, 95
 239, 760, 16384, 95
 239, 760, 16384, 95
 239, 760, 16384, 95
 240, 760, 16384, 95
 240, 760, 16384, 95
 240, 760, 16384, 95
 240, 760, 16384, 95
 240, 760, 16384, 95
 240, 502, 16384, 97
 240, 499, 16384, 97
 240, 681, 16384, 96
 240, 681, 16384, 96
 240, 681, 16384, 96
 241, 681, 16384, 96
 241, 681, 16384, 96
 241, 681, 16384, 96
 241, 681, 16384, 96
 241, 681, 16384, 96
 241, 1155, 16384, 93
 241, 1155, 16384, 93
 241, 1155, 16384, 93
 241, 1155, 16384, 93
 241, 1155, 16384, 93
 242, 1155, 16384, 93
 242, 1155, 16384, 93
 242, 1155, 16384, 93
 242, 1155, 16384, 93
 242, 1155, 16384, 93
 242, 1071, 16384, 93
 242, 1052, 16384, 94
 242, 1052, 16384, 94
 242, 1052, 16384, 94
 243, 1052, 16384, 94
 243, 1052, 16384, 94
 243, 1052, 16384, 94
 243, 1052, 16384, 94
 243, 1052, 16384, 94
 243, 831, 16384, 95
 243, 855, 16384, 95
 243, 834, 16384, 95
 243, 834, 16384, 95
 243, 834, 16384, 95
 244, 834, 16384, 95
 244, 834, 16384, 95
 244, 834, 16384, 95
 244, 834, 16384, 95
 244, 834, 16384, 95
 244, 622, 16384, 96
 244, 608, 16384, 96
 244, 598, 16384, 96
 244, 598, 16384, 96
 244, 598, 16384, 96
 245, 598, 16384, 96
 245, 598, 16384, 96
 245, 598, 16384, 96
 245, 598, 16384, 96
 245, 598, 16384, 96
 245, 822, 16384, 95
 245, 820, 16384, 95
 245, 820, 16384, 95
 245, 820, 16384, 95
 245, 820, 16384, 95
 246, 820, 16384, 95
 246, 820, 16384, 95
 246, 820, 16384, 95
 246, 820, 16384, 95
 246, 820, 16384, 95
 246, 747, 16384, 95
 246, 746, 16384, 95
 246, 746, 16384, 95
 246, 746, 16384, 95
 246, 746, 16384, 95
 247, 746, 16384, 95
 247, 746, 16384, 95
 247, 746, 16384, 95
 247, 746, 16384, 95
 247, 746, 16384, 95
 247, 684, 16384, 96
 247, 678, 16384, 96
 247, 678, 16384, 96
 247, 678, 16384, 96
 248, 678, 16384, 96
 248, 678, 16384, 96
 248, 678, 16384, 96
 248, 678, 16384, 96
 248, 678, 16384, 96
 248, 545, 16384, 97
 248, 571, 16384, 97
 248, 571, 16384, 97
 248, 571, 16384, 97
 248, 571, 16384, 97
 249, 571, 16384, 97
 249, 571, 16384, 97
 249, 571, 16384, 97
 249, 571, 16384, 97
 249, 571, 16384, 97
 249, 398, 16384, 98
 249, 366, 16384, 98
 249, 366, 16384, 98
 249, 366, 16384, 98
 250, 366, 16384, 98
 250, 366, 16384, 98
 250, 366, 16384, 98
 250, 366, 16384, 98
 250, 366, 16384, 98
 250, 366, 16384, 98
 250, 294, 16384, 98
 250, 294, 16384, 98
 250, 294, 16384, 98
 250, 294, 16384, 98
 251, 294, 16384, 98
 251, 294, 16384, 98
 251, 294, 16384, 98
 251, 294, 16384, 98
 251, 294, 16384, 98
 251, 294, 16384, 98
 251, 214, 16384, 99
 251, 217, 16384, 99
 251, 217, 16384, 99
 252, 217, 16384, 99
 252, 217, 16384, 99
 252, 217, 16384, 99
 252, 217, 16384, 99
 252, 217, 16384, 99
 252, 217, 16384, 99
 252, 217, 16384, 99
 252, 572, 16384, 97
 252, 547, 16384, 97
 252, 550, 16384, 97
 253, 550, 16384, 97
 253, 550, 16384, 97
 253, 550, 16384, 97
 253, 550, 16384, 97
 253, 550, 16384, 97
 253, 550, 16384, 97
 253, 550, 16384, 97
 253, 444, 16384, 97
 253, 440, 16384, 97
 253, 440, 16384, 97
 254, 440, 16384, 97
 254, 440, 16384, 97
 254, 440, 16384, 97
 254, 440, 16384, 97
 254, 440, 16384, 97
 254, 440, 16384, 97
 254, 440, 16384, 97
 254, 391, 16384, 98
 254, 391, 16384, 98
 254, 391, 16384, 98
 255, 391, 16384, 98
 255, 391, 16384, 98
 255, 391, 16384, 98
 255, 391, 16384, 98
 255, 391, 16384, 98
 255, 391, 16384, 98
 255, 391, 16384, 98
 255, 423, 16384, 97
 255, 426, 16384, 97
 255, 407, 16384, 98
 256, 407, 16384, 98
 256, 407, 16384, 98
 256, 407, 16384, 98
 256, 407, 16384, 98
 256, 407, 16384, 98
 256, 407, 16384, 98
 256, 407, 16384, 98
 256, 423, 16384, 97
 256, 424, 16384, 97
 256, 424, 16384, 97
 257, 424, 16384, 97
 257, 424, 16384, 97
 257, 424, 16384, 97
 257, 424, 16384, 97
 257, 424, 16384, 97
 257, 424, 16384, 97
 257, 424, 16384, 97
 257, 379, 16384, 98
 257, 356, 16384, 98
 258, 356, 16384, 98
 258, 356, 16384, 98
 258, 356, 16384, 98
 258, 356, 16384, 98
 258, 356, 16384, 98
 258, 356, 16384, 98
 258, 356, 16384, 98
 258, 356, 16384, 98
 258, 384, 16384, 98
 258, 357, 16384, 98
 259, 357, 16384, 98
 259, 357, 16384, 98
 259, 357, 16384, 98
 259, 357, 16384, 98
 259, 357, 16384, 98
 259, 357, 16384, 98
 259, 357, 16384, 98
 259, 357, 16384, 98
 259, 311, 16384, 98
 259, 212, 16384, 99
 260, 212, 16384, 99
 260, 212, 16384, 99
 260, 212, 16384, 99
 260, 212, 16384, 99
 260, 212, 16384, 99
 260, 212, 16384, 99
 260, 212, 16384, 99
 260, 212, 16384, 99
 260, 323, 16384, 98
 260, 326, 16384, 98
 261, 326, 16384, 98
 261, 326, 16384, 98
 261, 326, 16384, 98
 261, 326, 16384, 98
 261, 326, 16384, 98
 261, 326, 16384, 98
 261, 326, 16384, 98
 261, 326, 16384, 98
 261, 277, 16384, 98
 261, 277, 16384, 98
 262, 277, 16384, 98
 262, 277, 16384, 98
 262, 277, 16384, 98
 262, 277, 16384, 98
 262, 277, 16384, 98
 262, 277, 16384, 98
 262, 277, 16384, 98
 262, 277, 16384, 98
 262, 236, 16384, 99
 262, 238, 16384, 99
 263, 253, 16384, 98
 263, 244, 16384, 99
 263, 244, 16384, 99
 263, 244, 16384, 99
 263, 244, 16384, 99
 263, 244, 16384, 99
 263, 244, 16384, 99
 263, 244, 16384, 99
 263, 253, 16384, 98
 263, 202, 16384, 99
 264, 255, 16384, 98
 264, 255, 16384, 98
 264, 255, 16384, 98
 264, 255, 16384, 98
 264, 255, 16384, 98
 264, 255, 16384, 98
 264, 255, 16384, 98
 264, 255, 16384, 98
 264, 287, 16384, 98
 264, 287, 16384, 98
 265, 287, 16384, 98
 265, 287, 16384, 98
 265, 287, 16384, 98
 265, 287, 16384, 98
 265, 287, 16384, 98
 265, 287, 16384, 98
 265, 287, 16384, 98
 265, 287, 16384, 98
 265, 321, 16384, 98
 266, 314, 16384, 98
 266, 314, 16384, 98
 266, 314, 16384, 98
 266, 314, 16384, 98
 266, 314, 16384, 98
 266, 314, 16384, 98
 266, 314, 16384, 98
 266, 314, 16384, 98
 266, 314, 16384, 98
 266, 376, 16384, 98
 267, 394, 16384, 98
 267, 386, 16384, 98
 267, 385, 16384, 98
 267, 385, 16384, 98
 267, 385, 16384, 98
 267, 385, 16384, 98
 267, 385, 16384, 98
 267, 385, 16384, 98
 267, 385, 16384, 98
 267, 568, 16384, 97
 268, 628, 16384, 96
 268, 620, 16384, 96
 268, 620, 16384, 96
 268, 620, 16384, 96
 268, 620, 16384, 96
 268, 620, 16384, 96
 268, 620, 16384, 96
 268, 620, 16384, 96
 268, 620, 16384, 96
 268, 593, 16384, 96
 269, 594, 16384, 96
 269, 594, 16384, 96
 269, 594, 16384, 96
 269, 594, 16384, 96
 269, 594, 16384, 96
 269, 594, 16384, 96
 269, 594, 16384, 96
 269, 594, 16384, 96
 269, 416, 16384, 97
 269, 448, 16384, 97
 270, 448, 16384, 97
 270, 448, 16384, 97
 270, 448, 16384, 97
 270, 448, 16384, 97
 270, 448, 16384, 97
 270, 448, 16384, 97
 270, 448, 16384, 97
 270, 448, 16384, 97
 270, 859, 16384, 95
 270, 861, 16384, 95
 271, 861, 16384, 95
 271, 861, 16384, 95
 271, 861, 16384, 95
 271, 861, 16384, 95
 271, 861, 16384, 95
 271, 861, 16384, 95
 271, 861, 16384, 95
 271, 861, 16384, 95
 271, 816, 16384, 95
 271, 793, 16384, 95
 272, 740, 16384, 95
 272, 740, 16384, 95
 272, 740, 16384, 95
 272, 740, 16384, 95
 272, 740, 16384, 95
 272, 740, 16384, 95
 272, 740, 16384, 95
 272, 740, 16384, 95
 272, 447, 16384, 97
 272, 447, 16384, 97
 273, 447, 16384, 97
 273, 447, 16384, 97
 273, 447, 16384, 97
 273, 447, 16384, 97
 273, 447, 16384, 97
 273, 447, 16384, 97
 273, 447, 16384, 97
 273, 447, 16384, 97
 273, 514, 16384, 97
 273, 531, 16384, 97
 274, 569, 16384, 97
 274, 569, 16384, 97
 274, 569, 16384, 97
 274, 569, 16384, 97
 274, 569, 16384, 97
 274, 569, 16384, 97
 274, 569, 16384, 97
 274, 569, 16384, 97
 274, 552, 16384, 97
 274, 495, 16384, 97
 275, 495, 16384, 97
 275, 495, 16384, 97
 275, 495, 16384, 97
 275, 495, 16384, 97
 275, 495, 16384, 97
 275, 495, 16384, 97
 275, 495, 16384, 97
 275, 495, 16384, 97
 275, 520, 16384, 97
 275, 520, 16384, 97
 276, 520, 16384, 97
 276, 520, 16384, 97
 276, 520, 16384, 97
 276, 520, 16384, 97
 276, 520, 16384, 97
 276, 520, 16384, 97
 276, 520, 16384, 97
 276, 520, 16384, 97
 276, 545, 16384, 97
 277, 560, 16384, 97
 277, 563, 16384, 97
 277, 563, 16384, 97
 277, 563, 16384, 97
 277, 563, 16384, 97
 277, 563, 16384, 97
 277, 563, 16384, 97
 277, 563, 16384, 97
 277, 563, 16384, 97
 277, 486, 16384, 97
 278, 486, 16384, 97
 278, 490, 16384, 97
 278, 490, 16384, 97
 278, 490, 16384, 97
 278, 490, 16384, 97
 278, 490, 16384, 97
 278, 490, 16384, 97
 278, 490, 16384, 97
 278, 490, 16384, 97
 278, 849, 16384, 95
 279, 835, 16384, 95
 279, 835, 16384, 95
 279, 835, 16384, 95
 279, 835, 16384, 95
 279, 835, 16384, 95
 279, 835, 16384, 95
 279, 835, 16384, 95
 279, 835, 16384, 95
 279, 835, 16384, 95
 279, 933, 16384, 94
 280, 1083, 16384, 93
 280, 1083, 16384, 93
 280, 1083, 16384, 93
 280, 1083, 16384, 93
 280, 1083, 16384, 93
 280, 1083, 16384, 93
 280, 1083, 16384, 93
 280, 1083, 16384, 93
 280, 1083, 16384, 93
 280, 798, 16384, 95
 281, 798, 16384, 95
 281, 798, 16384, 95
 281, 798, 16384, 95
 281, 798, 16384, 95
 281, 798, 16384, 95
 281, 798, 16384, 95
 281, 798, 16384, 95
 281, 798, 16384, 95
 281, 798, 16384, 95
 281, 776, 16384, 95
 282, 898, 16384, 95
 282, 864, 16384, 95
 282, 864, 16384, 95
 282, 864, 16384, 95
 282, 864, 16384, 95
 282, 864, 16384, 95
 282, 864, 16384, 95
 282, 864, 16384, 95
 282, 864, 16384, 95
 282, 539, 16384, 97
 283, 542, 16384, 97
 283, 542, 16384, 97
 283, 542, 16384, 97
 283, 542, 16384, 97
 283, 542, 16384, 97
 283, 542, 16384, 97
 283, 542, 16384, 97
 283, 542, 16384, 97
 283, 542, 16384, 97
 283, 343, 16384, 98
 284, 381, 16384, 98
 284, 378, 16384, 98
 284, 378, 16384, 98
 284, 378, 16384, 98
 284, 378, 16384, 98
 284, 378, 16384, 98
 284, 378, 16384, 98
 284, 378, 16384, 98
 284, 378, 16384, 98
 284, 1166, 16384, 93
 285, 1165, 16384, 93
 285, 1165, 16384, 93
 285, 1165, 16384, 93
 285, 1165, 16384, 93
 285, 1165, 16384, 93
 285, 1165, 16384, 93
 285, 1165, 16384, 93
 285, 1165, 16384, 93
 285, 1165, 16384, 93
 285, 1104, 16384, 93
 286, 1158, 16384, 93
 286, 1158, 16384, 93
 286, 1158, 16384, 93
 286, 1158, 16384, 93
 286, 1158, 16384, 93
 286, 1158, 16384, 93
 286, 1158, 16384, 93
 286, 1158, 16384, 93
 286, 1158, 16384, 93
 287, 1019, 16384, 94
 287, 1019, 16384, 94
 287, 1019, 16384, 94
 287, 1019, 16384, 94
 287, 1019, 16384, 94
 287, 1019, 16384, 94
 287, 1019, 16384, 94
 287, 1019, 16384, 94
 287, 1019, 16384, 94
 287, 915, 16384, 94
 288, 903, 16384, 94
 288, 888, 16384, 95
 288, 870, 16384, 95
 288, 870, 16384, 95
 288, 870, 16384, 95
 288, 870, 16384, 95
 288, 870, 16384, 95
 288, 870, 16384, 95
 288, 870, 16384, 95
 288, 687, 16384, 96
 289, 687, 16384, 96
 289, 687, 16384, 96
 289, 687, 16384, 96
 289, 687, 16384, 9 11, 305, 16384, 98
 21, 362, 16384, 98
 31, 291, 16384, 98
 41, 732, 16384, 96
 51, 360, 16384, 98
 61, 432, 16384, 97
 71, 440, 16384, 97
 81, 269, 16384, 98
 91, 261, 16384, 98
 101, 215, 16384, 99
 111, 184, 16384, 99
 121, 276, 16384, 98
 131, 285, 16384, 98
 141, 280, 16384, 98
 151, 302, 16384, 98
 161, 272, 16384, 98
 171, 370, 16384, 98
 181, 312, 16384, 98
 191, 210, 16384, 99
 201, 139, 16384, 99
 211, 305, 16384, 98
 221, 245, 16384, 99
 231, 182, 16384, 99
 241, 128, 16384, 99
 251, 200, 16384, 99
 261, 244, 16384, 99
 271, 292, 16384, 98
 281, 238, 16384, 99
 291, 367, 16384, 98
 301, 238, 16384, 99
 311, 293, 16384, 98
 321, 186, 16384, 99
 331, 296, 16384, 98
 341, 367, 16384, 98
 351, 351, 16384, 98
 361, 222, 16384, 99
 371, 374, 16384, 98
 311, 317, 16384, 98
 321, 186, 16384, 99
 331, 296, 16384, 98
 341, 311, 16384, 98
 351, 294, 16384, 98
 361, 277, 16384, 98
 371, 398, 16384, 98
 381, 2265, 16384, 86
 391, 637, 16384, 96
 401, 222, 16384, 99
 411, 270, 16384, 98
 421, 752, 16384, 95
 431, 304, 16384, 98
 441, 270, 16384, 98
 451, 117, 16384, 99
 461, 222, 16384, 99
 471, 326, 16384, 98
 481, 175, 16384, 99
 491, 114, 16384, 99
 501, 105, 16384, 99
 511, 145, 16384, 99
 521, 109, 16384, 99
 531, 256, 16384, 98
 541, 98, 16384, 99
 551, 145, 16384, 99
 561, 186, 16384, 99
 571, 322, 16384, 98
 581, 191, 16384, 99
 591, 209, 16384, 99
 601, 294, 16384, 98
 611, 389, 16384, 98
 621, 134, 16384, 99
 631, 87, 16384, 99
 641, 207, 16384, 99
 651, 99, 16384, 99
 661, 170, 16384, 99
 671, 536, 16384, 97
 681, 420, 16384, 97
 691, 306, 16384, 98
 701, 201, 16384, 99
 711, 194, 16384, 99
 721, 139, 16384, 99
 731, 177, 16384, 99
 741, 146, 16384, 99
 751, 113, 16384, 99
 761, 321, 16384, 98
 771, 140, 16384, 99
 781, 306, 16384, 98
 791, 345, 16384, 98
 801, 374, 16384, 98
 811, 415, 16384, 97
 821, 281, 16384, 98
 831, 401, 16384, 98
 841, 394, 16384, 98
6, 16384, 99
 298, 216, 16384, 99
 298, 216, 16384, 99
 298, 216, 16384, 99
 299, 293, 16384, 98
 299, 291, 16384, 98
 299, 305, 16384, 98
 299, 305, 16384, 98
 299, 305, 16384, 98
 299, 305, 16384, 98
 299, 305, 16384, 98
 299, 305, 16384, 98
 299, 305, 16384, 98
 299, 305, 16384, 98
 300, 211, 16384, 99
 300, 257, 16384, 98
 300, 280, 16384, 98
 300, 281, 16384, 98
 300, 281, 16384, 98
 300, 281, 16384, 98
 300, 281, 16384, 98
 300, 281, 16384, 98
 300, 281, 16384, 98
 300, 281, 16384, 98
 301, 823, 16384, 95
 301, 823, 16384, 95
 301, 823, 16384, 95
 301, 823, 16384, 95
 301, 823, 16384, 95
 301, 823, 16384, 95
 301, 823, 16384, 95
 301, 823, 16384, 95
 301, 823, 16384, 95
 301, 823, 16384, 95
 302, 340, 16384, 98
 302, 340, 16384, 98
 302, 340, 16384, 98
 302, 340, 16384, 98
 302, 340, 16384, 98
 302, 340, 16384, 98
 302, 340, 16384, 98
 302, 340, 16384, 98
 302, 340, 16384, 98
 302, 340, 16384, 98
 303, 491, 16384, 97
 303, 458, 16384, 97
 303, 458, 16384, 97
 303, 458, 16384, 97
 303, 458, 16384, 97
 303, 458, 16384, 97
 303, 458, 16384, 97
 303, 458, 16384, 97
 303, 458, 16384, 97
 304, 458, 16384, 97
 304, 331, 16384, 98
 304, 331, 16384, 98
 304, 331, 16384, 98
 304, 331, 16384, 98
 304, 331, 16384, 98
 304, 331, 16384, 98
 304, 331, 16384, 98
 304, 331, 16384, 98
 304, 331, 16384, 98
 305, 331, 16384, 98
 305, 384, 16384, 98
 305, 347, 16384, 98
 305, 347, 16384, 98
 305, 347, 16384, 98
 305, 347, 16384, 98
 305, 347, 16384, 98
 305, 347, 16384, 98
 305, 347, 16384, 98
 305, 347, 16384, 98
 306, 347, 16384, 98
 306, 474, 16384, 97
 306, 474, 16384, 97
 306, 474, 16384, 97
 306, 474, 16384, 97
 306, 474, 16384, 97
 306, 474, 16384, 97
 306, 474, 16384, 97
 306, 474, 16384, 97
 306, 474, 16384, 97
 307, 474, 16384, 97
 307, 309, 16384, 98
 307, 319, 16384, 98
 307, 319, 16384, 98
 307, 319, 16384, 98
 307, 319, 16384, 98
 307, 319, 16384, 98
 307, 319, 16384, 98
 307, 319, 16384, 98
 308, 319, 16384, 98
 308, 1035, 16384, 94
 308, 984, 16384, 94
 308, 984, 16384, 94
 308, 984, 16384, 94
 308, 984, 16384, 94
 308, 984, 16384, 94
 308, 984, 16384, 94
 308, 984, 16384, 94
 308, 984, 16384, 94
 309, 984, 16384, 94
 309, 362, 16384, 98
 309, 362, 16384, 98
 309, 362, 16384, 98
 309, 362, 16384, 98
 309, 362, 16384, 98
 309, 362, 16384, 98
 309, 362, 16384, 98
 309, 362, 16384, 98
 309, 362, 16384, 98
 310, 362, 16384, 98
 310, 285, 16384, 98
 310, 355, 16384, 98
 310, 355, 16384, 98
 310, 355, 16384, 98
 310, 355, 16384, 98
 310, 355, 16384, 98
 310, 355, 16384, 98
 310, 355, 16384, 98
 310, 355, 16384, 98
 311, 355, 16384, 98
 311, 368, 16384, 98
 311, 1181, 16384, 93
 311, 1181, 16384, 93
 311, 1181, 16384, 93
 311, 1181, 16384, 93
 311, 1181, 16384, 93
 311, 1181, 16384, 93
 311, 1181, 16384, 93
 311, 1181, 16384, 93
 312, 1181, 16384, 93
 312, 391, 16384, 98
 312, 400, 16384, 98
 312, 400, 16384, 98
 312, 400, 16384, 98
 312, 400, 16384, 98
 312, 400, 16384, 98
 312, 400, 16384, 98
 312, 400, 16384, 98
 312, 400, 16384, 98
 313, 400, 16384, 98
 313, 280, 16384, 98
 313, 297, 16384, 98
 313, 292, 16384, 98
 313, 292, 16384, 98
 313, 292, 16384, 98
 313, 292, 16384, 98
 313, 292, 16384, 98
 313, 292, 16384, 98
 314, 292, 16384, 98
 314, 292, 16384, 98
 314, 375, 16384, 98
 314, 393, 16384, 98
 314, 361, 16384, 98
 314, 361, 16384, 98
 314, 361, 16384, 98
 314, 361, 16384, 98
 314, 361, 16384, 98
 314, 361, 16384, 98
 315, 361, 16384, 98
 315, 361, 16384, 98
 315, 354, 16384, 98
 315, 377, 16384, 98
 315, 380, 16384, 98
 315, 380, 16384, 98
 315, 380, 16384, 98
 315, 380, 16384, 98
 315, 380, 16384, 98
 315, 380, 16384, 98
 316, 380, 16384, 98
 316, 380, 16384, 98
 316, 315, 16384, 98
 316, 208, 16384, 99
 316, 212, 16384, 99
 316, 212, 16384, 99
 316, 212, 16384, 99
 316, 212, 16384, 99
 316, 212, 16384, 99
 316, 212, 16384, 99
 317, 212, 16384, 99
 317, 212, 16384, 99
 317, 347, 16384, 98
 317, 365, 16384, 98
 317, 360, 16384, 98
 317, 374, 16384, 98
 317, 374, 16384, 98
 317, 374, 16384, 98
 317, 374, 16384, 98
 317, 374, 16384, 98
 318, 374, 16384, 98
 318, 374, 16384, 98
 318, 541, 16384, 97
 318, 340, 16384, 98
 318, 340, 16384, 98
 318, 340, 16384, 98
 318, 340, 16384, 98
 318, 340, 16384, 98
 318, 340, 16384, 98
 318, 340, 16384, 98
 319, 340, 16384, 98
 319, 340, 16384, 98
 319, 292, 16384, 98
 319, 288, 16384, 98
 319, 288, 16384, 98
 319, 288, 16384, 98
 319, 288, 16384, 98
 319, 288, 16384, 98
 319, 288, 16384, 98
 319, 288, 16384, 98
 320, 288, 16384, 98
 320, 288, 16384, 98
 320, 613, 16384, 96
 320, 378, 16384, 98
 320, 311, 16384, 98
 320, 311, 16384, 98
 320, 311, 16384, 98
 320, 311, 16384, 98
 320, 311, 16384, 98
 320, 311, 16384, 98
 321, 311, 16384, 98
 321, 311, 16384, 98
 321, 291, 16384, 98
 321, 293, 16384, 98
 321, 294, 16384, 98
 321, 281, 16384, 98
 321, 281, 16384, 98
 321, 281, 16384, 98
 321, 281, 16384, 98
 322, 281, 16384, 98
 322, 281, 16384, 98
 322, 281, 16384, 98
 322, 365, 16384, 98
 322, 734, 16384, 96
 322, 1175, 16384, 93
 322, 1175, 16384, 93
 322, 1175, 16384, 93
 322, 1175, 16384, 93
 322, 1175, 16384, 93
 323, 1175, 16384, 93
 323, 1175, 16384, 93
 323, 1175, 16384, 93
 323, 258, 16384, 98
 323, 323, 16384, 98
 323, 323, 16384, 98
 323, 323, 16384, 98
 323, 323, 16384, 98
 323, 323, 16384, 98
 323, 323, 16384, 98
 324, 323, 16384, 98
 324, 323, 16384, 98
 324, 323, 16384, 98
 324, 147, 16384, 99
 324, 243, 16384, 99
 324, 618, 16384, 96
 324, 618, 16384, 96
 324, 618, 16384, 96
 324, 618, 16384, 96
 324, 618, 16384, 96
 325, 618, 16384, 96
 325, 618, 16384, 96
 325, 618, 16384, 96
 325, 327, 16384, 98
 325, 334, 16384, 98
 325, 328, 16384, 98
 325, 328, 16384, 98
 325, 328, 16384, 98
 325, 328, 16384, 98
 325, 328, 16384, 98
 326, 328, 16384, 98
 326, 328, 16384, 98
 326, 328, 16384, 98
 326, 373, 16384, 98
 326, 375, 16384, 98
 326, 375, 16384, 98
 326, 375, 16384, 98
 326, 375, 16384, 98
 326, 375, 16384, 98
 326, 375, 16384, 98
 327, 375, 16384, 98
 327, 375, 16384, 98
 327, 375, 16384, 98
 327, 338, 16384, 98
 327, 268, 16384, 98
 327, 295, 16384, 98
 327, 295, 16384, 98
 327, 295, 16384, 98
 327, 295, 16384, 98
 327, 295, 16384, 98
 328, 295, 16384, 98
 328, 295, 16384, 98
 328, 295, 16384, 98
 328, 927, 16384, 94
 328, 836, 16384, 95
 328, 794, 16384, 95
 328, 732, 16384, 96
 328, 732, 16384, 96
 328, 732, 16384, 96
 328, 732, 16384, 96
 329, 732, 16384, 96
 329, 732, 16384, 96
 329, 732, 16384, 96
 329, 192, 16384, 99
 329, 201, 16384, 99
 329, 201, 16384, 99
 329, 201, 16384, 99
 329, 201, 16384, 99
 329, 201, 16384, 99
 329, 201, 16384, 99
 330, 201, 16384, 99
 330, 201, 16384, 99
 330, 201, 16384, 99
 330, 289, 16384, 98
 330, 839, 16384, 95
 330, 787, 16384, 95
 330, 787, 16384, 95
 330, 787, 16384, 95
 330, 787, 16384, 95
 330, 787, 16384, 95
 331, 787, 16384, 95
 331, 787, 16384, 95
 331, 787, 16384, 95
 331, 355, 16384, 98
 331, 236, 16384, 99
 331, 256, 16384, 98
 331, 268, 16384, 98
 331, 268, 16384, 98
 331, 268, 16384, 98
 332, 268, 16384, 98
 332, 268, 16384, 98
 332, 268, 16384, 98
 332, 268, 16384, 98
 332, 361, 16384, 98
 332, 371, 16384, 98
 332, 326, 16384, 98
 332, 326, 16384, 98
 332, 326, 16384, 98
 332, 326, 16384, 98
 333, 326, 16384, 98
 333, 326, 16384, 98
 333, 326, 16384, 98
 333, 326, 16384, 98
 333, 310, 16384, 98
 333, 1063, 16384, 94
 333, 1050, 16384, 94
 333, 1050, 16384, 94
 333, 1050, 16384, 94
 333, 1050, 16384, 94
 334, 1050, 16384, 94
 334, 1050, 16384, 94
 334, 1050, 16384, 94
 334, 1050, 16384, 94
 334, 603, 16384, 96
 334, 596, 16384, 96
 334, 596, 16384, 96
 334, 596, 16384, 96
 334, 596, 16384, 96
 334, 596, 16384, 96
 335, 596, 16384, 96
 335, 596, 16384, 96
 335, 596, 16384, 96
 335, 596, 16384, 96
 335, 324, 16384, 98
 335, 317, 16384, 98
 335, 317, 16384, 98
 335, 317, 16384, 98
 335, 317, 16384, 98
 335, 317, 16384, 98
 336, 317, 16384, 98
 336, 317, 16384, 98
 336, 317, 16384, 98
 336, 317, 16384, 98
 336, 265, 16384, 98
 336, 1066, 16384, 93
 336, 1061, 16384, 94
 336, 1061, 16384, 94
 336, 1061, 16384, 94
 336, 1061, 16384, 94
 337, 1061, 16384, 94
 337, 1061, 16384, 94
 337, 1061, 16384, 94
 337, 1061, 16384, 94
 337, 354, 16384, 98
 337, 362, 16384, 98
 337, 365, 16384, 98
 337, 365, 16384, 98
 337, 365, 16384, 98
 337, 365, 16384, 98
 338, 365, 16384, 98
 338, 365, 16384, 98
 338, 365, 16384, 98
 338, 365, 16384, 98
 338, 359, 16384, 98
 338, 360, 16384, 98
 338, 360, 16384, 98
 338, 360, 16384, 98
 338, 360, 16384, 98
 339, 360, 16384, 98
 339, 360, 16384, 98
 339, 360, 16384, 98
 339, 360, 16384, 98
 339, 360, 16384, 98
 339, 307, 16384, 98
 339, 253, 16384, 98
 339, 290, 16384, 98
 339, 270, 16384, 98
 339, 270, 16384, 98
 340, 270, 16384, 98
 340, 270, 16384, 98
 340, 270, 16384, 98
 340, 270, 16384, 98
 340, 270, 16384, 98
 340, 491, 16384, 97
 340, 323, 16384, 98
 340, 323, 16384, 98
 340, 323, 16384, 98
 340, 323, 16384, 98
 341, 323, 16384, 98
 341, 323, 16384, 98
 341, 323, 16384, 98
 341, 323, 16384, 98
 341, 323, 16384, 98
 341, 1182, 16384, 93
 341, 1154, 16384, 93
 341, 1111, 16384, 93
 341, 1111, 16384, 93
 341, 1111, 16384, 93
 342, 1111, 16384, 93
 342, 1111, 16384, 93
 342, 1111, 16384, 93
 342, 1111, 16384, 93
 342, 1111, 16384, 93
 342, 299, 16384, 98
 342, 348, 16384, 98
 342, 362, 16384, 98
 342, 362, 16384, 98
 342, 362, 16384, 98
 343, 362, 16384, 98
 343, 362, 16384, 98
 343, 362, 16384, 98
 343, 362, 16384, 98
 343, 362, 16384, 98
 343, 352, 16384, 98
 343, 352, 16384, 98
 343, 352, 16384, 98
 343, 352, 16384, 98
 343, 352, 16384, 98
 344, 352, 16384, 98
 344, 352, 16384, 98
 344, 352, 16384, 98
 344, 352, 16384, 98
 344, 352, 16384, 98
 344, 720, 16384, 96
 344, 620, 16384, 96
 344, 620, 16384, 96
 344, 620, 16384, 96
 344, 620, 16384, 96
 345, 620, 16384, 96
 345, 620, 16384, 96
 345, 620, 16384, 96
 345, 620, 16384, 96
 345, 620, 16384, 96
 345, 302, 16384, 98
 345, 1031, 16384, 94
 345, 1031, 16384, 94
 345, 1031, 16384, 94
 345, 1031, 16384, 94
 346, 1031, 16384, 94
 346, 1031, 16384, 94
 346, 1031, 16384, 94
 346, 1031, 16384, 94
 346, 1031, 16384, 94
 346, 366, 16384, 98
 346, 361, 16384, 98
 346, 361, 16384, 98
 346, 361, 16384, 98
 347, 361, 16384, 98
 347, 361, 16384, 98
 347, 361, 16384, 98
 347, 361, 16384, 98
 347, 361, 16384, 98
 347, 361, 16384, 98
 347, 392, 16384, 98
 347, 408, 16384, 98
 347, 408, 16384, 98
 347, 408, 16384, 98
 348, 408, 16384, 98
 348, 408, 16384, 98
 348, 408, 16384, 98
 348, 408, 16384, 98
 348, 408, 16384, 98
 348, 408, 16384, 98
 348, 432, 16384, 97
 348, 432, 16384, 97
 348, 432, 16384, 97
 348, 432, 16384, 97
 349, 432, 16384, 97
 349, 432, 16384, 97
 349, 432, 16384, 97
 349, 432, 16384, 97
 349, 432, 16384, 97
 349, 363, 16384, 98
 349, 365, 16384, 98
 349, 365, 16384, 98
 349, 365, 16384, 98
 349, 365, 16384, 98
 350, 365, 16384, 98
 350, 365, 16384, 98
 350, 365, 16384, 98
 350, 365, 16384, 98
 350, 365, 16384, 98
 350, 713, 16384, 96
 350, 685, 16384, 96
 350, 685, 16384, 96
 350, 685, 16384, 96
 350, 685, 16384, 96
 351, 685, 16384, 96
 351, 685, 16384, 96
 351, 685, 16384, 96
 351, 685, 16384, 96
 351, 685, 16384, 96
 351, 995, 16384, 94
 351, 945, 16384, 94
 351, 944, 16384, 94
 351, 944, 16384, 94
 351, 944, 16384, 94
 352, 944, 16384, 94
 352, 944, 16384, 94
 352, 944, 16384, 94
 352, 944, 16384, 94
 352, 944, 16384, 94
 352, 140, 16384, 99
 352, 140, 16384, 99
 352, 140, 16384, 99
 352, 140, 16384, 99
 353, 140, 16384, 99
 353, 140, 16384, 99
 353, 140, 16384, 99
 353, 140, 16384, 99
 353, 140, 16384, 99
 353, 140, 16384, 99
 353, 368, 16384, 98
 353, 391, 16384, 98
 353, 420, 16384, 97
 353, 420, 16384, 97
 354, 420, 16384, 97
 354, 420, 16384, 97
 354, 420, 16384, 97
 354, 420, 16384, 97
 354, 420, 16384, 97
 354, 420, 16384, 97
 354, 1263, 16384, 92
 354, 1252, 16384, 92
 354, 1252, 16384, 92
 354, 1252, 16384, 92
 355, 1252, 16384, 92
 355, 1252, 16384, 92
 355, 1252, 16384, 92
 355, 1252, 16384, 92
 355, 1252, 16384, 92
 355, 1252, 16384, 92
 355, 361, 16384, 98
 355, 399, 16384, 98
 355, 405, 16384, 98
 355, 405, 16384, 98
 356, 405, 16384, 98
 356, 405, 16384, 98
 356, 405, 16384, 98
 356, 405, 16384, 98
 356, 405, 16384, 98
 356, 998, 16384, 94
 356, 974, 16384, 94
 356, 974, 16384, 94
 356, 974, 16384, 94
 356, 974, 16384, 94
 357, 974, 16384, 94
 357, 974, 16384, 94
 357, 974, 16384, 94
 357, 974, 16384, 94
 357, 974, 16384, 94
 357, 368, 16384, 98
 357, 362, 16384, 98
 357, 362, 16384, 98
 357, 362, 16384, 98
 358, 362, 16384, 98
 358, 362, 16384, 98
 358, 362, 16384, 98
 358, 362, 16384, 98
 358, 362, 16384, 98
 358, 362, 16384, 98
 358, 420, 16384, 97
 358, 440, 16384, 97
 358, 440, 16384, 97
 358, 440, 16384, 97
 359, 440, 16384, 97
 359, 440, 16384, 97
 359, 440, 16384, 97
 359, 440, 16384, 97
 359, 440, 16384, 97
 359, 440, 16384, 97
 359, 417, 16384, 97
 359, 433, 16384, 97
 359, 433, 16384, 97
 359, 433, 16384, 97
 360, 433, 16384, 97
 360, 433, 16384, 97
 360, 433, 16384, 97
 360, 433, 16384, 97
 360, 433, 16384, 97
 360, 433, 16384, 97
 360, 403, 16384, 98
 360, 392, 16384, 98
 360, 392, 16384, 98
 360, 392, 16384, 98
 361, 392, 16384, 98
 361, 392, 16384, 98
 361, 392, 16384, 98
 361, 392, 16384, 98
 361, 392, 16384, 98
 361, 392, 16384, 98
 361, 376, 16384, 98
 361, 381, 16384, 98
 361, 381, 16384, 98
 362, 381, 16384, 98
 362, 381, 16384, 98
 362, 381, 16384, 98
 362, 381, 16384, 98
 362, 381, 16384, 98
 362, 381, 16384, 98
 362, 381, 16384, 98
 362, 424, 16384, 97
 362, 420, 16384, 97
 362, 396, 16384, 98
 363, 396, 16384, 98
 363, 396, 16384, 98
 363, 396, 16384, 98
 363, 396, 16384, 98
 363, 396, 16384, 98
 363, 396, 16384, 98
 363, 396, 16384, 98
 363, 391, 16384, 98
 363, 397, 16384, 98
 363, 397, 16384, 98
 364, 397, 16384, 98
 364, 397, 16384, 98
 364, 397, 16384, 98
 364, 397, 16384, 98
 364, 397, 16384, 98
 364, 397, 16384, 98
 364, 397, 16384, 98
 364, 711, 16384, 96
 364, 398, 16384, 98
 364, 391, 16384, 98
 365, 378, 16384, 98
 365, 378, 16384, 98
 365, 378, 16384, 98
 365, 378, 16384, 98
 365, 378, 16384, 98
 365, 378, 16384, 98
 365, 378, 16384, 98
 365, 1189, 16384, 93
 365, 1556, 16384, 91
 365, 1556, 16384, 91
 366, 1556, 16384, 91
 366, 1556, 16384, 91
 366, 1556, 16384, 91
 366, 1556, 16384, 91
 366, 1556, 16384, 91
 366, 1556, 16384, 91
 366, 1556, 16384, 91
 366, 390, 16384, 98
 366, 390, 16384, 98
 366, 390, 16384, 98
 367, 390, 16384, 98
 367, 390, 16384, 98
 367, 390, 16384, 98
 367, 390, 16384, 98
 367, 390, 16384, 98
 367, 390, 16384, 98
 367, 390, 16384, 98
 367, 392, 16384, 98
 368, 370, 16384, 98
 368, 370, 16384, 98
 368, 370, 16384, 98
 368, 370, 16384, 98
 368, 370, 16384, 98
 368, 370, 16384, 98
 368, 370, 16384, 98
 368, 243, 16384, 99
 368, 261, 16384, 98
 368, 270, 16384, 98
 369, 269, 16384, 98
 369, 269, 16384, 98
 369, 269, 16384, 98
 369, 269, 16384, 98
 369, 269, 16384, 98
 369, 269, 16384, 98
 369, 269, 16384, 98
 369, 320, 16384, 98
 369, 340, 16384, 98
 369, 425, 16384, 97
 370, 425, 16384, 97
 370, 425, 16384, 97
 370, 425, 16384, 97
 370, 425, 16384, 97
 370, 425, 16384, 97
 370, 425, 16384, 97
 370, 425, 16384, 97
 370, 309, 16384, 98
 370, 323, 16384, 98
 371, 280, 16384, 98
 371, 287, 16384, 98
 371, 287, 16384, 98
 371, 287, 16384, 98
 371, 287, 16384, 98
 371, 287, 16384, 98
 371, 287, 16384, 98
 371, 267, 16384, 98
 371, 273, 16384, 98
 371, 273, 16384, 98
 372, 273, 16384, 98
 372, 273, 16384, 98
 372, 273, 16384, 98
 372, 273, 16384, 98
 372, 273, 16384, 98
 372, 273, 16384, 98
 372, 273, 16384, 98
 372, 323, 16384, 98
 372, 294, 16384, 98
 372, 295, 16384, 98
 373, 299, 16384, 98
 373, 299, 16384, 98
 373, 299, 16384, 98
 373, 299, 16384, 98
 373, 299, 16384, 98
 373, 299, 16384, 98
 373, 299, 16384, 98
 373, 353, 16384, 98
 373, 341, 16384, 98
 373, 341, 16384, 98
 374, 341, 16384, 98
 374, 341, 16384, 98
 374, 341, 16384, 98
 374, 341, 16384, 98
 374, 341, 16384, 98
 374, 341, 16384, 98
 374, 341, 16384, 98
 374, 266, 16384, 98
 374, 272, 16384, 98
 375, 281, 16384, 98
 375, 269, 16384, 98
 375, 269, 16384, 98
 375, 269, 16384, 98
 375, 269, 16384, 98
 375, 269, 16384, 98
 375, 269, 16384, 98
 375, 269, 16384, 98
 375, 258, 16384, 98
 375, 265, 16384, 98
 376, 263, 16384, 98
 376, 263, 16384, 98
 376, 263, 16384, 98
 376, 263, 16384, 98
 376, 263, 16384, 98
 376, 263, 16384, 98
 376, 263, 16384, 98
 376, 263, 16384, 98
 376, 293, 16384, 98
 377, 306, 16384, 98
 377, 326, 16384, 98
 377, 326, 16384, 98
 377, 326, 16384, 98
 377, 326, 16384, 98
 377, 326, 16384, 98
 377, 326, 16384, 98
 377, 326, 16384, 98
 377, 326, 16384, 98
 377, 349, 16384, 98
 378, 329, 16384, 98
 378, 338, 16384, 98
 378, 333, 16384, 98
 378, 333, 16384, 98
 378, 333, 16384, 98
 378, 333, 16384, 98
 378, 333, 16384, 98
 378, 333, 16384, 98
 378, 333, 16384, 98
 378, 305, 16384, 98
 379, 259, 16384, 98
 379, 259, 16384, 98
 379, 261, 16384, 98
 379, 261, 16384, 98
 379, 261, 16384, 98
 379, 261, 16384, 98
 379, 261, 16384, 98
 379, 261, 16384, 98
 379, 261, 16384, 98
 379, 269, 16384, 98
 380, 262, 16384, 98
 380, 268, 16384, 98
 380, 281, 16384, 98
 380, 281, 16384, 98
 380, 281, 16384, 98
 380, 281, 16384, 98
 380, 281, 16384, 98
 380, 281, 16384, 98
 380, 281, 16384, 98
 380, 278, 16384, 98
 381, 267, 16384, 98
 381, 267, 16384, 98
 381, 267, 16384, 98
 381, 267, 16384, 98
 381, 267, 16384, 98
 381, 267, 16384, 98
 381, 267, 16384, 98
 381, 267, 16384, 98
 381, 267, 16384, 98
 382, 260, 16384, 98
 382, 265, 16384, 98
 382, 265, 16384, 98
 382, 265, 16384, 98
 382, 265, 16384, 98
 382, 265, 16384, 98
 382, 265, 16384, 98
 382, 265, 16384, 98
 382, 265, 16384, 98
 382, 265, 16384, 98
 383, 274, 16384, 98
 383, 282, 16384, 98
 383, 282, 16384, 98
 383, 282, 16384, 98
 383, 282, 16384, 98
 383, 282, 16384, 98
 383, 282, 16384, 98
 383, 282, 16384, 98
 383, 282, 16384, 98
 383, 282, 16384, 98
 384, 348, 16384, 98
 384, 362, 16384, 98
 384, 357, 16384, 98
 384, 357, 16384, 98
 384, 357, 16384, 98
 384, 357, 16384, 98
 384, 357, 16384, 98
 384, 357, 16384, 98
 384, 357, 16384, 98
 384, 357, 16384, 98
 385, 331, 16384, 98
 385, 341, 16384, 98
 385, 360, 16384, 98
 385, 360, 16384, 98
 385, 360, 16384, 98
 385, 360, 16384, 98
 385, 360, 16384, 98
 385, 360, 16384, 98
 385, 360, 16384, 98
 386, 360, 16384, 98
 386, 358, 16384, 98
 386, 350, 16384, 98
 386, 290, 16384, 98
 386, 293, 16384, 98
 386, 293, 16384, 98
 386, 293, 16384, 98
 386, 293, 16384, 98
 386, 293, 16384, 98
 386, 293, 16384, 98
 387, 293, 16384, 98
 387, 313, 16384, 98
 387, 320, 16384, 98
 387, 316, 16384, 98
 387, 312, 16384, 98
 387, 312, 16384, 98
 387, 312, 16384, 98
 387, 312, 16384, 98
 387, 312, 16384, 98
 387, 312, 16384, 98
 388, 312, 16384, 98
 388, 267, 16384, 98
 388, 244, 16384, 99
 388, 244, 16384, 99
 388, 244, 16384, 99
 388, 244, 16384, 99
 388, 244, 16384, 99
 388, 244, 16384, 99
 388, 244, 16384, 99
 388, 244, 16384, 99
 389, 244, 16384, 99
 389, 198, 16384, 99
 389, 186, 16384, 99
 389, 200, 16384, 99
 389, 200, 16384, 99
 389, 200, 16384, 99
 389, 200, 16384, 99
 389, 200, 16384, 99
 389, 200, 16384, 99
 390, 200, 16384, 99
 390, 200, 16384, 99
 390, 199, 16384, 99
 390, 192, 16384, 99
 390, 192, 16384, 99
 390, 192, 16384, 99
 390, 192, 16384, 99
 390, 192, 16384, 99
 390, 192, 16384, 99
 390, 192, 16384, 99
 391, 192, 16384, 99
 391, 192, 16384, 99
 391, 173, 16384, 99
 391, 173, 16384, 99
 391, 173, 16384, 99
 391, 173, 16384, 99
 391, 173, 16384, 99
 391, 173, 16384, 99
 391, 173, 16384, 99
 391, 173, 16384, 99
 392, 173, 16384, 99
 392, 173, 16384, 99
 392, 185, 16384, 99
 392, 190, 16384, 99
 392, 190, 16384, 99
 392, 190, 16384, 99
 392, 190, 16384, 99
 392, 190, 16384, 99
 392, 190, 16384, 99
 392, 190, 16384, 99
 393, 190, 16384, 99
 393, 190, 16384, 99
 393, 165, 16384, 99
 393, 169, 16384, 99
 393, 159, 16384, 99
 393, 159, 16384, 99
 393, 159, 16384, 99
 393, 159, 16384, 99
 393, 159, 16384, 99
 394, 159, 16384, 99
 394, 159, 16384, 99
 394, 159, 16384, 99
 394, 161, 16384, 99
 394, 166, 16384, 99
 394, 166, 16384, 99
 394, 166, 16384, 99
 394, 166, 16384, 99
 394, 166, 16384, 99
 394, 166, 16384, 99
 395, 166, 16384, 99
 395, 166, 16384, 99
 395, 166, 16384, 99
 395, 137, 16384, 99
 395, 135, 16384, 99
 395, 135, 16384, 99
 395, 135, 16384, 99
 395, 135, 16384, 99
 395, 135, 16384, 99
 395, 135, 16384, 99
 396, 135, 16384, 99
 396, 135, 16384, 99
 396, 135, 16384, 99
 396, 139, 16384, 99
 396, 139, 16384, 99
 396, 139, 16384, 99
 396, 139, 16384, 99
 396, 139, 16384, 99
 396, 139, 16384, 99
 396, 139, 16384, 99
 397, 139, 16384, 99
 397, 139, 16384, 99
 397, 139, 16384, 99
 397, 152, 16384, 99
 397, 152, 16384, 99
 397, 152, 16384, 99
 397, 152, 16384, 99
 397, 152, 16384, 99
 397, 152, 16384, 99
 397, 152, 16384, 99
 398, 152, 16384, 99
 398, 152, 16384, 99
 398, 152, 16384, 99
 398, 168, 16384, 99
 398, 184, 16384, 99
 398, 184, 16384, 99
 398, 184, 16384, 99
 398, 184, 16384, 99
 398, 184, 16384, 99
 399, 184, 16384, 99
 399, 184, 16384, 99
 399, 184, 16384, 99
 399, 184, 16384, 99
 399, 127, 16384, 99
 399, 127, 16384, 99
 399, 127, 16384, 99
 399, 127, 16384, 99
 399, 127, 16384, 99
 399, 127, 16384, 99
 400, 127, 16384, 99
 400, 127, 16384, 99
 400, 127, 16384, 99
 400, 127, 16384, 99
 400, 146, 16384, 99
 400, 148, 16384, 99
 400, 148, 16384, 99
 400, 148, 16384, 99
 400, 148, 16384, 99
 400, 148, 16384, 99
 401, 148, 16384, 99
 401, 148, 16384, 99
 401, 148, 16384, 99
 401, 148, 16384, 99
 401, 121, 16384, 99
 401, 121, 16384, 99
 401, 121, 16384, 99
 401, 121, 16384, 99
 401, 121, 16384, 99
 401, 121, 16384, 99
 402, 121, 16384, 99
 402, 121, 16384, 99
 402, 121, 16384, 99
 402, 121, 16384, 99
 402, 128, 16384, 99
 402, 124, 16384, 99
 402, 124, 16384, 99
 402, 124, 16384, 99
 402, 124, 16384, 99
 402, 124, 16384, 99
 403, 124, 16384, 99
 403, 124, 16384, 99
 403, 124, 16384, 99
 403, 124, 16384, 99
 403, 105, 16384, 99
 403, 102, 16384, 99
 403, 102, 16384, 99
 403, 102, 16384, 99
 403, 102, 16384, 99
 403, 102, 16384, 99
 404, 102, 16384, 99
 404, 102, 16384, 99
 404, 102, 16384, 99
 404, 102, 16384, 99
 404, 110, 16384, 99
 404, 125, 16384, 99
 404, 100, 16384, 99
 404, 100, 16384, 99
 404, 100, 16384, 99
 405, 100, 16384, 99
 405, 100, 16384, 99
 405, 100, 16384, 99
 405, 100, 16384, 99
 405, 133, 16384, 99
 405, 133, 16384, 99
 405, 133, 16384, 99
 405, 133, 16384, 99
 405, 133, 16384, 99
 405, 133, 16384, 99
 406, 133, 16384, 99
 406, 133, 16384, 99
 406, 133, 16384, 99
 406, 133, 16384, 99
 406, 142, 16384, 99
 406, 126, 16384, 99
 406, 157, 16384, 99
 406, 157, 16384, 99
 406, 157, 16384, 99
 406, 157, 16384, 99
 407, 157, 16384, 99
 407, 157, 16384, 99
 407, 157, 16384, 99
 407, 157, 16384, 99
 407, 130, 16384, 99
 407, 137, 16384, 99
 407, 140, 16384, 99
 407, 144, 16384, 99
 407, 144, 16384, 99
 407, 144, 16384, 99
 408, 144, 16384, 99
 408, 144, 16384, 99
 408, 144, 16384, 99
 408, 144, 16384, 99
 408, 270, 16384, 98
 408, 271, 16384, 98
 408, 276, 16384, 98
 408, 276, 16384, 98
 408, 276, 16384, 98
 409, 276, 16384, 98
 409, 276, 16384, 98
 409, 276, 16384, 98
 409, 276, 16384, 98
 409, 276, 16384, 98
 409, 254, 16384, 98
 409, 255, 16384, 98
 409, 255, 16384, 98
 409, 255, 16384, 98
 409, 255, 16384, 98
 410, 255, 16384, 98
 410, 255, 16384, 98
 410, 255, 16384, 98
 410, 255, 16384, 98
 410, 255, 16384, 98
 410, 283, 16384, 98
 410, 307, 16384, 98
 410, 295, 16384, 98
 410, 295, 16384, 98
 410, 295, 16384, 98
 411, 295, 16384, 98
 411, 295, 16384, 98
 411, 295, 16384, 98
 411, 295, 16384, 98
 411, 306, 16384, 98
 411, 256, 16384, 98
 411, 305, 16384, 98
 411, 318, 16384, 98
 411, 318, 16384, 98
 412, 318, 16384, 98
 412, 318, 16384, 98
 412, 318, 16384, 98
 412, 318, 16384, 98
 412, 318, 16384, 98
 412, 235, 16384, 99
 412, 256, 16384, 98
 412, 275, 16384, 98
 412, 275, 16384, 98
 413, 275, 16384, 98
 413, 275, 16384, 98
 413, 275, 16384, 98
 413, 275, 16384, 98
 413, 280, 16384, 98
 413, 280, 16384, 98
 413, 280, 16384, 98
 413, 280, 16384, 98
 413, 280, 16384, 98
 414, 280, 16384, 98
 414, 280, 16384, 98
 414, 280, 16384, 98
 414, 280, 16384, 98
 414, 280, 16384, 98
 414, 175, 16384, 99
 414, 174, 16384, 99
 414, 174, 16384, 99
 414, 174, 16384, 99
 415, 174, 16384, 99
 415, 174, 16384, 99
 415, 174, 16384, 99
 415, 174, 16384, 99
 415, 174, 16384, 99
 415, 184, 16384, 99
 415, 182, 16384, 99
 415, 182, 16384, 99
 415, 182, 16384, 99
 415, 182, 16384, 99
 416, 182, 16384, 99
 416, 182, 16384, 99
 416, 182, 16384, 99
 416, 182, 16384, 99
 416, 182, 16384, 99
 416, 214, 16384, 99
 416, 162, 16384, 99
 416, 162, 16384, 99
 416, 162, 16384, 99
 417, 162, 16384, 99
 417, 162, 16384, 99
 417, 162, 16384, 99
 417, 162, 16384, 99
 417, 162, 16384, 99
 417, 162, 16384, 99
 417, 220, 16384, 99
 417, 224, 16384, 99
 417, 224, 16384, 99
 417, 224, 16384, 99
 418, 224, 16384, 99
 418, 224, 16384, 99
 418, 224, 16384, 99
 418, 224, 16384, 99
 418, 224, 16384, 99
 418, 224, 16384, 99
 418, 373, 16384, 98
 418, 341, 16384, 98
 418, 285, 16384, 98
 419, 285, 16384, 98
 419, 285, 16384, 98
 419, 285, 16384, 98
 419, 285, 16384, 98
 419, 285, 16384, 98
 419, 285, 16384, 98
 419, 273, 16384, 98
 419, 304, 16384, 98
 419, 304, 16384, 98
 419, 304, 16384, 98
 420, 304, 16384, 98
 420, 304, 16384, 98
 420, 304, 16384, 98
 420, 304, 16384, 98
 420, 304, 16384, 98
 420, 304, 16384, 98
 420, 348, 16384, 98
 420, 348, 16384, 98
 420, 348, 16384, 98
 420, 348, 16384, 98
 421, 348, 16384, 98
 421, 348, 16384, 98
 421, 348, 16384, 98
 421, 348, 16384, 98
 421, 348, 16384, 98
 421, 348, 16384, 98
 421, 362, 16384, 98
 421, 307, 16384, 98
 421, 299, 16384, 98
 422, 299, 16384, 98
 422, 299, 16384, 98
 422, 299, 16384, 98
 422, 299, 16384, 98
 422, 299, 16384, 98
 422, 299, 16384, 98
 422, 493, 16384, 97
 422, 491, 16384, 97
 422, 491, 16384, 97
 423, 491, 16384, 97
 423, 491, 16384, 97
 423, 491, 16384, 97
 423, 491, 16384, 97
 423, 491, 16384, 97
 423, 491, 16384, 97
 423, 491, 16384, 97
 423, 331, 16384, 98
 423, 353, 16384, 98
 423, 350, 16384, 98
 424, 355, 16384, 98
 424, 355, 16384, 98
 424, 355, 16384, 98
 424, 355, 16384, 98
 424, 355, 16384, 98
 424, 355, 16384, 98
 424, 385, 16384, 98
 424, 406, 16384, 98
 424, 406, 16384, 98
 425, 406, 16384, 98
 425, 406, 16384, 98
 425, 406, 16384, 98
 425, 406, 16384, 98
 425, 406, 16384, 98
 425, 406, 16384, 98
 425, 377, 16384, 98
 425, 386, 16384, 98
 425, 379, 16384, 98
 426, 379, 16384, 98
 426, 379, 16384, 98
 426, 379, 16384, 98
 426, 379, 16384, 98
 426, 379, 16384, 98
 426, 379, 16384, 98
 426, 379, 16384, 98
 426, 359, 16384, 98
 426, 359, 16384, 98
 427, 359, 16384, 98
 427, 359, 16384, 98
 427, 359, 16384, 98
 427, 359, 16384, 98
 427, 359, 16384, 98
 427, 359, 16384, 98
 427, 359, 16384, 98
 427, 348, 16384, 98
 427, 347, 16384, 98
 428, 347, 16384, 98
 428, 347, 16384, 98
 428, 347, 16384, 98
 428, 347, 16384, 98
 428, 347, 16384, 98
 428, 347, 16384, 98
 428, 347, 16384, 98
 428, 283, 16384, 98
 429, 280, 16384, 98
 429, 280, 16384, 98
 429, 280, 16384, 98
 429, 280, 16384, 98
 429, 280, 16384, 98
 429, 280, 16384, 98
 429, 280, 16384, 98
 429, 280, 16384, 98
 429, 306, 16384, 98
 429, 307, 16384, 98
 430, 309, 16384, 98
 430, 309, 16384, 98
 430, 309, 16384, 98
 430, 309, 16384, 98
 430, 309, 16384, 98
 430, 309, 16384, 98
 430, 309, 16384, 98
 430, 274, 16384, 98
 430, 239, 16384, 99
 431, 239, 16384, 99
 431, 239, 16384, 99
 431, 239, 16384, 99
 431, 239, 16384, 99
 431, 239, 16384, 99
 431, 239, 16384, 99
 431, 239, 16384, 99
 431, 239, 16384, 99
 431, 287, 16384, 98
 432, 265, 16384, 98
 432, 265, 16384, 98
 432, 265, 16384, 98
 432, 265, 16384, 98
 432, 265, 16384, 98
 432, 265, 16384, 98
 432, 265, 16384, 98
 432, 265, 16384, 98
 432, 540, 16384, 97
 432, 515, 16384, 97
 433, 495, 16384, 97
 433, 491, 16384, 97
 433, 491, 16384, 97
 433, 491, 16384, 97
 433, 491, 16384, 97
 433, 491, 16384, 97
 433, 491, 16384, 97
 433, 491, 16384, 97
 433, 351, 16384, 98
 433, 350, 16384, 98
 434, 387, 16384, 98
 434, 387, 16384, 98
 434, 387, 16384, 98
 434, 387, 16384, 98
 434, 387, 16384, 98
 434, 387, 16384, 98
 434, 387, 16384, 98
 434, 387, 16384, 98
 434, 375, 16384, 98
 435, 365, 16384, 98
 435, 372, 16384, 98
 435, 370, 16384, 98
 435, 370, 16384, 98
 435, 370, 16384, 98
 435, 370, 16384, 98
 435, 370, 16384, 98
 435, 370, 16384, 98
 435, 370, 16384, 98
 435, 405, 16384, 98
 436, 402, 16384, 98
 436, 419, 16384, 97
 436, 420, 16384, 97
 436, 420, 16384, 97
 436, 420, 16384, 97
 436, 420, 16384, 97
 436, 420, 16384, 97
 436, 420, 16384, 97
 436, 420, 16384, 97
 437, 385, 16384, 98
 437, 394, 16384, 98
 437, 394, 16384, 98
 437, 394, 16384, 98
 437, 394, 16384, 98
 437, 394, 16384, 98
 437, 394, 16384, 98
 437, 394, 16384, 98
 437, 394, 16384, 98
 437, 394, 16384, 98
 438, 338, 16384, 98
 438, 332, 16384, 98
 438, 339, 16384, 98
 438, 339, 16384, 98
 438, 339, 16384, 98
 438, 339, 16384, 98
 438, 339, 16384, 98
 438, 339, 16384, 98
 438, 339, 16384, 98
 439, 339, 16384, 98
 439, 293, 16384, 98
 439, 309, 16384, 98
 439, 301, 16384, 98
 439, 315, 16384, 98
 439, 315, 16384, 98
 439, 315, 16384, 98
 439, 315, 16384, 98
 439, 315, 16384, 98
 439, 315, 16384, 98
 440, 315, 16384, 98
 440, 306, 16384, 98
 440, 323, 16384, 98
 440, 271, 16384, 98
 440, 271, 16384, 98
 440, 271, 16384, 98
 440, 271, 16384, 98
 440, 271, 16384, 98
 440, 271, 16384, 98
 440, 271, 16384, 98
 441, 271, 16384, 98
 441, 268, 16384, 98
 441, 292, 16384, 98
 441, 297, 16384, 98
 441, 297, 16384, 98
 441, 297, 16384, 98
 441, 297, 16384, 98
 441, 297, 16384, 98
 441, 297, 16384, 98
 442, 297, 16384, 98
 442, 297, 16384, 98
 442, 313, 16384, 98
 442, 268, 16384, 98
 442, 273, 16384, 98
 442, 273, 16384, 98
 442, 273, 16384, 98
 442, 273, 16384, 98
 442, 273, 16384, 98
 442, 273, 16384, 98
 443, 273, 16384, 98
 443, 273, 16384, 98
 443, 276, 16384, 98
 443, 288, 16384, 98
 443, 275, 16384, 98
 443, 277, 16384, 98
 443, 277, 16384, 98
 443, 277, 16384, 98
 443, 277, 16384, 98
 443, 277, 16384, 98
 444, 277, 16384, 98
 444, 277, 16384, 98
 444, 334, 16384, 98
 444, 321, 16384, 98
 444, 316, 16384, 98
 444, 316, 16384, 98
 444, 316, 16384, 98
 444, 316, 16384, 98
 444, 316, 16384, 98
 445, 316, 16384, 98
 445, 316, 16384, 98
 445, 316, 16384, 98
 445, 329, 16384, 98
 445, 324, 16384, 98
 445, 318, 16384, 98
 445, 318, 16384, 98
 445, 318, 16384, 98
 445, 318, 16384, 98
 445, 318, 16384, 98
 446, 318, 16384, 98
 446, 318, 16384, 98
 446, 318, 16384, 98
 446, 272, 16384, 98
 446, 278, 16384, 98
 446, 278, 16384, 98
 446, 278, 16384, 98
 446, 278, 16384, 98
 446, 278, 16384, 98
 446, 278, 16384, 98
 447, 278, 16384, 98
 447, 278, 16384, 98
 447, 278, 16384, 98
 447, 241, 16384, 99
 447, 247, 16384, 98
 447, 247, 16384, 98
 447, 247, 16384, 98
 447, 247, 16384, 98
 447, 247, 16384, 98
 447, 247, 16384, 98
 448, 247, 16384, 98
 448, 247, 16384, 98
 448, 247, 16384, 98
 448, 272, 16384, 98
 448, 272, 16384, 98
 448, 272, 16384, 98
 448, 272, 16384, 98
 448, 272, 16384, 98
 448, 272, 16384, 98
 449, 272, 16384, 98
 449, 272, 16384, 98
 449, 272, 16384, 98
 449, 272, 16384, 98
 449, 244, 16384, 99
 449, 244, 16384, 99
 449, 244, 16384, 99
 449, 244, 16384, 99
 449, 244, 16384, 99
 449, 244, 16384, 99
 450, 244, 16384, 99
 450, 244, 16384, 99
 450, 244, 16384, 99
 450, 244, 16384, 99
 450, 248, 16384, 98
 450, 223, 16384, 99
 450, 223, 16384, 99
 450, 223, 16384, 99
 450, 223, 16384, 99
 450, 223, 16384, 99
 451, 223, 16384, 99
 451, 223, 16384, 99
 451, 223, 16384, 99
 451, 223, 16384, 99
 451, 310, 16384, 98
 451, 271, 16384, 98
 451, 280, 16384, 98
 451, 280, 16384, 98
 451, 280, 16384, 98
 452, 280, 16384, 98
 452, 280, 16384, 98
 452, 280, 16384, 98
 452, 280, 16384, 98
 452, 280, 16384, 98
 452, 266, 16384, 98
 452, 262, 16384, 98
 452, 275, 16384, 98
 452, 275, 16384, 98
 452, 275, 16384, 98
 453, 275, 16384, 98
 453, 275, 16384, 98
 453, 275, 16384, 98
 453, 275, 16384, 98
 453, 275, 16384, 98
 453, 268, 16384, 98
 453, 279, 16384, 98
 453, 275, 16384, 98
 453, 275, 16384, 98
 453, 275, 16384, 98
 454, 275, 16384, 98
 454, 275, 16384, 98
 454, 275, 16384, 98
 454, 275, 16384, 98
 454, 275, 16384, 98
 454, 249, 16384, 98
 454, 262, 16384, 98
 454, 268, 16384, 98
 454, 276, 16384, 98
 454, 276, 16384, 98
 455, 276, 16384, 98
 455, 276, 16384, 98
 455, 276, 16384, 98
 455, 276, 16384, 98
 455, 276, 16384, 98
 455, 295, 16384, 98
 455, 298, 16384, 98
 455, 304, 16384, 98
 455, 304, 16384, 98
 456, 304, 16384, 98
 456, 304, 16384, 98
 456, 304, 16384, 98
 456, 304, 16384, 98
 456, 304, 16384, 98
 456, 304, 16384, 98
 456, 302, 16384, 98
 456, 357, 16384, 98
 456, 348, 16384, 98
 456, 352, 16384, 98
 457, 352, 16384, 98
 457, 352, 16384, 98
 457, 352, 16384, 98
 457, 352, 16384, 98
 457, 352, 16384, 98
 457, 352, 16384, 98
 457, 330, 16384, 98
 457, 334, 16384, 98
 457, 294, 16384, 98
 457, 296, 16384, 98
 458, 296, 16384, 98
 458, 296, 16384, 98
 458, 296, 16384, 98
 458, 296, 16384, 98
 458, 296, 16384, 98
 458, 296, 16384, 98
 458, 370, 16384, 98
 458, 373, 16384, 98
 458, 367, 16384, 98
 458, 370, 16384, 98
 459, 370, 16384, 98
 459, 370, 16384, 98
 459, 370, 16384, 98
 459, 370, 16384, 98
 459, 370, 16384, 98
 459, 370, 16384, 98
 459, 380, 16384, 98
 459, 390, 16384, 98
 459, 380, 16384, 98
 460, 380, 16384, 98
 460, 380, 16384, 98
 460, 380, 16384, 98
 460, 380, 16384, 98
 460, 380, 16384, 98
 460, 380, 16384, 98
 460, 380, 16384, 98
 460, 348, 16384, 98
 460, 348, 16384, 98
 460, 348, 16384, 98
 461, 348, 16384, 98
 461, 348, 16384, 98
 461, 348, 16384, 98
 461, 348, 16384, 98
 461, 348, 16384, 98
 461, 348, 16384, 98
 461, 348, 16384, 98
 461, 316, 16384, 98
 461, 316, 16384, 98
 461, 316, 16384, 98
 462, 316, 16384, 98
 462, 316, 16384, 98
 462, 316, 16384, 98
 462, 316, 16384, 98
 462, 316, 16384, 98
 462, 316, 16384, 98
 462, 316, 16384, 98
 462, 281, 16384, 98
 462, 276, 16384, 98
 462, 276, 16384, 98
 463, 276, 16384, 98
 463, 276, 16384, 98
 463, 276, 16384, 98
 463, 276, 16384, 98
 463, 276, 16384, 98
 463, 276, 16384, 98
 463, 276, 16384, 98
 463, 263, 16384, 98
 463, 273, 16384, 98
 464, 289, 16384, 98
 464, 289, 16384, 98
 464, 289, 16384, 98
 464, 289, 16384, 98
 464, 289, 16384, 98
 464, 289, 16384, 98
 464, 289, 16384, 98
 464, 273, 16384, 98
 464, 274, 16384, 98
 464, 274, 16384, 98
 465, 274, 16384, 98
 465, 274, 16384, 98
 465, 274, 16384, 98
 465, 274, 16384, 98
 465, 274, 16384, 98
 465, 274, 16384, 98
 465, 274, 16384, 98
 465, 249, 16384, 98
 465, 251, 16384, 98
 465, 251, 16384, 98
 466, 251, 16384, 98
 466, 251, 16384, 98
 466, 251, 16384, 98
 466, 251, 16384, 98
 466, 251, 16384, 98
 466, 251, 16384, 98
 466, 251, 16384, 98
 466, 258, 16384, 98
 466, 258, 16384, 98
 466, 258, 16384, 98
 467, 258, 16384, 98
 467, 258, 16384, 98
 467, 258, 16384, 98
 467, 258, 16384, 98
 467, 258, 16384, 98
 467, 258, 16384, 98
 467, 258, 16384, 98
 467, 302, 16384, 98
 467, 313, 16384, 98
 468, 307, 16384, 98
 468, 288, 16384, 98
 468, 288, 16384, 98
 468, 288, 16384, 98
 468, 288, 16384, 98
 468, 288, 16384, 98
 468, 288, 16384, 98
 468, 288, 16384, 98
 468, 331, 16384, 98
 468, 312, 16384, 98
 469, 312, 16384, 98
 469, 312, 16384, 98
 469, 312, 16384, 98
 469, 312, 16384, 98
 469, 312, 16384, 98
 469, 312, 16384, 98
 469, 312, 16384, 98
 469, 312, 16384, 98
 469, 336, 16384, 98
 469, 336, 16384, 98
 470, 336, 16384, 98
 470, 336, 16384, 98
 470, 336, 16384, 98
 470, 336, 16384, 98
 470, 336, 16384, 98
 470, 336, 16384, 98
 470, 336, 16384, 98
 470, 325, 16384, 98
 470, 326, 16384, 98
 470, 341, 16384, 98
 471, 344, 16384, 98
 471, 344, 16384, 98
 471, 344, 16384, 98
 471, 344, 16384, 98
 471, 344, 16384, 98
 471, 344, 16384, 98
 471, 344, 16384, 98
 471, 280, 16384, 98
 471, 288, 16384, 98
 472, 292, 16384, 98
 472, 292, 16384, 98
 472, 292, 16384, 98
 472, 292, 16384, 98
 472, 292, 16384, 98
 472, 292, 16384, 98
 472, 292, 16384, 98
 472, 292, 16384, 98
 472, 244, 16384, 99
 472, 238, 16384, 99
 473, 229, 16384, 99
 473, 229, 16384, 99
 473, 229, 16384, 99
 473, 229, 16384, 99
 473, 229, 16384, 99
 473, 229, 16384, 99
 473, 229, 16384, 99
 473, 229, 16384, 99
 473, 141, 16384, 99
 473, 141, 16384, 99
 474, 141, 16384, 99
 474, 141, 16384, 99
 474, 141, 16384, 99
 474, 141, 16384, 99
 474, 141, 16384, 99
 474, 141, 16384, 99
 474, 141, 16384, 99
 474, 148, 16384, 99
 474, 165, 16384, 99
 475, 160, 16384, 99
 475, 163, 16384, 99
 475, 163, 16384, 99
 475, 163, 16384, 99
 475, 163, 16384, 99
 475, 163, 16384, 99
 475, 163, 16384, 99
 475, 163, 16384, 99
 475, 144, 16384, 99
 475, 139, 16384, 99
 476, 145, 16384, 99
 476, 150, 16384, 99
 476, 150, 16384, 99
 476, 150, 16384, 99
 476, 150, 16384, 99
 476, 150, 16384, 99
 476, 150, 16384, 99
 476, 150, 16384, 99
 476, 147, 16384, 99
 477, 167, 16384, 99
 477, 169, 16384, 99
 477, 169, 16384, 99
 477, 169, 16384, 99
 477, 169, 16384, 99
 477, 169, 16384, 99
 477, 169, 16384, 99
 477, 169, 16384, 99
 477, 169, 16384, 99
 477, 191, 16384, 99
 478, 191, 16384, 99
 478, 191, 16384, 99
 478, 191, 16384, 99
 478, 191, 16384, 99
 478, 191, 16384, 99
 478, 191, 16384, 99
 478, 191, 16384, 99
 478, 191, 16384, 99
 478, 191, 16384, 99
 478, 213, 16384, 99
 479, 210, 16384, 99
 479, 210, 16384, 99
 479, 210, 16384, 99
 479, 210, 16384, 99
 479, 210, 16384, 99
 479, 210, 16384, 99
 479, 210, 16384, 99
 479, 210, 16384, 99
 479, 210, 16384, 99
 479, 180, 16384, 99
 480, 185, 16384, 99
 480, 185, 16384, 99
 480, 185, 16384, 99
 480, 185, 16384, 99
 480, 185, 16384, 99
 480, 185, 16384, 99
 480, 185, 16384, 99
 480, 185, 16384, 99
 480, 210, 16384, 99
 481, 210, 16384, 99
 481, 210, 16384, 99
 481, 210, 16384, 99
 481, 210, 16384, 99
 481, 210, 16384, 99
 481, 210, 16384, 99
 481, 210, 16384, 99
 481, 210, 16384, 99
 481, 210, 16384, 99
 482, 205, 16384, 99
 482, 211, 16384, 99
 482, 211, 16384, 99
 482, 211, 16384, 99
 482, 211, 16384, 99
 482, 211, 16384, 99
 482, 211, 16384, 99
 482, 211, 16384, 99
 482, 211, 16384, 99
 482, 211, 16384, 99
 483, 176, 16384, 99
 483, 178, 16384, 99
 483, 166, 16384, 99
 483, 166, 16384, 99
 483, 166, 16384, 99
 483, 166, 16384, 99
 483, 166, 16384, 99
 483, 166, 16384, 99
 483, 166, 16384, 99
 483, 179, 16384, 99
 484, 190, 16384, 99
 484, 184, 16384, 99
 484, 184, 16384, 99
 484, 184, 16384, 99
 484, 184, 16384, 99
 484, 184, 16384, 99
 484, 184, 16384, 99
 484, 184, 16384, 99
 484, 184, 16384, 99
 485, 180, 16384, 99
 485, 180, 16384, 99
 485, 180, 16384, 99
 485, 180, 16384, 99
 485, 180, 16384, 99
 485, 180, 16384, 99
 485, 180, 16384, 99
 485, 180, 16384, 99
 485, 180, 16384, 99
 485, 180, 16384, 99
 486, 154, 16384, 99
 486, 141, 16384, 99
 486, 141, 16384, 99
 486, 141, 16384, 99
 486, 141, 16384, 99
 486, 141, 16384, 99
 486, 141, 16384, 99
 486, 141, 16384, 99
 486, 141, 16384, 99
 486, 141, 16384, 99
 487, 91, 16384, 99
 487, 132, 16384, 99
 487, 134, 16384, 99
 487, 134, 16384, 99
 487, 134, 16384, 99
 487, 134, 16384, 99
 487, 134, 16384, 99
 487, 134, 16384, 99
 487, 134, 16384, 99
 488, 134, 16384, 99
 488, 144, 16384, 99
 488, 145, 16384, 99
 488, 145, 16384, 99
 488, 145, 16384, 99
 488, 145, 16384, 99
 488, 145, 16384, 99
 488, 145, 16384, 99
 488, 145, 16384, 99
 488, 145, 16384, 99
 489, 147, 16384, 99
 489, 159, 16384, 99
 489, 142, 16384, 99
 489, 139, 16384, 99
 489, 139, 16384, 99
 489, 139, 16384, 99
 489, 139, 16384, 99
 489, 139, 16384, 99
 489, 139, 16384, 99
 489, 139, 16384, 99
 490, 222, 16384, 99
 490, 231, 16384, 99
 490, 217, 16384, 99
 490, 217, 16384, 99
 490, 217, 16384, 99
 490, 217, 16384, 99
 490, 217, 16384, 99
 490, 217, 16384, 99
 490, 217, 16384, 99
 491, 217, 16384, 99
 491, 294, 16384, 98
 491, 294, 16384, 98
 491, 294, 16384, 98
 491, 294, 16384, 98
 491, 294, 16384, 98
 491, 294, 16384, 98
 491, 294, 16384, 98
 491, 294, 16384, 98
 491, 294, 16384, 98
 492, 294, 16384, 98
 492, 334, 16384, 98
 492, 336, 16384, 98
 492, 336, 16384, 98
 492, 336, 16384, 98
 492, 336, 16384, 98
 492, 336, 16384, 98
 492, 336, 16384, 98
 492, 336, 16384, 98
 492, 336, 16384, 98
 493, 336, 16384, 98
 493, 264, 16384, 98
 493, 268, 16384, 98
 493, 268, 16384, 98
 493, 268, 16384, 98
 493, 268, 16384, 98
 493, 268, 16384, 98
 493, 268, 16384, 98
 493, 268, 16384, 98
 493, 268, 16384, 98
 494, 296, 16384, 98
 494, 302, 16384, 98
 494, 304, 16384, 98
 494, 304, 16384, 98
 494, 304, 16384, 98
 494, 304, 16384, 98
 494, 304, 16384, 98
 494, 304, 16384, 98
 494, 304, 16384, 98
 495, 304, 16384, 98
 495, 248, 16384, 98
 495, 258, 16384, 98
 495, 259, 16384, 98
 495, 259, 16384, 98
 495, 259, 16384, 98
 495, 259, 16384, 98
 495, 259, 16384, 98
 495, 259, 16384, 98
 495, 259, 16384, 98
 496, 259, 16384, 98
 496, 341, 16384, 98
 496, 341, 16384, 98
 496, 341, 16384, 98
 496, 341, 16384, 98
 496, 341, 16384, 98
 496, 341, 16384, 98
 496, 341, 16384, 98
 496, 341, 16384, 98
 497, 341, 16384, 98
 497, 341, 16384, 98
 497, 313, 16384, 98
 497, 313, 16384, 98
 497, 300, 16384, 98
 497, 300, 16384, 98
 497, 300, 16384, 98
 497, 300, 16384, 98
 497, 300, 16384, 98
 497, 300, 16384, 98
 498, 300, 16384, 98
 498, 309, 16384, 98
 498, 302, 16384, 98
 498, 302, 16384, 98
 498, 302, 16384, 98
 498, 302, 16384, 98
 498, 302, 16384, 98
 498, 302, 16384, 98
 498, 302, 16384, 98
 498, 302, 16384, 98
 499, 302, 16384, 98
 499, 300, 16384, 98
 499, 304, 16384, 98
 499, 304, 16384, 98
 499, 304, 16384, 98
 499, 304, 16384, 98
 499, 304, 16384, 98
 499, 304, 16384, 98
 499, 304, 16384, 98
 500, 304, 16384, 98
 500, 304, 16384, 98
 500, 299, 16384, 98
 500, 299, 16384, 98
 500, 299, 16384, 98
 500, 299, 16384, 98
 500, 299, 16384, 98
 500, 299, 16384, 98
 500, 299, 16384, 98
 500, 299, 16384, 98
 501, 299, 16384, 98
 501, 299, 16384, 98
 501, 290, 16384, 98
 501, 294, 16384, 98
 501, 293, 16384, 98
 501, 295, 16384, 98
 501, 295, 16384, 98
 501, 295, 16384, 98
 501, 295, 16384, 98
 502, 295, 16384, 98
 502, 295, 16384, 98
 502, 295, 16384, 98
 502, 317, 16384, 98
 502, 315, 16384, 98
 502, 315, 16384, 98
 502, 315, 16384, 98
 502, 315, 16384, 98
 502, 315, 16384, 98
 502, 315, 16384, 98
 503, 315, 16384, 98
 503, 315, 16384, 98
 503, 315, 16384, 98
 503, 287, 16384, 98
 503, 295, 16384, 98
 503, 265, 16384, 98
 503, 291, 16384, 98
 503, 291, 16384, 98
 503, 291, 16384, 98
 503, 291, 16384, 98
 504, 291, 16384, 98
 504, 291, 16384, 98
 504, 291, 16384, 98
 504, 274, 16384, 98
 504, 266, 16384, 98
 504, 258, 16384, 98
 504, 257, 16384, 98
 504, 257, 16384, 98
 504, 257, 16384, 98
 505, 257, 16384, 98
 505, 257, 16384, 98
 505, 257, 16384, 98
 505, 257, 16384, 98
 505, 205, 16384, 99
 505, 210, 16384, 99
 505, 207, 16384, 99
 505, 216, 16384, 99
 505, 216, 16384, 99
 505, 216, 16384, 99
 506, 216, 16384, 99
 506, 216, 16384, 99
 506, 216, 16384, 99
 506, 216, 16384, 99
 506, 208, 16384, 99
 506, 208, 16384, 99
 506, 208, 16384, 99
 506, 208, 16384, 99
 506, 208, 16384, 99
 506, 208, 16384, 99
 507, 208, 16384, 99
 507, 208, 16384, 99
 507, 208, 16384, 99
 507, 208, 16384, 99
 507, 194, 16384, 99
 507, 207, 16384, 99
 507, 220, 16384, 99
 507, 220, 16384, 99
 507, 220, 16384, 99
 508, 220, 16384, 99
 508, 220, 16384, 99
 508, 220, 16384, 99
 508, 220, 16384, 99
 508, 220, 16384, 99
 508, 238, 16384, 99
 508, 233, 16384, 99
 508, 245, 16384, 99
 508, 245, 16384, 99
 508, 245, 16384, 99
 509, 245, 16384, 99
 509, 245, 16384, 99
 509, 245, 16384, 99
 509, 245, 16384, 99
 509, 245, 16384, 99
 509, 257, 16384, 98
 509, 283, 16384, 98
 509, 278, 16384, 98
 509, 278, 16384, 98
 509, 278, 16384, 98
 510, 278, 16384, 98
 510, 278, 16384, 98
 510, 278, 16384, 98
 510, 278, 16384, 98
 510, 278, 16384, 98
 510, 363, 16384, 98
 510, 324, 16384, 98
 510, 346, 16384, 98
 510, 361, 16384, 98
 510, 361, 16384, 98
 511, 361, 16384, 98
 511, 361, 16384, 98
 511, 361, 16384, 98
 511, 361, 16384, 98
 511, 361, 16384, 98
 511, 215, 16384, 99
 511, 231, 16384, 99
 511, 221, 16384, 99
 511, 215, 16384, 99
 511, 215, 16384, 99
 512, 215, 16384, 99
 512, 215, 16384, 99
 512, 215, 16384, 99
 512, 215, 16384, 99
 512, 215, 16384, 99
 512, 283, 16384, 98
 512, 293, 16384, 98
 512, 294, 16384, 98
 512, 297, 16384, 98
 512, 297, 16384, 98
 513, 297, 16384, 98
 513, 297, 16384, 98
 513, 297, 16384, 98
 513, 297, 16384, 98
 513, 297, 16384, 98
 513, 282, 16384, 98
 513, 282, 16384, 98
 513, 282, 16384, 98
 513, 282, 16384, 98
 513, 282, 16384, 98
 514, 282, 16384, 98
 514, 282, 16384, 98
 514, 282, 16384, 98
 514, 282, 16384, 98
 514, 282, 16384, 98
 514, 309, 16384, 98
 514, 319, 16384, 98
 514, 386, 16384, 98
 514, 375, 16384, 98
 515, 375, 16384, 98
 515, 375, 16384, 98
 515, 375, 16384, 98
 515, 375, 16384, 98
 515, 375, 16384, 98
 515, 375, 16384, 98
 515, 305, 16384, 98
 515, 272, 16384, 98
 515, 272, 16384, 98
 515, 272, 16384, 98
 516, 272, 16384, 98
 516, 272, 16384, 98
 516, 272, 16384, 98
 516, 272, 16384, 98
 516, 272, 16384, 98
 516, 272, 16384, 98
 516, 261, 16384, 98
 516, 275, 16384, 98
 516, 272, 16384, 98
 516, 272, 16384, 98
 517, 272, 16384, 98
 517, 272, 16384, 98
 517, 272, 16384, 98
 517, 272, 16384, 98
 517, 272, 16384, 98
 517, 272, 16384, 98
 517, 206, 16384, 99
 517, 213, 16384, 99
 517, 213, 16384, 99
 517, 213, 16384, 99
 518, 213, 16384, 99
 518, 213, 16384, 99
 518, 213, 16384, 99
 518, 213, 16384, 99
 518, 213, 16384, 99
 518, 213, 16384, 99
 518, 172, 16384, 99
 518, 168, 16384, 99
 518, 185, 16384, 99
 518, 182, 16384, 99
 519, 182, 16384, 99
 519, 182, 16384, 99
 519, 182, 16384, 99
 519, 182, 16384, 99
 519, 182, 16384, 99
 519, 182, 16384, 99
 519, 179, 16384, 99
 519, 192, 16384, 99
 519, 195, 16384, 99
 519, 195, 16384, 99
 520, 195, 16384, 99
 520, 195, 16384, 99
 520, 195, 16384, 99
 520, 195, 16384, 99
 520, 195, 16384, 99
 520, 195, 16384, 99
 520, 202, 16384, 99
 520, 205, 16384, 99
 520, 230, 16384, 99
 520, 221, 16384, 99
 521, 221, 16384, 99
 521, 221, 16384, 99
 521, 221, 16384, 99
 521, 221, 16384, 99
 521, 221, 16384, 99
 521, 221, 16384, 99
 521, 188, 16384, 99
 521, 187, 16384, 99
 521, 180, 16384, 99
 522, 180, 16384, 99
 522, 180, 16384, 99
 522, 180, 16384, 99
 522, 180, 16384, 99
 522, 180, 16384, 99
 522, 180, 16384, 99
 522, 180, 16384, 99
 522, 182, 16384, 99
 522, 180, 16384, 99
 522, 180, 16384, 99
 523, 180, 16384, 99
 523, 180, 16384, 99
 523, 180, 16384, 99
 523, 180, 16384, 99
 523, 180, 16384, 99
 523, 180, 16384, 99
 523, 180, 16384, 99
 523, 175, 16384, 99
 523, 177, 16384, 99
 523, 175, 16384, 99
 524, 195, 16384, 99
 524, 195, 16384, 99
 524, 195, 16384, 99
 524, 195, 16384, 99
 524, 195, 16384, 99
 524, 195, 16384, 99
 524, 195, 16384, 99
 524, 124, 16384, 99
 524, 118, 16384, 99
 524, 118, 16384, 99
 525, 118, 16384, 99
 525, 118, 16384, 99
 525, 118, 16384, 99
 525, 118, 16384, 99
 525, 118, 16384, 99
 525, 118, 16384, 99
 525, 118, 16384, 99
 525, 112, 16384, 99
 525, 123, 16384, 99
 525, 127, 16384, 99
 526, 127, 16384, 99
 526, 127, 16384, 99
 526, 127, 16384, 99
 526, 127, 16384, 99
 526, 127, 16384, 99
 526, 127, 16384, 99
 526, 127, 16384, 99
 526, 146, 16384, 99
 526, 126, 16384, 99
 526, 128, 16384, 99
 527, 128, 16384, 99
 527, 128, 16384, 99
 527, 128, 16384, 99
 527, 128, 16384, 99
 527, 128, 16384, 99
 527, 128, 16384, 99
 527, 128, 16384, 99
 527, 112, 16384, 99
 527, 121, 16384, 99
 527, 136, 16384, 99
 528, 132, 16384, 99
 528, 132, 16384, 99
 528, 132, 16384, 99
 528, 132, 16384, 99
 528, 132, 16384, 99
 528, 132, 16384, 99
 528, 132, 16384, 99
 528, 125, 16384, 99
 528, 125, 16384, 99
 529, 128, 16384, 99
 529, 128, 16384, 99
 529, 128, 16384, 99
 529, 128, 16384, 99
 529, 128, 16384, 99
 529, 128, 16384, 99
 529, 128, 16384, 99
 529, 128, 16384, 99
 529, 126, 16384, 99
 529, 125, 16384, 99
 530, 142, 16384, 99
 530, 142, 16384, 99
 530, 142, 16384, 99
 530, 142, 16384, 99
 530, 142, 16384, 99
 530, 142, 16384, 99
 530, 142, 16384, 99
 530, 142, 16384, 99
 530, 114, 16384, 99
 530, 108, 16384, 99
 531, 108, 16384, 99
 531, 108, 16384, 99
 531, 108, 16384, 99
 531, 108, 16384, 99
 531, 108, 16384, 99
 531, 108, 16384, 99
 531, 108, 16384, 99
 531, 108, 16384, 99
 531, 105, 16384, 99
 531, 103, 16384, 99
 532, 103, 16384, 99
 532, 103, 16384, 99
 532, 103, 16384, 99
 532, 103, 16384, 99
 532, 103, 16384, 99
 532, 103, 16384, 99
 532, 103, 16384, 99
 532, 103, 16384, 99
 532, 111, 16384, 99
 532, 102, 16384, 99
 533, 102, 16384, 99
 533, 102, 16384, 99
 533, 102, 16384, 99
 533, 102, 16384, 99
 533, 102, 16384, 99
 533, 102, 16384, 99
 533, 102, 16384, 99
 533, 102, 16384, 99
 533, 2459, 16384, 85
 533, 2822, 16384, 83
 534, 2769, 16384, 83
 534, 2769, 16384, 83
 534, 2769, 16384, 83
 534, 2769, 16384, 83
 534, 2769, 16384, 83
 534, 2769, 16384, 83
 534, 2769, 16384, 83
 534, 2769, 16384, 83
 534, 1561, 16384, 90
 534, 1267, 16384, 92
 535, 1261, 16384, 92
 535, 1261, 16384, 92
 535, 1261, 16384, 92
 535, 1261, 16384, 92
 535, 1261, 16384, 92
 535, 1261, 16384, 92
 535, 1261, 16384, 92
 535, 1261, 16384, 92
 535, 149, 16384, 99
 535, 1300, 16384, 92
 536, 2294, 16384, 86
 536, 2190, 16384, 87
 536, 2190, 16384, 87
 536, 2190, 16384, 87
 536, 2190, 16384, 87
 536, 2190, 16384, 87
 536, 2190, 16384, 87
 536, 2190, 16384, 87
 536, 1272, 16384, 92
 536, 912, 16384, 94
 537, 673, 16384, 96
 537, 673, 16384, 96
 537, 673, 16384, 96
 537, 673, 16384, 96
 537, 673, 16384, 96
 537, 673, 16384, 96
 537, 673, 16384, 96
 537, 673, 16384, 96
 537, 380, 16384, 98
 538, 380, 16384, 98
 538, 380, 16384, 98
 538, 380, 16384, 98
 538, 380, 16384, 98
 538, 380, 16384, 98
 538, 380, 16384, 98
 538, 380, 16384, 98
 538, 380, 16384, 98
 538, 209, 16384, 99
 539, 200, 16384, 99
 539, 200, 16384, 99
 539, 200, 16384, 99
 539, 200, 16384, 99
 539, 200, 16384, 99
 539, 200, 16384, 99
 539, 200, 16384, 99
 539, 200, 16384, 99
 539, 200, 16384, 99
 539, 268, 16384, 98
 540, 274, 16384, 98
 540, 274, 16384, 98
 540, 274, 16384, 98
 540, 274, 16384, 98
 540, 274, 16384, 98
 540, 274, 16384, 98
 540, 274, 16384, 98
 540, 274, 16384, 98
 540, 274, 16384, 98
 540, 314, 16384, 98
 541, 315, 16384, 98
 541, 312, 16384, 98
 541, 312, 16384, 98
 541, 312, 16384, 98
 541, 312, 16384, 98
 541, 312, 16384, 98
 541, 312, 16384, 98
 541, 312, 16384, 98
 541, 336, 16384, 98
 542, 344, 16384, 98
 542, 344, 16384, 98
 542, 344, 16384, 98
 542, 344, 16384, 98
 542, 344, 16384, 98
 542, 344, 16384, 98
 542, 344, 16384, 98
 542, 344, 16384, 98
 542, 344, 16384, 98
 542, 285, 16384, 98
 543, 303, 16384, 98
 543, 303, 16384, 98
 543, 303, 16384, 98
 543, 303, 16384, 98
 543, 303, 16384, 98
 543, 303, 16384, 98
 543, 303, 16384, 98
 543, 303, 16384, 98
 543, 303, 16384, 98
 543, 323, 16384, 98
 544, 336, 16384, 98
 544, 323, 16384, 98
 544, 323, 16384, 98
 544, 323, 16384, 98
 544, 323, 16384, 98
 544, 323, 16384, 98
 544, 323, 16384, 98
 544, 323, 16384, 98
 544, 323, 16384, 98
 544, 325, 16384, 98
 545, 325, 16384, 98
 545, 325, 16384, 98
 545, 325, 16384, 98
 545, 325, 16384, 98
 545, 325, 16384, 98
 545, 325, 16384, 98
 545, 325, 16384, 98
 545, 325, 16384, 98
 545, 325, 16384, 98
 546, 319, 16384, 98
 546, 300, 16384, 98
 546, 301, 16384, 98
 546, 301, 16384, 98
 546, 301, 16384, 98
 546, 301, 16384, 98
 546, 301, 16384, 98
 546, 301, 16384, 98
 546, 301, 16384, 98
 546, 301, 16384, 98
 547, 313, 16384, 98
 547, 313, 16384, 98
 547, 313, 16384, 98
 547, 313, 16384, 98
 547, 313, 16384, 98
 547, 313, 16384, 98
 547, 313, 16384, 98
 547, 313, 16384, 98
 547, 313, 16384, 98
 547, 313, 16384, 98
 548, 286, 16384, 98
 548, 277, 16384, 98
 548, 262, 16384, 98
 548, 262, 16384, 98
 548, 262, 16384, 98
 548, 262, 16384, 98
 548, 262, 16384, 98
 548, 262, 16384, 98
 548, 262, 16384, 98
 548, 262, 16384, 98
 549, 244, 16384, 99
 549, 244, 16384, 99
 549, 244, 16384, 99
 549, 244, 16384, 99
 549, 244, 16384, 99
 549, 244, 16384, 99
 549, 244, 16384, 99
 549, 244, 16384, 99
 549, 244, 16384, 99
 549, 198, 16384, 99
 550, 217, 16384, 99
 550, 181, 16384, 99
 550, 181, 16384, 99
 550, 181, 16384, 99
 550, 181, 16384, 99
 550, 181, 16384, 99
 550, 181, 16384, 99
 550, 181, 16384, 99
 550, 181, 16384, 99
 551, 139, 16384, 99
 551, 149, 16384, 99
 551, 149, 16384, 99
 551, 149, 16384, 99
 551, 149, 16384, 99
 551, 149, 16384, 99
 551, 149, 16384, 99
 551, 149, 16384, 99
 551, 149, 16384, 99
 551, 149, 16384, 99
 552, 312, 16384, 98
 552, 326, 16384, 98
 552, 313, 16384, 98
 552, 317, 16384, 98
 552, 317, 16384, 98
 552, 317, 16384, 98
 552, 317, 16384, 98
 552, 317, 16384, 98
 552, 317, 16384, 98
 552, 317, 16384, 98
 553, 299, 16384, 98
 553, 299, 16384, 98
 553, 299, 16384, 98
 553, 299, 16384, 98
 553, 299, 16384, 98
 553, 299, 16384, 98
 553, 299, 16384, 98
 553, 299, 16384, 98
 553, 299, 16384, 98
 553, 299, 16384, 98
 554, 247, 16384, 98
 554, 263, 16384, 98
 554, 263, 16384, 98
 554, 263, 16384, 98
 554, 263, 16384, 98
 554, 263, 16384, 98
 554, 263, 16384, 98
 554, 263, 16384, 98
 554, 263, 16384, 98
 555, 343, 16384, 98
 555, 351, 16384, 98
 555, 344, 16384, 98
 555, 350, 16384, 98
 555, 350, 16384, 98
 555, 350, 16384, 98
 555, 350, 16384, 98
 555, 350, 16384, 98
 555, 350, 16384, 98
 555, 350, 16384, 98
 556, 257, 16384, 98
 556, 257, 16384, 98
 556, 266, 16384, 98
 556, 266, 16384, 98
 556, 266, 16384, 98
 556, 266, 16384, 98
 556, 266, 16384, 98
 556, 266, 16384, 98
 556, 266, 16384, 98
 557, 266, 16384, 98
 557, 280, 16384, 98
 557, 279, 16384, 98
 557, 279, 16384, 98
 557, 279, 16384, 98
 557, 279, 16384, 98
 557, 279, 16384, 98
 557, 279, 16384, 98
 557, 279, 16384, 98
 557, 279, 16384, 98
 558, 279, 16384, 98
 558, 293, 16384, 98
 558, 284, 16384, 98
 558, 284, 16384, 98
 558, 284, 16384, 98
 558, 284, 16384, 98
 558, 284, 16384, 98
 558, 284, 16384, 98
 558, 284, 16384, 98
 558, 284, 16384, 98
 559, 284, 16384, 98
 559, 292, 16384, 98
 559, 292, 16384, 98
 559, 292, 16384, 98
 559, 292, 16384, 98
 559, 292, 16384, 98
 559, 292, 16384, 98
 559, 292, 16384, 98
 559, 292, 16384, 98
 559, 292, 16384, 98
 560, 292, 16384, 98
 560, 193, 16384, 99
 560, 193, 16384, 99
 560, 193, 16384, 99
 560, 193, 16384, 99
 560, 193, 16384, 99
 560, 193, 16384, 99
 560, 193, 16384, 99
 560, 193, 16384, 99
 561, 193, 16384, 99
 561, 221, 16384, 99
 561, 223, 16384, 99
 561, 222, 16384, 99
 561, 222, 16384, 99
 561, 222, 16384, 99
 561, 222, 16384, 99
 561, 222, 16384, 99
 561, 222, 16384, 99
 561, 222, 16384, 99
 562, 222, 16384, 99
 562, 220, 16384, 99
 562, 212, 16384, 99
 562, 218, 16384, 99
 562, 218, 16384, 99
 562, 218, 16384, 99
 562, 218, 16384, 99
 562, 218, 16384, 99
 562, 218, 16384, 99
 562, 218, 16384, 99
 563, 218, 16384, 99
 563, 211, 16384, 99
 563, 236, 16384, 99
 563, 234, 16384, 99
 563, 234, 16384, 99
 563, 234, 16384, 99
 563, 234, 16384, 99
 563, 234, 16384, 99
 563, 234, 16384, 99
 564, 234, 16384, 99
 564, 234, 16384, 99
 564, 249, 16384, 98
 564, 219, 16384, 99
 564, 224, 16384, 99
 564, 222, 16384, 99
 564, 222, 16384, 99
 564, 222, 16384, 99
 564, 222, 16384, 99
 564, 222, 16384, 99
 565, 222, 16384, 99
 565, 222, 16384, 99
 565, 204, 16384, 99
 565, 210, 16384, 99
 565, 210, 16384, 99
 565, 210, 16384, 99
 565, 210, 16384, 99
 565, 210, 16384, 99
 565, 210, 16384, 99
 566, 210, 16384, 99
 566, 210, 16384, 99
 566, 210, 16384, 99
 566, 257, 16384, 98
 566, 249, 16384, 98
 566, 245, 16384, 99
 566, 245, 16384, 99
 566, 245, 16384, 99
 566, 245, 16384, 99
 566, 245, 16384, 99
 567, 245, 16384, 99
 567, 245, 16384, 99
 567, 245, 16384, 99
 567, 208, 16384, 99
 567, 245, 16384, 99
 567, 226, 16384, 99
 567, 226, 16384, 99
 567, 226, 16384, 99
 567, 226, 16384, 99
 567, 226, 16384, 99
 568, 226, 16384, 99
 568, 226, 16384, 99
 568, 226, 16384, 99
 568, 241, 16384, 99
 568, 238, 16384, 99
 568, 238, 16384, 99
 568, 238, 16384, 99
 568, 238, 16384, 99
 568, 238, 16384, 99
 568, 238, 16384, 99
 569, 238, 16384, 99
 569, 238, 16384, 99
 569, 238, 16384, 99
 569, 248, 16384, 98
 569, 248, 16384, 98
 569, 248, 16384, 98
 569, 248, 16384, 98
 569, 248, 16384, 98
 569, 248, 16384, 98
 570, 248, 16384, 98
 570, 248, 16384, 98
 570, 248, 16384, 98
 570, 248, 16384, 98
 570, 281, 16384, 98
 570, 282, 16384, 98
 570, 282, 16384, 98
 570, 282, 16384, 98
 570, 282, 16384, 98
 570, 282, 16384, 98
 571, 282, 16384, 98
 571, 282, 16384, 98
 571, 282, 16384, 98
 571, 282, 16384, 98
 571, 180, 16384, 99
 571, 242, 16384, 99
 571, 226, 16384, 99
 571, 228, 16384, 99
 571, 228, 16384, 99
 572, 228, 16384, 99
 572, 228, 16384, 99
 572, 228, 16384, 99
 572, 228, 16384, 99
 572, 228, 16384, 99
 572, 283, 16384, 98
 572, 295, 16384, 98
 572, 295, 16384, 98
 572, 295, 16384, 98
 572, 295, 16384, 98
 573, 295, 16384, 98
 573, 295, 16384, 98
 573, 295, 16384, 98
 573, 295, 16384, 98
 573, 295, 16384, 98
 573, 329, 16384, 98
 573, 325, 16384, 98
 573, 325, 16384, 98
 573, 325, 16384, 98
 573, 325, 16384, 98
 574, 325, 16384, 98
 574, 325, 16384, 98
 574, 325, 16384, 98
 574, 325, 16384, 98
 574, 325, 16384, 98
 574, 327, 16384, 98
 574, 334, 16384, 98
 574, 339, 16384, 98
 574, 339, 16384, 98
 575, 339, 16384, 98
 575, 339, 16384, 98
 575, 339, 16384, 98
 575, 339, 16384, 98
 575, 339, 16384, 98
 575, 339, 16384, 98
 575, 283, 16384, 98
 575, 294, 16384, 98
 575, 294, 16384, 98
 575, 294, 16384, 98
 576, 294, 16384, 98
 576, 294, 16384, 98
 576, 294, 16384, 98
 576, 294, 16384, 98
 576, 294, 16384, 98
 576, 252, 16384, 98
 576, 258, 16384, 98
 576, 258, 16384, 98
 576, 258, 16384, 98
 577, 258, 16384, 98
 577, 258, 16384, 98
 577, 258, 16384, 98
 577, 258, 16384, 98
 577, 258, 16384, 98
 577, 258, 16384, 98
 577, 321, 16384, 98
 577, 337, 16384, 98
 577, 337, 16384, 98
 577, 337, 16384, 98
 578, 337, 16384, 98
 578, 337, 16384, 98
 578, 337, 16384, 98
 578, 337, 16384, 98
 578, 337, 16384, 98
 578, 337, 16384, 98
 578, 371, 16384, 98
 578, 367, 16384, 98
 578, 367, 16384, 98
 579, 367, 16384, 98
 579, 367, 16384, 98
 579, 367, 16384, 98
 579, 367, 16384, 98
 579, 367, 16384, 98
 579, 367, 16384, 98
 579, 367, 16384, 98
 579, 382, 16384, 98
 579, 385, 16384, 98
 579, 385, 16384, 98
 580, 385, 16384, 98
 580, 385, 16384, 98
 580, 385, 16384, 98
 580, 385, 16384, 98
 580, 385, 16384, 98
 580, 385, 16384, 98
 580, 385, 16384, 98
 580, 266, 16384, 98
 580, 282, 16384, 98
 580, 282, 16384, 98
 581, 282, 16384, 98
 581, 282, 16384, 98
 581, 282, 16384, 98
 581, 282, 16384, 98
 581, 282, 16384, 98
 581, 282, 16384, 98
 581, 300, 16384, 98
 581, 322, 16384, 98
 581, 313, 16384, 98
 582, 313, 16384, 98
 582, 313, 16384, 98
 582, 313, 16384, 98
 582, 313, 16384, 98
 582, 313, 16384, 98
 582, 313, 16384, 98
 582, 313, 16384, 98
 582, 308, 16384, 98
 582, 303, 16384, 98
 582, 303, 16384, 98
 583, 303, 16384, 98
 583, 303, 16384, 98
 583, 303, 16384, 98
 583, 303, 16384, 98
 583, 303, 16384, 98
 583, 303, 16384, 98
 583, 303, 16384, 98
 583, 308, 16384, 98
 583, 308, 16384, 98
 584, 308, 16384, 98
 584, 308, 16384, 98
 584, 308, 16384, 98
 584, 308, 16384, 98
 584, 308, 16384, 98
 584, 308, 16384, 98
 584, 308, 16384, 98
 584, 308, 16384, 98
 584, 276, 16384, 98
 584, 276, 16384, 98
 585, 277, 16384, 98
 585, 287, 16384, 98
 585, 287, 16384, 98
 585, 287, 16384, 98
 585, 287, 16384, 98
 585, 287, 16384, 98
 585, 287, 16384, 98
 585, 287, 16384, 98
 585, 244, 16384, 99
 585, 249, 16384, 98
 586, 249, 16384, 98
 586, 249, 16384, 98
 586, 249, 16384, 98
 586, 249, 16384, 98
 586, 249, 16384, 98
 586, 249, 16384, 98
 586, 249, 16384, 98
 586, 249, 16384, 98
 586, 245, 16384, 99
 586, 259, 16384, 98
 587, 261, 16384, 98
 587, 261, 16384, 98
 587, 261, 16384, 98
 587, 261, 16384, 98
 587, 261, 16384, 98
 587, 261, 16384, 98
 587, 261, 16384, 98
 587, 221, 16384, 99
 587, 228, 16384, 99
 588, 233, 16384, 99
 588, 233, 16384, 99
 588, 233, 16384, 99
 588, 233, 16384, 99
 588, 233, 16384, 99
 588, 233, 16384, 99
 588, 233, 16384, 99
 588, 233, 16384, 99
 588, 187, 16384, 99
 588, 193, 16384, 99
 589, 202, 16384, 99
 589, 238, 16384, 99
 589, 238, 16384, 99
 589, 238, 16384, 99
 589, 238, 16384, 99
 589, 238, 16384, 99
 589, 238, 16384, 99
 589, 238, 16384, 99
 589, 244, 16384, 99
 589, 244, 16384, 99
 590, 244, 16384, 99
 590, 244, 16384, 99
 590, 244, 16384, 99
 590, 244, 16384, 99
 590, 244, 16384, 99
 590, 244, 16384, 99
 590, 244, 16384, 99
 590, 244, 16384, 99
 590, 272, 16384, 98
 591, 277, 16384, 98
 591, 277, 16384, 98
 591, 277, 16384, 98
 591, 277, 16384, 98
 591, 277, 16384, 98
 591, 277, 16384, 98
 591, 277, 16384, 98
 591, 277, 16384, 98
 591, 277, 16384, 98
 591, 319, 16384, 98
 592, 308, 16384, 98
 592, 308, 16384, 98
 592, 308, 16384, 98
 592, 308, 16384, 98
 592, 308, 16384, 98
 592, 308, 16384, 98
 592, 308, 16384, 98
 592, 308, 16384, 98
 592, 308, 16384, 98
 592, 278, 16384, 98
 593, 278, 16384, 98
 593, 278, 16384, 98
 593, 278, 16384, 98
 593, 278, 16384, 98
 593, 278, 16384, 98
 593, 278, 16384, 98
 593, 278, 16384, 98
 593, 278, 16384, 98
 593, 272, 16384, 98
 594, 275, 16384, 98
 594, 275, 16384, 98
 594, 275, 16384, 98
 594, 275, 16384, 98
 594, 275, 16384, 98
 594, 275, 16384, 98
 594, 275, 16384, 98
 594, 275, 16384, 98
 594, 275, 16384, 98
 594, 293, 16384, 98
 595, 292, 16384, 98
 595, 292, 16384, 98
 595, 292, 16384, 98
 595, 292, 16384, 98
 595, 292, 16384, 98
 595, 292, 16384, 98
 595, 292, 16384, 98
 595, 292, 16384, 98
 595, 292, 16384, 98
 595, 288, 16384, 98
 596, 283, 16384, 98
 596, 283, 16384, 98
 596, 283, 16384, 98
 596, 283, 16384, 98
 596, 283, 16384, 98
 596, 283, 16384, 98
 596, 283, 16384, 98
 596, 283, 16384, 98
 596, 283, 16384, 98
 596, 344, 16384, 98
 597, 340, 16384, 98
 597, 338, 16384, 98
 597, 338, 16384, 98
 597, 338, 16384, 98
 597, 338, 16384, 98
 597, 338, 16384, 98
 597, 338, 16384, 98
 597, 338, 16384, 98
 597, 338, 16384, 98
 598, 346, 16384, 98
 598, 330, 16384, 98
 598, 330, 16384, 98
 598, 330, 16384, 98
 598, 330, 16384, 98
 598, 330, 16384, 98
 598, 330, 16384, 98
 598, 330, 16384, 98
 598, 330, 16384, 98
 598, 330, 16384, 98
 599, 293, 16384, 98
 599, 293, 16384, 98
 599, 293, 16384, 98
 599, 293, 16384, 98
 599, 293, 16384, 98
 599, 293, 16384, 98
 599, 293, 16384, 98
 599, 293, 16384, 98
 599, 293, 16384, 98
 599, 331, 16384, 98
 600, 318, 16384, 98
 600, 338, 16384, 98
 600, 338, 16384, 98
 600, 338, 16384, 98
 600, 338, 16384, 98
 600, 338, 16384, 98
 600, 338, 16384, 98
 600, 338, 16384, 98
 600, 338, 16384, 98
 601, 326, 16384, 98
 601, 319, 16384, 98
 601, 319, 16384, 98
 601, 319, 16384, 98
 601, 319, 16384, 98
 601, 319, 16384, 98
 601, 319, 16384, 98
 601, 319, 16384, 98
 601, 319, 16384, 98
 601, 319, 16384, 98
 602, 271, 16384, 98
 602, 255, 16384, 98
 602, 255, 16384, 98
 602, 255, 16384, 98
 602, 255, 16384, 98
 602, 255, 16384, 98
 602, 255, 16384, 98
 602, 255, 16384, 98
 602, 255, 16384, 98
 602, 255, 16384, 98
 603, 264, 16384, 98
 603, 231, 16384, 99
 603, 235, 16384, 99
 603, 235, 16384, 99
 603, 235, 16384, 99
 603, 235, 16384, 99
 603, 235, 16384, 99
 603, 235, 16384, 99
 603, 235, 16384, 99
 604, 204, 16384, 99
 604, 219, 16384, 99
 604, 211, 16384, 99
 604, 211, 16384, 99
 604, 211, 16384, 99
 604, 211, 16384, 99
 604, 211, 16384, 99
 604, 211, 16384, 99
 604, 211, 16384, 99
 604, 211, 16384, 99
 605, 202, 16384, 99
 605, 186, 16384, 99
 605, 197, 16384, 99
 605, 197, 16384, 99
 605, 197, 16384, 99
 605, 197, 16384, 99
 605, 197, 16384, 99
 605, 197, 16384, 99
 605, 197, 16384, 99
 605, 197, 16384, 99
 606, 148, 16384, 99
 606, 182, 16384, 99
 606, 182, 16384, 99
 606, 182, 16384, 99
 606, 182, 16384, 99
 606, 182, 16384, 99
 606, 182, 16384, 99
 606, 182, 16384, 99
 606, 182, 16384, 99
 606, 182, 16384, 99
 607, 180, 16384, 99
 607, 161, 16384, 99
 607, 154, 16384, 99
 607, 154, 16384, 99
 607, 154, 16384, 99
 607, 154, 16384, 99
 607, 154, 16384, 99
 607, 154, 16384, 99
 607, 154, 16384, 99
 607, 154, 16384, 99
 608, 146, 16384, 99
 608, 153, 16384, 99
 608, 152, 16384, 99
 608, 152, 16384, 99
 608, 152, 16384, 99
 608, 152, 16384, 99
 608, 152, 16384, 99
 608, 152, 16384, 99
 608, 152, 16384, 99
 609, 152, 16384, 99
 609, 176, 16384, 99
 609, 172, 16384, 99
 609, 186, 16384, 99
 609, 186, 16384, 99
 609, 186, 16384, 99
 609, 186, 16384, 99
 609, 186, 16384, 99
 609, 186, 16384, 99
 609, 186, 16384, 99
 610, 186, 16384, 99
 610, 171, 16384, 99
 610, 149, 16384, 99
 610, 164, 16384, 99
 610, 164, 16384, 99
 610, 164, 16384, 99
 610, 164, 16384, 99
 610, 164, 16384, 99
 610, 164, 16384, 99
 610, 164, 16384, 99
 611, 164, 16384, 99
 611, 151, 16384, 99
 611, 152, 16384, 99
 611, 152, 16384, 99
 611, 152, 16384, 99
 611, 152, 16384, 99
 611, 152, 16384, 99
 611, 152, 16384, 99
 611, 152, 16384, 99
 611, 152, 16384, 99
 612, 140, 16384, 99
 612, 139, 16384, 99
 612, 140, 16384, 99
 612, 133, 16384, 99
 612, 133, 16384, 99
 612, 133, 16384, 99
 612, 133, 16384, 99
 612, 133, 16384, 99
 612, 133, 16384, 99
 613, 133, 16384, 99
 613, 144, 16384, 99
 613, 169, 16384, 99
 613, 169, 16384, 99
 613, 169, 16384, 99
 613, 169, 16384, 99
 613, 169, 16384, 99
 613, 169, 16384, 99
 613, 169, 16384, 99
 613, 169, 16384, 99
 614, 169, 16384, 99
 614, 158, 16384, 99
 614, 162, 16384, 99
 614, 157, 16384, 99
 614, 157, 16384, 99
 614, 157, 16384, 99
 614, 157, 16384, 99
 614, 157, 16384, 99
 614, 157, 16384, 99
 614, 157, 16384, 99
 615, 157, 16384, 99
 615, 201, 16384, 99
 615, 208, 16384, 99
 615, 208, 16384, 99
 615, 208, 16384, 99
 615, 208, 16384, 99
 615, 208, 16384, 99
 615, 208, 16384, 99
 615, 208, 16384, 99
 615, 208, 16384, 99
 616, 208, 16384, 99
 616, 232, 16384, 99
 616, 223, 16384, 99
 616, 221, 16384, 99
 616, 221, 16384, 99
 616, 221, 16384, 99
 616, 221, 16384, 99
 616, 221, 16384, 99
 616, 221, 16384, 99
 616, 221, 16384, 99
 617, 221, 16384, 99
 617, 242, 16384, 99
 617, 235, 16384, 99
 617, 235, 16384, 99
 617, 235, 16384, 99
 617, 235, 16384, 99
 617, 235, 16384, 99
 617, 235, 16384, 99
 617, 235, 16384, 99
 618, 235, 16384, 99
 618, 235, 16384, 99
 618, 281, 16384, 98
 618, 281, 16384, 98
 618, 281, 16384, 98
 618, 281, 16384, 98
 618, 281, 16384, 98
 618, 281, 16384, 98
 618, 281, 16384, 98
 618, 281, 16384, 98
 619, 281, 16384, 98
 619, 281, 16384, 98
 619, 323, 16384, 98
 619, 296, 16384, 98
 619, 296, 16384, 98
 619, 296, 16384, 98
 619, 296, 16384, 98
 619, 296, 16384, 98
 619, 296, 16384, 98
 619, 296, 16384, 98
 620, 296, 16384, 98
 620, 286, 16384, 98
 620, 286, 16384, 98
 620, 306, 16384, 98
 620, 306, 16384, 98
 620, 306, 16384, 98
 620, 306, 16384, 98
 620, 306, 16384, 98
 620, 306, 16384, 98
 620, 306, 16384, 98
 621, 306, 16384, 98
 621, 221, 16384, 99
 621, 222, 16384, 99
 621, 229, 16384, 99
 621, 229, 16384, 99
 621, 229, 16384, 99
 621, 229, 16384, 99
 621, 229, 16384, 99
 621, 229, 16384, 99
 622, 229, 16384, 99
 622, 271, 16384, 98
 622, 284, 16384, 98
 622, 284, 16384, 98
 622, 284, 16384, 98
 622, 284, 16384, 98
 622, 284, 16384, 98
 622, 284, 16384, 98
 622, 284, 16384, 98
 623, 284, 16384, 98
 623, 284, 16384, 98
 623, 271, 16384, 98
 623, 277, 16384, 98
 623, 276, 16384, 98
 623, 272, 16384, 98
 623, 272, 16384, 98
 623, 272, 16384, 98
 623, 272, 16384, 98
 623, 272, 16384, 98
 624, 272, 16384, 98
 624, 272, 16384, 98
 624, 288, 16384, 98
 624, 290, 16384, 98
 624, 290, 16384, 98
 624, 290, 16384, 98
 624, 290, 16384, 98
 624, 290, 16384, 98
 624, 290, 16384, 98
 624, 290, 16384, 98
 625, 290, 16384, 98
 625, 331, 16384, 98
 625, 347, 16384, 98
 625, 370, 16384, 98
 625, 369, 16384, 98
 625, 369, 16384, 98
 625, 369, 16384, 98
 625, 369, 16384, 98
 625, 369, 16384, 98
 626, 369, 16384, 98
 626, 369, 16384, 98
 626, 292, 16384, 98
 626, 299, 16384, 98
 626, 313, 16384, 98
 626, 313, 16384, 98
 626, 313, 16384, 98
 626, 313, 16384, 98
 626, 313, 16384, 98
 627, 313, 16384, 98
 627, 313, 16384, 98
 627, 313, 16384, 98
 627, 306, 16384, 98
 627, 292, 16384, 98
 627, 304, 16384, 98
 627, 304, 16384, 98
 627, 304, 16384, 98
 627, 304, 16384, 98
 627, 304, 16384, 98
 628, 304, 16384, 98
 628, 304, 16384, 98
 628, 304, 16384, 98
 628, 319, 16384, 98
 628, 305, 16384, 98
 628, 295, 16384, 98
 628, 295, 16384, 98
 628, 295, 16384, 98
 628, 295, 16384, 98
 628, 295, 16384, 98
 629, 295, 16384, 98
 629, 295, 16384, 98
 629, 295, 16384, 98
 629, 361, 16384, 98
 629, 311, 16384, 98
 629, 311, 16384, 98
 629, 311, 16384, 98
 629, 311, 16384, 98
 629, 311, 16384, 98
 630, 311, 16384, 98
 630, 311, 16384, 98
 630, 311, 16384, 98
 630, 311, 16384, 98
 630, 301, 16384, 98
 630, 301, 16384, 98
 630, 301, 16384, 98
 630, 301, 16384, 98
 630, 301, 16384, 98
 630, 301, 16384, 98
 631, 301, 16384, 98
 631, 301, 16384, 98
 631, 301, 16384, 98
 631, 328, 16384, 98
 631, 326, 16384, 98
 631, 327, 16384, 98
 631, 335, 16384, 98
 631, 335, 16384, 98
 631, 335, 16384, 98
 632, 335, 16384, 98
 632, 335, 16384, 98
 632, 335, 16384, 98
 632, 335, 16384, 98
 632, 321, 16384, 98
 632, 312, 16384, 98
 632, 312, 16384, 98
 632, 312, 16384, 98
 632, 312, 16384, 98
 632, 312, 16384, 98
 633, 312, 16384, 98
 633, 312, 16384, 98
 633, 312, 16384, 98
 633, 312, 16384, 98
 633, 379, 16384, 98
 633, 388, 16384, 98
 633, 393, 16384, 98
 633, 406, 16384, 98
 633, 406, 16384, 98
 633, 406, 16384, 98
 634, 406, 16384, 98
 634, 406, 16384, 98
 634, 406, 16384, 98
 634, 406, 16384, 98
 634, 314, 16384, 98
 634, 302, 16384, 98
 634, 321, 16384, 98
 634, 321, 16384, 98
 634, 321, 16384, 98
 635, 321, 16384, 98
 635, 321, 16384, 98
 635, 321, 16384, 98
 635, 321, 16384, 98
 635, 321, 16384, 98
 635, 349, 16384, 98
 635, 371, 16384, 98
 635, 383, 16384, 98
 635, 383, 16384, 98
 635, 383, 16384, 98
 636, 383, 16384, 98
 636, 383, 16384, 98
 636, 383, 16384, 98
 636, 383, 16384, 98
 636, 383, 16384, 98
 636, 286, 16384, 98
 636, 257, 16384, 98
 636, 260, 16384, 98
 636, 260, 16384, 98
 637, 260, 16384, 98
 637, 260, 16384, 98
 637, 260, 16384, 98
 637, 260, 16384, 98
 637, 260, 16384, 98
 637, 250, 16384, 98
 637, 248, 16384, 98
 637, 255, 16384, 98
 637, 255, 16384, 98
 638, 255, 16384, 98
 638, 255, 16384, 98
 638, 255, 16384, 98
 638, 255, 16384, 98
 638, 255, 16384, 98
 638, 255, 16384, 98
 638, 299, 16384, 98
 638, 346, 16384, 98
 638, 351, 16384, 98
 639, 351, 16384, 98
 639, 351, 16384, 98
 639, 351, 16384, 98
 639, 351, 16384, 98
 639, 351, 16384, 98
 639, 351, 16384, 98
 639, 351, 16384, 98
 639, 296, 16384, 98
 639, 294, 16384, 98
 639, 294, 16384, 98
 640, 294, 16384, 98
 640, 294, 16384, 98
 640, 294, 16384, 98
 640, 294, 16384, 98
 640, 294, 16384, 98
 640, 294, 16384, 98
 640, 294, 16384, 98
 640, 557, 16384, 97
 640, 472, 16384, 97
 640, 483, 16384, 97
 641, 483, 16384, 97
 641, 483, 16384, 97
 641, 483, 16384, 97
 641, 483, 16384, 97
 641, 483, 16384, 97
 641, 483, 16384, 97
 641, 483, 16384, 97
 641, 434, 16384, 97
 641, 345, 16384, 98
 642, 345, 16384, 98
 642, 345, 16384, 98
 642, 345, 16384, 98
 642, 345, 16384, 98
 642, 345, 16384, 98
 642, 345, 16384, 98
 642, 345, 16384, 98
 642, 345, 16384, 98
 642, 377, 16384, 98
 642, 383, 16384, 98
 643, 383, 16384, 98
 643, 383, 16384, 98
 643, 383, 16384, 98
 643, 383, 16384, 98
 643, 383, 16384, 98
 643, 383, 16384, 98
 643, 383, 16384, 98
 643, 383, 16384, 98
 643, 436, 16384, 97
 643, 435, 16384, 97
 644, 435, 16384, 97
 644, 435, 16384, 97
 644, 435, 16384, 97
 644, 435, 16384, 97
 644, 435, 16384, 97
 644, 435, 16384, 97
 644, 435, 16384, 97
 644, 435, 16384, 97
 644, 309, 16384, 98
 644, 362, 16384, 98
 645, 360, 16384, 98
 645, 360, 16384, 98
 645, 360, 16384, 98
 645, 360, 16384, 98
 645, 360, 16384, 98
 645, 360, 16384, 98
 645, 360, 16384, 98
 645, 360, 16384, 98
 645, 289, 16384, 98
 645, 288, 16384, 98
 646, 288, 16384, 98
 646, 288, 16384, 98
 646, 288, 16384, 98
 646, 288, 16384, 98
 646, 288, 16384, 98
 646, 288, 16384, 98
 646, 288, 16384, 98
 646, 288, 16384, 98
 646, 222, 16384, 99
 646, 223, 16384, 99
 647, 223, 16384, 99
 647, 223, 16384, 99
 647, 223, 16384, 99
 647, 223, 16384, 99
 647, 223, 16384, 99
 647, 223, 16384, 99
 647, 223, 16384, 99
 647, 223, 16384, 99
 647, 211, 16384, 99
 648, 214, 16384, 99
 648, 226, 16384, 99
 648, 219, 16384, 99
 648, 219, 16384, 99
 648, 219, 16384, 99
 648, 219, 16384, 99
 648, 219, 16384, 99
 648, 219, 16384, 99
 648, 219, 16384, 99
 648, 216, 16384, 99
 649, 210, 16384, 99
 649, 222, 16384, 99
 649, 222, 16384, 99
 649, 222, 16384, 99
 649, 222, 16384, 99
 649, 222, 16384, 99
 649, 222, 16384, 99
 649, 222, 16384, 99
 649, 222, 16384, 99
 649, 278, 16384, 98
 650, 277, 16384, 98
 650, 277, 16384, 98
 650, 277, 16384, 98
 650, 277, 16384, 98
 650, 277, 16384, 98
 650, 277, 16384, 98
 650, 277, 16384, 98
 650, 277, 16384, 98
 650, 460, 16384, 97
 651, 451, 16384, 97
 651, 451, 16384, 97
 651, 451, 16384, 97
 651, 451, 16384, 97
 651, 451, 16384, 97
 651, 451, 16384, 97
 651, 451, 16384, 97
 651, 451, 16384, 97
 651, 451, 16384, 97
 651, 349, 16384, 98
 652, 358, 16384, 98
 652, 363, 16384, 98
 652, 363, 16384, 98
 652, 363, 16384, 98
 652, 363, 16384, 98
 652, 363, 16384, 98
 652, 363, 16384, 98
 652, 363, 16384, 98
 652, 363, 16384, 98
 652, 360, 16384, 98
 653, 356, 16384, 98
 653, 356, 16384, 98
 653, 356, 16384, 98
 653, 356, 16384, 98
 653, 356, 16384, 98
 653, 356, 16384, 98
 653, 356, 16384, 98
 653, 356, 16384, 98
 653, 356, 16384, 98
 654, 295, 16384, 98
 654, 304, 16384, 98
 654, 318, 16384, 98
 654, 353, 16384, 98
 654, 353, 16384, 98
 654, 353, 16384, 98
 654, 353, 16384, 98
 654, 353, 16384, 98
 654, 353, 16384, 98
 654, 353, 16384, 98
 655, 629, 16384, 96
 655, 629, 16384, 96
 655, 629, 16384, 96
 655, 629, 16384, 96
 655, 629, 16384, 96
 655, 629, 16384, 96
 655, 629, 16384, 96
 655, 629, 16384, 96
 655, 629, 16384, 96
 655, 629, 16384, 96
 656, 530, 16384, 97
 656, 516, 16384, 97
 656, 516, 16384, 97
 656, 516, 16384, 97
 656, 516, 16384, 97
 656, 516, 16384, 97
 656, 516, 16384, 97
 656, 516, 16384, 97
 656, 516, 16384, 97
 657, 379, 16384, 98
 657, 378, 16384, 98
 657, 378, 16384, 98
 657, 378, 16384, 98
 657, 378, 16384, 98
 657, 378, 16384, 98
 657, 378, 16384, 98
 657, 378, 16384, 98
 657, 378, 16384, 98
 657, 378, 16384, 98
 658, 406, 16384, 98
 658, 383, 16384, 98
 658, 390, 16384, 98
 658, 390, 16384, 98
 658, 390, 16384, 98
 658, 390, 16384, 98
 658, 390, 16384, 98
 658, 390, 16384, 98
 658, 390, 16384, 98
 658, 390, 16384, 98
 659, 352, 16384, 98
 659, 349, 16384, 98
 659, 374, 16384, 98
 659, 374, 16384, 98
 659, 374, 16384, 98
 659, 374, 16384, 98
 659, 374, 16384, 98
 659, 374, 16384, 98
 659, 374, 16384, 98
 659, 374, 16384, 98
 660, 397, 16384, 98
 660, 412, 16384, 97
 660, 412, 16384, 97
 660, 412, 16384, 97
 660, 412, 16384, 97
 660, 412, 16384, 97
 660, 412, 16384, 97
 660, 412, 16384, 97
 660, 412, 16384, 97
 661, 352, 16384, 98
 661, 329, 16384, 98
 661, 329, 16384, 98
 661, 329, 16384, 98
 661, 329, 16384, 98
 661, 329, 16384, 98
 661, 329, 16384, 98
 661, 329, 16384, 98
 661, 329, 16384, 98
 661, 329, 16384, 98
 662, 265, 16384, 98
 662, 267, 16384, 98
 662, 268, 16384, 98
 662, 262, 16384, 98
 662, 262, 16384, 98
 662, 262, 16384, 98
 662, 262, 16384, 98
 662, 262, 16384, 98
 662, 262, 16384, 98
 662, 262, 16384, 98
 663, 269, 16384, 98
 663, 242, 16384, 99
 663, 265, 16384, 98
 663, 265, 16384, 98
 663, 265, 16384, 98
 663, 265, 16384, 98
 663, 265, 16384, 98
 663, 265, 16384, 98
 663, 265, 16384, 98
 664, 265, 16384, 98
 664, 226, 16384, 99
 664, 221, 16384, 99
 664, 221, 16384, 99
 664, 221, 16384, 99
 664, 221, 16384, 99
 664, 221, 16384, 99
 664, 221, 16384, 99
 664, 221, 16384, 99
 664, 221, 16384, 99
 665, 221, 16384, 99
 665, 3078, 16384, 81
 665, 3078, 16384, 81
 665, 3078, 16384, 81
 665, 3078, 16384, 81
 665, 3078, 16384, 81
 665, 3078, 16384, 81
 665, 3078, 16384, 81
 665, 3078, 16384, 81
 665, 3078, 16384, 81
 666, 3078, 16384, 81
 666, 2966, 16384, 82
 666, 2954, 16384, 82
 666, 2954, 16384, 82
 666, 2954, 16384, 82
 666, 2954, 16384, 82
 666, 2954, 16384, 82
 666, 2954, 16384, 82
 666, 2954, 16384, 82
 666, 2954, 16384, 82
 667, 2954, 16384, 82
 667, 2802, 16384, 83
 667, 2786, 16384, 83
 667, 2786, 16384, 83
 667, 2786, 16384, 83
 667, 2786, 16384, 83
 667, 2786, 16384, 83
 667, 2786, 16384, 83
 667, 2786, 16384, 83
 667, 2786, 16384, 83
 668, 2786, 16384, 83
 668, 2628, 16384, 84
 668, 2624, 16384, 84
 668, 2623, 16384, 84
 668, 2623, 16384, 84
 668, 2623, 16384, 84
 668, 2623, 16384, 84
 668, 2623, 16384, 84
 668, 2623, 16384, 84
 668, 2623, 16384, 84
 669, 2623, 16384, 84
 669, 2411, 16384, 85
 669, 2340, 16384, 86
 669, 2281, 16384, 86
 669, 2265, 16384, 86
 669, 2265, 16384, 86
 669, 2265, 16384, 86
 669, 2265, 16384, 86
 669, 2265, 16384, 86
 670, 2265, 16384, 86
 670, 1775, 16384, 89
 670, 1761, 16384, 89
 670, 1743, 16384, 89
 670, 1722, 16384, 89
 670, 1722, 16384, 89
 670, 1722, 16384, 89
 670, 1722, 16384, 89
 670, 1722, 16384, 89
 671, 1722, 16384, 89
 671, 1722, 16384, 89
 671, 1588, 16384, 90
 671, 1581, 16384, 90
 671, 1580, 16384, 90
 671, 1580, 16384, 90
 671, 1580, 16384, 90
 671, 1580, 16384, 90
 671, 1580, 16384, 90
 671, 1580, 16384, 90
 672, 1580, 16384, 90
 672, 1467, 16384, 91
 672, 1461, 16384, 91
 672, 1461, 16384, 91
 672, 1461, 16384, 91
 672, 1461, 16384, 91
 672, 1461, 16384, 91
 672, 1461, 16384, 91
 672, 1461, 16384, 91
 673, 1461, 16384, 91
 673, 1461, 16384, 91
 673, 1437, 16384, 91
 673, 1425, 16384, 91
 673, 1425, 16384, 91
 673, 1425, 16384, 91
 673, 1425, 16384, 91
 673, 1425, 16384, 91
 673, 1425, 16384, 91
 673, 1425, 16384, 91
 674, 1425, 16384, 91
 674, 1425, 16384, 91
 674, 1401, 16384, 91
 674, 1406, 16384, 91
 674, 1405, 16384, 91
 674, 1405, 16384, 91
 674, 1405, 16384, 91
 674, 1405, 16384, 91
 674, 1405, 16384, 91
 674, 1405, 16384, 91
 675, 1405, 16384, 91
 675, 1259, 16384, 92
 675, 1259, 16384, 92
 675, 1259, 16384, 92
 675, 1259, 16384, 92
 675, 1259, 16384, 92
 675, 1259, 16384, 92
 675, 1259, 16384, 92
 675, 1259, 16384, 92
 675, 1259, 16384, 92
 676, 1259, 16384, 92
 676, 1141, 16384, 93
 676, 1141, 16384, 93
 676, 1141, 16384, 93
 676, 1141, 16384, 93
 676, 1141, 16384, 93
 676, 1141, 16384, 93
 676, 1141, 16384, 93
 676, 1141, 16384, 93
 676, 1141, 16384, 93
 677, 1141, 16384, 93
 677, 1027, 16384, 94
 677, 1021, 16384, 94
 677, 1021, 16384, 94
 677, 1021, 16384, 94
 677, 1021, 16384, 94
 677, 1021, 16384, 94
 677, 1021, 16384, 94
 677, 1021, 16384, 94
 678, 1021, 16384, 94
 678, 1021, 16384, 94
 678, 671, 16384, 96
 678, 671, 16384, 96
 678, 671, 16384, 96
 678, 671, 16384, 96
 678, 671, 16384, 96
 678, 671, 16384, 96
 678, 671, 16384, 96
 678, 671, 16384, 96
 679, 671, 16384, 96
 679, 671, 16384, 96
 679, 637, 16384, 96
 679, 637, 16384, 96
 679, 637, 16384, 96
 679, 637, 16384, 96
 679, 637, 16384, 96
 679, 637, 16384, 96
 679, 637, 16384, 96
 679, 637, 16384, 96
 680, 637, 16384, 96
 680, 637, 16384, 96
 680, 577, 16384, 96
 680, 590, 16384, 96
 680, 591, 16384, 96
 680, 579, 16384, 96
 680, 579, 16384, 96
 680, 579, 16384, 96
 680, 579, 16384, 96
 680, 579, 16384, 96
 681, 579, 16384, 96
 681, 579, 16384, 96
 681, 490, 16384, 97
 681, 490, 16384, 97
 681, 490, 16384, 97
 681, 490, 16384, 97
 681, 490, 16384, 97
 681, 490, 16384, 97
 681, 490, 16384, 97
 681, 490, 16384, 97
 682, 490, 16384, 97
 682, 490, 16384, 97
 682, 434, 16384, 97
 682, 438, 16384, 97
 682, 438, 16384, 97
 682, 438, 16384, 97
 682, 438, 16384, 97
 682, 438, 16384, 97
 682, 438, 16384, 97
 682, 438, 16384, 97
 683, 438, 16384, 97
 683, 240, 16384, 99
 683, 242, 16384, 99
 683, 242, 16384, 99
 683, 242, 16384, 99
 683, 242, 16384, 99
 683, 242, 16384, 99
 683, 242, 16384, 99
 683, 242, 16384, 99
 684, 242, 16384, 99
 684, 242, 16384, 99
 684, 246, 16384, 98
 684, 246, 16384, 98
 684, 246, 16384, 98
 684, 246, 16384, 98
 684, 246, 16384, 98
 684, 246, 16384, 98
 684, 246, 16384, 98
 684, 246, 16384, 98
 685, 246, 16384, 98
 685, 246, 16384, 98
 685, 275, 16384, 98
 685, 274, 16384, 98
 685, 274, 16384, 98
 685, 274, 16384, 98
 685, 274, 16384, 98
 685, 274, 16384, 98
 685, 274, 16384, 98
 685, 274, 16384, 98
 686, 274, 16384, 98
 686, 274, 16384, 98
 686, 267, 16384, 98
 686, 265, 16384, 98
 686, 290, 16384, 98
 686, 290, 16384, 98
 686, 290, 16384, 98
 686, 290, 16384, 98
 686, 290, 16384, 98
 686, 290, 16384, 98
 687, 290, 16384, 98
 687, 290, 16384, 98
 687, 230, 16384, 99
 687, 226, 16384, 99
 687, 228, 16384, 99
 687, 228, 16384, 99
 687, 228, 16384, 99
 687, 228, 16384, 99
 687, 228, 16384, 99
 688, 228, 16384, 99
 688, 228, 16384, 99
 688, 228, 16384, 99
 688, 231, 16384, 99
 688, 266, 16384, 98
 688, 266, 16384, 98
 688, 266, 16384, 98
 688, 266, 16384, 98
 688, 266, 16384, 98
 688, 266, 16384, 98
 689, 266, 16384, 98
 689, 266, 16384, 98
 689, 266, 16384, 98
 689, 224, 16384, 99
 689, 219, 16384, 99
 689, 222, 16384, 99
 689, 222, 16384, 99
 689, 222, 16384, 99
 689, 222, 16384, 99
 689, 222, 16384, 99
 690, 222, 16384, 99
 690, 222, 16384, 99
 690, 222, 16384, 99
 690, 246, 16384, 98
 690, 235, 16384, 99
 690, 249, 16384, 98
 690, 249, 16384, 98
 690, 249, 16384, 98
 690, 249, 16384, 98
 690, 249, 16384, 98
 691, 249, 16384, 98
 691, 249, 16384, 98
 691, 249, 16384, 98
 691, 247, 16384, 98
 691, 248, 16384, 98
 691, 248, 16384, 98
 691, 248, 16384, 98
 691, 248, 16384, 98
 691, 248, 16384, 98
 691, 248, 16384, 98
 692, 248, 16384, 98
 692, 248, 16384, 98
 692, 248, 16384, 98
 692, 231, 16384, 99
 692, 228, 16384, 99
 692, 229, 16384, 99
 692, 229, 16384, 99
 692, 229, 16384, 99
 692, 229, 16384, 99
 692, 229, 16384, 99
 693, 229, 16384, 99
 693, 229, 16384, 99
 693, 229, 16384, 99
 693, 201, 16384, 99
 693, 168, 16384, 99
 693, 174, 16384, 99
 693, 174, 16384, 99
 693, 174, 16384, 99
 693, 174, 16384, 99
 693, 174, 16384, 99
 694, 174, 16384, 99
 694, 174, 16384, 99
 694, 174, 16384, 99
 694, 200, 16384, 99
 694, 196, 16384, 99
 694, 196, 16384, 99
 694, 196, 16384, 99
 694, 196, 16384, 99
 694, 196, 16384, 99
 694, 196, 16384, 99
 695, 196, 16384, 99
 695, 196, 16384, 99
 695, 196, 16384, 99
 695, 189, 16384, 99
 695, 189, 16384, 99
 695, 190, 16384, 99
 695, 190, 16384, 99
 695, 190, 16384, 99
 695, 190, 16384, 99
 695, 190, 16384, 99
 696, 190, 16384, 99
 696, 190, 16384, 99
 696, 190, 16384, 99
 696, 179, 16384, 99
 696, 182, 16384, 99
 696, 182, 16384, 99
 696, 182, 16384, 99
 696, 182, 16384, 99
 696, 182, 16384, 99
 696, 182, 16384, 99
 697, 182, 16384, 99
 697, 182, 16384, 99
 697, 182, 16384, 99
 697, 170, 16384, 99
 697, 177, 16384, 99
 697, 180, 16384, 99
 697, 180, 16384, 99
 697, 180, 16384, 99
 697, 180, 16384, 99
 698, 180, 16384, 99
 698, 180, 16384, 99
 698, 180, 16384, 99
 698, 180, 16384, 99
 698, 197, 16384, 99
 698, 193, 16384, 99
 698, 193, 16384, 99
 698, 193, 16384, 99
 698, 193, 16384, 99
 698, 193, 16384, 99
 699, 193, 16384, 99
 699, 193, 16384, 99
 699, 193, 16384, 99
 699, 193, 16384, 99
 699, 267, 16384, 98
 699, 271, 16384, 98
 699, 270, 16384, 98
 699, 270, 16384, 98
 699, 270, 16384, 98
 699, 270, 16384, 98
 700, 270, 16384, 98
 700, 270, 16384, 98
 700, 270, 16384, 98
 700, 270, 16384, 98
 700, 277, 16384, 98
 700, 264, 16384, 98
 700, 267, 16384, 98
 700, 267, 16384, 98
 700, 267, 16384, 98
 700, 267, 16384, 98
 701, 267, 16384, 98
 701, 267, 16384, 98
 701, 267, 16384, 98
 701, 267, 16384, 98
 701, 317, 16384, 98
 701, 303, 16384, 98
 701, 330, 16384, 98
 701, 326, 16384, 98
 701, 326, 16384, 98
 701, 326, 16384, 98
 702, 326, 16384, 98
 702, 326, 16384, 98
 702, 326, 16384, 98
 702, 326, 16384, 98
 702, 455, 16384, 97
 702, 446, 16384, 97
 702, 464, 16384, 97
 702, 464, 16384, 97
 702, 464, 16384, 97
 702, 464, 16384, 97
 703, 464, 16384, 97
 703, 464, 16384, 97
 703, 464, 16384, 97
 703, 464, 16384, 97
 703, 467, 16384, 97
 703, 459, 16384, 97
 703, 459, 16384, 97
 703, 459, 16384, 97
 703, 459, 16384, 97
 704, 459, 16384, 97
 704, 459, 16384, 97
 704, 459, 16384, 97
 704, 459, 16384, 97
 704, 459, 16384, 97
 704, 457, 16384, 97
 704, 452, 16384, 97
 704, 453, 16384, 97
 704, 453, 16384, 97
 704, 453, 16384, 97
 705, 453, 16384, 97
 705, 453, 16384, 97
 705, 453, 16384, 97
 705, 453, 16384, 97
 705, 453, 16384, 97
 705, 471, 16384, 97
 705, 470, 16384, 97
 705, 470, 16384, 97
 705, 470, 16384, 97
 705, 470, 16384, 97
 706, 470, 16384, 97
 706, 470, 16384, 97
 706, 470, 16384, 97
 706, 470, 16384, 97
 706, 470, 16384, 97
 706, 415, 16384, 97
 706, 437, 16384, 97
 706, 432, 16384, 97
 706, 432, 16384, 97
 706, 432, 16384, 97
 707, 432, 16384, 97
 707, 432, 16384, 97
 707, 432, 16384, 97
 707, 432, 16384, 97
 707, 432, 16384, 97
 707, 204, 16384, 99
 707, 207, 16384, 99
 707, 207, 16384, 99
 707, 207, 16384, 99
 707, 207, 16384, 99
 708, 207, 16384, 99
 708, 207, 16384, 99
 708, 207, 16384, 99
 708, 207, 16384, 99
 708, 207, 16384, 99
 708, 158, 16384, 99
 708, 159, 16384, 99
 708, 159, 16384, 99
 708, 159, 16384, 99
 708, 159, 16384, 99
 709, 159, 16384, 99
 709, 159, 16384, 99
 709, 159, 16384, 99
 709, 159, 16384, 99
 709, 159, 16384, 99
 709, 735, 16384, 96
 709, 752, 16384, 95
 709, 752, 16384, 95
 709, 752, 16384, 95
 709, 752, 16384, 95
 710, 752, 16384, 95
 710, 752, 16384, 95
 710, 752, 16384, 95
 710, 752, 16384, 95
 710, 752, 16384, 95
 710, 692, 16384, 96
 710, 691, 16384, 96
 710, 687, 16384, 96
 710, 685, 16384, 96
 710, 685, 16384, 96
 711, 685, 16384, 96
 711, 685, 16384, 96
 711, 685, 16384, 96
 711, 685, 16384, 96
 711, 685, 16384, 96
 711, 626, 16384, 96
 711, 612, 16384, 96
 711, 610, 16384, 96
 711, 590, 16384, 96
 711, 590, 16384, 96
 712, 590, 16384, 96
 712, 590, 16384, 96
 712, 590, 16384, 96
 712, 590, 16384, 96
 712, 590, 16384, 96
 712, 469, 16384, 97
 712, 468, 16384, 97
 712, 468, 16384, 97
 712, 468, 16384, 97
 713, 468, 16384, 97
 713, 468, 16384, 97
 713, 468, 16384, 97
 713, 468, 16384, 97
 713, 468, 16384, 97
 713, 468, 16384, 97
 713, 451, 16384, 97
 713, 451, 16384, 97
 713, 451, 16384, 97
 713, 451, 16384, 97
 714, 451, 16384, 97
 714, 451, 16384, 97
 714, 451, 16384, 97
 714, 451, 16384, 97
 714, 451, 16384, 97
 714, 399, 16384, 98
 714, 388, 16384, 98
 714, 379, 16384, 98
 714, 379, 16384, 98
 714, 379, 16384, 98
 715, 379, 16384, 98
 715, 379, 16384, 98
 715, 379, 16384, 98
 715, 379, 16384, 98
 715, 379, 16384, 98
 715, 375, 16384, 98
 715, 375, 16384, 98
 715, 375, 16384, 98
 715, 375, 16384, 98
 715, 375, 16384, 98
 716, 375, 16384, 98
 716, 375, 16384, 98
 716, 375, 16384, 98
 716, 375, 16384, 98
 716, 375, 16384, 98
 716, 343, 16384, 98
 716, 343, 16384, 98
 716, 343, 16384, 98
 716, 343, 16384, 98
 716, 343, 16384, 98
 717, 343, 16384, 98
 717, 343, 16384, 98
 717, 343, 16384, 98
 717, 343, 16384, 98
 717, 343, 16384, 98
 717, 310, 16384, 98
 717, 323, 16384, 98
 717, 323, 16384, 98
 717, 323, 16384, 98
 717, 323, 16384, 98
 718, 323, 16384, 98
 718, 323, 16384, 98
 718, 323, 16384, 98
 718, 323, 16384, 98
 718, 323, 16384, 98
 718, 308, 16384, 98
 718, 304, 16384, 98
 718, 304, 16384, 98
 718, 304, 16384, 98
 718, 304, 16384, 98
 719, 304, 16384, 98
 719, 304, 16384, 98
 719, 304, 16384, 98
 719, 304, 16384, 98
 719, 304, 16384, 98
 719, 303, 16384, 98
 719, 304, 16384, 98
 719, 304, 16384, 98
 719, 304, 16384, 98
 719, 304, 16384, 98
 720, 304, 16384, 98
 720, 304, 16384, 98
 720, 304, 16384, 98
 720, 304, 16384, 98
 720, 304, 16384, 98
 720, 262, 16384, 98
 720, 268, 16384, 98
 720, 266, 16384, 98
 720, 266, 16384, 98
 721, 266, 16384, 98
 721, 266, 16384, 98
 721, 266, 16384, 98
 721, 266, 16384, 98
 721, 266, 16384, 98
 721, 266, 16384, 98
 721, 273, 16384, 98
 721, 274, 16384, 98
 721, 274, 16384, 98
 721, 274, 16384, 98
 722, 274, 16384, 98
 722, 274, 16384, 98
 722, 274, 16384, 98
 722, 274, 16384, 98
 722, 274, 16384, 98
 722, 274, 16384, 98
 722, 267, 16384, 98
 722, 267, 16384, 98
 722, 267, 16384, 98
 722, 267, 16384, 98
 723, 267, 16384, 98
 723, 267, 16384, 98
 723, 267, 16384, 98
 723, 267, 16384, 98
 723, 267, 16384, 98
 723, 267, 16384, 98
 723, 262, 16384, 98
 723, 260, 16384, 98
 723, 261, 16384, 98
 723, 261, 16384, 98
 724, 261, 16384, 98
 724, 261, 16384, 98
 724, 261, 16384, 98
 724, 261, 16384, 98
 724, 261, 16384, 98
 724, 246, 16384, 98
 724, 246, 16384, 98
 724, 246, 16384, 98
 724, 246, 16384, 98
 724, 246, 16384, 98
 725, 246, 16384, 98
 725, 246, 16384, 98
 725, 246, 16384, 98
 725, 246, 16384, 98
 725, 246, 16384, 98
 725, 252, 16384, 98
 725, 244, 16384, 99
 725, 219, 16384, 99
 725, 219, 16384, 99
 725, 219, 16384, 99
 726, 219, 16384, 99
 726, 219, 16384, 99
 726, 219, 16384, 99
 726, 219, 16384, 99
 726, 219, 16384, 99
 726, 114, 16384, 99
 726, 120, 16384, 99
 726, 160, 16384, 99
 726, 160, 16384, 99
 726, 160, 16384, 99
 727, 160, 16384, 99
 727, 160, 16384, 99
 727, 160, 16384, 99
 727, 160, 16384, 99
 727, 160, 16384, 99
 727, 243, 16384, 99
 727, 243, 16384, 99
 727, 243, 16384, 99
 727, 243, 16384, 99
 728, 243, 16384, 99
 728, 243, 16384, 99
 728, 243, 16384, 99
 728, 243, 16384, 99
 728, 243, 16384, 99
 728, 243, 16384, 99
 728, 248, 16384, 98
 728, 240, 16384, 99
 728, 239, 16384, 99
 728, 239, 16384, 99
 729, 239, 16384, 99
 729, 239, 16384, 99
 729, 239, 16384, 99
 729, 239, 16384, 99
 729, 239, 16384, 99
 729, 239, 16384, 99
 729, 255, 16384, 98
 729, 270, 16384, 98
 729, 270, 16384, 98
 729, 270, 16384, 98
 730, 270, 16384, 98
 730, 270, 16384, 98
 730, 270, 16384, 98
 730, 270, 16384, 98
 730, 270, 16384, 98
 730, 270, 16384, 98
 730, 259, 16384, 98
 730, 259, 16384, 98
 730, 259, 16384, 98
 730, 259, 16384, 98
 731, 259, 16384, 98
 731, 259, 16384, 98
 731, 259, 16384, 98
 731, 259, 16384, 98
 731, 259, 16384, 98
 731, 259, 16384, 98
 731, 259, 16384, 98
 731, 259, 16384, 98
 731, 259, 16384, 98
 731, 259, 16384, 98
 732, 259, 16384, 98
 732, 259, 16384, 98
 732, 259, 16384, 98
 732, 259, 16384, 98
 732, 259, 16384, 98
 732, 259, 16384, 98
 732, 238, 16384, 99
 732, 200, 16384, 99
 732, 202, 16384, 99
 732, 202, 16384, 99
 733, 202, 16384, 99
 733, 202, 16384, 99
 733, 202, 16384, 99
 733, 202, 16384, 99
 733, 202, 16384, 99
 733, 154, 16384, 99
 733, 172, 16384, 99
 733, 172, 16384, 99
 733, 172, 16384, 99
 733, 172, 16384, 99
 734, 172, 16384, 99
 734, 172, 16384, 99
 734, 172, 16384, 99
 734, 172, 16384, 99
 734, 172, 16384, 99
 734, 149, 16384, 99
 734, 86, 16384, 99
 734, 92, 16384, 99
 734, 92, 16384, 99
 734, 92, 16384, 99
 735, 92, 16384, 99
 735, 92, 16384, 99
 735, 92, 16384, 99
 735, 92, 16384, 99
 735, 92, 16384, 99
 735, 117, 16384, 99
 735, 108, 16384, 99
 735, 108, 16384, 99
 735, 108, 16384, 99
 736, 108, 16384, 99
 736, 108, 16384, 99
 736, 108, 16384, 99
 736, 108, 16384, 99
 736, 108, 16384, 99
 736, 108, 16384, 99
 736, 141, 16384, 99
 736, 132, 16384, 99
 736, 138, 16384, 99
 736, 136, 16384, 99
 737, 136, 16384, 99
 737, 136, 16384, 99
 737, 136, 16384, 99
 737, 136, 16384, 99
 737, 136, 16384, 99
 737, 136, 16384, 99
 737, 128, 16384, 99
 737, 128, 16384, 99
 737, 128, 16384, 99
 737, 128, 16384, 99
 738, 128, 16384, 99
 738, 128, 16384, 99
 738, 128, 16384, 99
 738, 128, 16384, 99
 738, 128, 16384, 99
 738, 128, 16384, 99
 738, 114, 16384, 99
 738, 114, 16384, 99
 738, 114, 16384, 99
 738, 114, 16384, 99
 739, 114, 16384, 99
 739, 114, 16384, 99
 739, 114, 16384, 99
 739, 114, 16384, 99
 739, 114, 16384, 99
 739, 114, 16384, 99
 739, 119, 16384, 99
 739, 118, 16384, 99
 739, 117, 16384, 99
 739, 117, 16384, 99
 740, 117, 16384, 99
 740, 117, 16384, 99
 740, 117, 16384, 99
 740, 117, 16384, 99
 740, 117, 16384, 99
 740, 117, 16384, 99
 740, 114, 16384, 99
 740, 114, 16384, 99
 740, 112, 16384, 99
 740, 112, 16384, 99
 741, 112, 16384, 99
 741, 112, 16384, 99
 741, 112, 16384, 99
 741, 112, 16384, 99
 741, 112, 16384, 99
 741, 112, 16384, 99
 741, 115, 16384, 99
 741, 119, 16384, 99
 741, 119, 16384, 99
 741, 119, 16384, 99
 742, 119, 16384, 99
 742, 119, 16384, 99
 742, 119, 16384, 99
 742, 119, 16384, 99
 742, 119, 16384, 99
 742, 119, 16384, 99
 742, 83, 16384, 99
 742, 50, 16384, 100
 742, 401, 16384, 98
 742, 282, 16384, 98
 743, 282, 16384, 98
 743, 282, 16384, 98
 743, 282, 16384, 98
 743, 282, 16384, 98
 743, 282, 16384, 98
 743, 282, 16384, 98
 743, 275, 16384, 98
 743, 273, 16384, 98
 743, 269, 16384, 98
 743, 269, 16384, 98
 744, 269, 16384, 98
 744, 269, 16384, 98
 744, 269, 16384, 98
 744, 269, 16384, 98
 744, 269, 16384, 98
 744, 269, 16384, 98
 744, 243, 16384, 99
 744, 244, 16384, 99
 744, 243, 16384, 99
 744, 240, 16384, 99
 745, 240, 16384, 99
 745, 240, 16384, 99
 745, 240, 16384, 99
 745, 240, 16384, 99
 745, 240, 16384, 99
 745, 240, 16384, 99
 745, 258, 16384, 98
 745, 258, 16384, 98
 745, 259, 16384, 98
 745, 260, 16384, 98
 746, 260, 16384, 98
 746, 260, 16384, 98
 746, 260, 16384, 98
 746, 260, 16384, 98
 746, 260, 16384, 98
 746, 260, 16384, 98
 746, 225, 16384, 99
 746, 218, 16384, 99
 746, 218, 16384, 99
 747, 218, 16384, 99
 747, 218, 16384, 99
 747, 218, 16384, 99
 747, 218, 16384, 99
 747, 218, 16384, 99
 747, 218, 16384, 99
 747, 218, 16384, 99
 747, 183, 16384, 99
 747, 183, 16384, 99
 747, 183, 16384, 99
 748, 183, 16384, 99
 748, 183, 16384, 99
 748, 183, 16384, 99
 748, 183, 16384, 99
 748, 183, 16384, 99
 748, 183, 16384, 99
 748, 176, 16384, 99
 748, 174, 16384, 99
 748, 179, 16384, 99
 749, 179, 16384, 99
 749, 179, 16384, 99
 749, 179, 16384, 99
 749, 179, 16384, 99
 749, 179, 16384, 99
 749, 179, 16384, 99
 749, 179, 16384, 99
 749, 213, 16384, 99
 749, 223, 16384, 99
 749, 237, 16384, 99
 750, 222, 16384, 99
 750, 222, 16384, 99
 750, 222, 16384, 99
 750, 222, 16384, 99
 750, 222, 16384, 99
 750, 222, 16384, 99
 750, 222, 16384, 99
 750, 253, 16384, 98
 750, 253, 16384, 98
 750, 253, 16384, 98
 751, 253, 16384, 98
 751, 253, 16384, 98
 751, 253, 16384, 98
 751, 253, 16384, 98
 751, 253, 16384, 98
 751, 253, 16384, 98
 751, 253, 16384, 98
 751, 236, 16384, 99
 751, 261, 16384, 98
 751, 312, 16384, 98
 752, 305, 16384, 98
 752, 305, 16384, 98
 752, 305, 16384, 98
 752, 305, 16384, 98
 752, 305, 16384, 98
 752, 305, 16384, 98
 752, 305, 16384, 98
 752, 268, 16384, 98
 752, 271, 16384, 98
 752, 272, 16384, 98
 753, 272, 16384, 98
 753, 272, 16384, 98
 753, 272, 16384, 98
 753, 272, 16384, 98
 753, 272, 16384, 98
 753, 272, 16384, 98
 753, 272, 16384, 98
 753, 268, 16384, 98
 753, 239, 16384, 99
 753, 227, 16384, 99
 754, 227, 16384, 99
 754, 227, 16384, 99
 754, 227, 16384, 99
 754, 227, 16384, 99
 754, 227, 16384, 99
 754, 227, 16384, 99
 754, 227, 16384, 99
 754, 192, 16384, 99
 754, 201, 16384, 99
 754, 197, 16384, 99
 755, 197, 16384, 99
 755, 197, 16384, 99
 755, 197, 16384, 99
 755, 197, 16384, 99
 755, 197, 16384, 99
 755, 197, 16384, 99
 755, 197, 16384, 99
 755, 145, 16384, 99
 755, 137, 16384, 99
 755, 145, 16384, 99
 756, 145, 16384, 99
 756, 145, 16384, 99
 756, 145, 16384, 99
 756, 145, 16384, 99
 756, 145, 16384, 99
 756, 145, 16384, 99
 756, 145, 16384, 99
 756, 108, 16384, 99
 756, 113, 16384, 99
 757, 125, 16384, 99
 757, 133, 16384, 99
 757, 133, 16384, 99
 757, 133, 16384, 99
 757, 133, 16384, 99
 757, 133, 16384, 99
 757, 133, 16384, 99
 757, 133, 16384, 99
 757, 429, 16384, 97
 757, 433, 16384, 97
 758, 431, 16384, 97
 758, 431, 16384, 97
 758, 431, 16384, 97
 758, 431, 16384, 97
 758, 431, 16384, 97
 758, 431, 16384, 97
 758, 431, 16384, 97
 758, 431, 16384, 97
 758, 388, 16384, 98
 758, 382, 16384, 98
 759, 373, 16384, 98
 759, 373, 16384, 98
 759, 373, 16384, 98
 759, 373, 16384, 98
 759, 373, 16384, 98
 759, 373, 16384, 98
 759, 373, 16384, 98
 759, 373, 16384, 98
 759, 309, 16384, 98
 759, 327, 16384, 98
 760, 326, 16384, 98
 760, 326, 16384, 98
 760, 326, 16384, 98
 760, 326, 16384, 98
 760, 326, 16384, 98
 760, 326, 16384, 98
 760, 326, 16384, 98
 760, 326, 16384, 98
 760, 230, 16384, 99
 760, 205, 16384, 99
 761, 219, 16384, 99
 761, 219, 16384, 99
 761, 219, 16384, 99
 761, 219, 16384, 99
 761, 219, 16384, 99
 761, 219, 16384, 99
 761, 219, 16384, 99
 761, 219, 16384, 99
 761, 224, 16384, 99
 761, 223, 16384, 99
 762, 224, 16384, 99
 762, 224, 16384, 99
 762, 224, 16384, 99
 762, 224, 16384, 99
 762, 224, 16384, 99
 762, 224, 16384, 99
 762, 224, 16384, 99
 762, 224, 16384, 99
 762, 194, 16384, 99
 763, 190, 16384, 99
 763, 173, 16384, 99
 763, 173, 16384, 99
 763, 173, 16384, 99
 763, 173, 16384, 99
 763, 173, 16384, 99
 763, 173, 16384, 99
 763, 173, 16384, 99
 763, 173, 16384, 99
 763, 171, 16384, 99
 764, 165, 16384, 99
 764, 165, 16384, 99
 764, 165, 16384, 99
 764, 165, 16384, 99
 764, 165, 16384, 99
 764, 165, 16384, 99
 764, 165, 16384, 99
 764, 165, 16384, 99
 764, 165, 16384, 99
 764, 213, 16384, 99
 765, 209, 16384, 99
 765, 209, 16384, 99
 765, 209, 16384, 99
 765, 209, 16384, 99
 765, 209, 16384, 99
 765, 209, 16384, 99
 765, 209, 16384, 99
 765, 209, 16384, 99
 765, 209, 16384, 99
 765, 198, 16384, 99
 766, 194, 16384, 99
 766, 194, 16384, 99
 766, 194, 16384, 99
 766, 194, 16384, 99
 766, 194, 16384, 99
 766, 194, 16384, 99
 766, 194, 16384, 99
 766, 194, 16384, 99
 766, 194, 16384, 99
 766, 135, 16384, 99
 767, 170, 16384, 99
 767, 166, 16384, 99
 767, 166, 16384, 99
 767, 166, 16384, 99
 767, 166, 16384, 99
 767, 166, 16384, 99
 767, 166, 16384, 99
 767, 166, 16384, 99
 767, 166, 16384, 99
 767, 211, 16384, 99
 768, 207, 16384, 99
 768, 207, 16384, 99
 768, 207, 16384, 99
 768, 207, 16384, 99
 768, 207, 16384, 99
 768, 207, 16384, 99
 768, 207, 16384, 99
 768, 207, 16384, 99
 768, 207, 16384, 99
 769, 528, 16384, 97
 769, 522, 16384, 97
 769, 522, 16384, 97
 769, 522, 16384, 97
 769, 522, 16384, 97
 769, 522, 16384, 97
 769, 522, 16384, 97
 769, 522, 16384, 97
 769, 522, 16384, 97
 769, 522, 16384, 97
 770, 186, 16384, 99
 770, 175, 16384, 99
 770, 175, 16384, 99
 770, 175, 16384, 99
 770, 175, 16384, 99
 770, 175, 16384, 99
 770, 175, 16384, 99
 770, 175, 16384, 99
 770, 175, 16384, 99
 770, 175, 16384, 99
 771, 192, 16384, 99
 771, 185, 16384, 99
 771, 185, 16384, 99
 771, 185, 16384, 99
 771, 185, 16384, 99
 771, 185, 16384, 99
 771, 185, 16384, 99
 771, 185, 16384, 99
 771, 185, 16384, 99
 771, 185, 16384, 99
 772, 152, 16384, 99
 772, 150, 16384, 99
 772, 150, 16384, 99
 772, 150, 16384, 99
 772, 150, 16384, 99
 772, 150, 16384, 99
 772, 150, 16384, 99
 772, 150, 16384, 99
 772, 150, 16384, 99
 772, 150, 16384, 99
 773, 155, 16384, 99
 773, 155, 16384, 99
 773, 155, 16384, 99
 773, 155, 16384, 99
 773, 155, 16384, 99
 773, 155, 16384, 99
 773, 155, 16384, 99
 773, 155, 16384, 99
 773, 155, 16384, 99
 773, 155, 16384, 99
 774, 109, 16384, 99
 774, 124, 16384, 99
 774, 124, 16384, 99
 774, 124, 16384, 99
 774, 124, 16384, 99
 774, 124, 16384, 99
 774, 124, 16384, 99
 774, 124, 16384, 99
 774, 124, 16384, 99
 774, 124, 16384, 99
 775, 90, 16384, 99
 775, 83, 16384, 99
 775, 83, 16384, 99
 775, 83, 16384, 99
 775, 83, 16384, 99
 775, 83, 16384, 99
 775, 83, 16384, 99
 775, 83, 16384, 99
 775, 83, 16384, 99
 775, 83, 16384, 99
 776, 145, 16384, 99
 776, 143, 16384, 99
 776, 143, 16384, 99
 776, 143, 16384, 99
 776, 143, 16384, 99
 776, 143, 16384, 99
 776, 143, 16384, 99
 776, 143, 16384, 99
 776, 143, 16384, 99
 776, 143, 16384, 99
 777, 104, 16384, 99
 777, 107, 16384, 99
 777, 106, 16384, 99
 777, 106, 16384, 99
 777, 106, 16384, 99
 777, 106, 16384, 99
 777, 106, 16384, 99
 777, 106, 16384, 99
 777, 106, 16384, 99
 778, 106, 16384, 99
 778, 111, 16384, 99
 778, 106, 16384, 99
 778, 106, 16384, 99
 778, 106, 16384, 99
 778, 106, 16384, 99
 778, 106, 16384, 99
 778, 106, 16384, 99
 778, 106, 16384, 99
 778, 106, 16384, 99
 779, 106, 16384, 99
 779, 92, 16384, 99
 779, 88, 16384, 99
 779, 88, 16384, 99
 779, 88, 16384, 99
 779, 88, 16384, 99
 779, 88, 16384, 99
 779, 88, 16384, 99
 779, 88, 16384, 99
 779, 88, 16384, 99
 780, 88, 16384, 99
 780, 112, 16384, 99
 780, 116, 16384, 99
 780, 116, 16384, 99
 780, 116, 16384, 99
 780, 116, 16384, 99
 780, 116, 16384, 99
 780, 116, 16384, 99
 780, 116, 16384, 99
 780, 116, 16384, 99
 781, 116, 16384, 99
 781, 173, 16384, 99
 781, 174, 16384, 99
 781, 171, 16384, 99
 781, 171, 16384, 99
 781, 171, 16384, 99
 781, 171, 16384, 99
 781, 171, 16384, 99
 781, 171, 16384, 99
 781, 171, 16384, 99
 782, 171, 16384, 99
 782, 154, 16384, 99
 782, 154, 16384, 99
 782, 154, 16384, 99
 782, 154, 16384, 99
 782, 154, 16384, 99
 782, 154, 16384, 99
 782, 154, 16384, 99
 782, 154, 16384, 99
 782, 154, 16384, 99
 783, 89, 16384, 99
 783, 97, 16384, 99
 783, 97, 16384, 99
 783, 97, 16384, 99
 783, 97, 16384, 99
 783, 97, 16384, 99
 783, 97, 16384, 99
 783, 97, 16384, 99
 783, 97, 16384, 99
 783, 97, 16384, 99
 784, 120, 16384, 99
 784, 118, 16384, 99
 784, 118, 16384, 99
 784, 118, 16384, 99
 784, 118, 16384, 99
 784, 118, 16384, 99
 784, 118, 16384, 99
 784, 118, 16384, 99
 784, 118, 16384, 99
 784, 118, 16384, 99
 785, 132, 16384, 99
 785, 132, 16384, 99
 785, 132, 16384, 99
 785, 132, 16384, 99
 785, 132, 16384, 99
 785, 132, 16384, 99
 785, 132, 16384, 99
 785, 132, 16384, 99
 785, 132, 16384, 99
 786, 132, 16384, 99
 786, 144, 16384, 99
 786, 146, 16384, 99
 786, 145, 16384, 99
 786, 145, 16384, 99
 786, 145, 16384, 99
 786, 145, 16384, 99
 786, 145, 16384, 99
 786, 145, 16384, 99
 786, 145, 16384, 99
 787, 145, 16384, 99
 787, 127, 16384, 99
 787, 138, 16384, 99
 787, 138, 16384, 99
 787, 136, 16384, 99
 787, 136, 16384, 99
 787, 136, 16384, 99
 787, 136, 16384, 99
 787, 136, 16384, 99
 787, 136, 16384, 99
 788, 136, 16384, 99
 788, 94, 16384, 99
 788, 73, 16384, 100
 788, 73, 16384, 100
 788, 73, 16384, 100
 788, 73, 16384, 100
 788, 73, 16384, 100
 788, 73, 16384, 100
 788, 73, 16384, 100
 788, 73, 16384, 100
 789, 73, 16384, 100
 789, 104, 16384, 99
 789, 103, 16384, 99
 789, 105, 16384, 99
 789, 105, 16384, 99
 789, 105, 16384, 99
 789, 105, 16384, 99
 789, 105, 16384, 99
 789, 105, 16384, 99
 789, 105, 16384, 99
 790, 105, 16384, 99
 790, 112, 16384, 99
 790, 101, 16384, 99
 790, 101, 16384, 99
 790, 101, 16384, 99
 790, 101, 16384, 99
 790, 101, 16384, 99
 790, 101, 16384, 99
 790, 101, 16384, 99
 790, 101, 16384, 99
 791, 101, 16384, 99
 791, 128, 16384, 99
 791, 119, 16384, 99
 791, 119, 16384, 99
 791, 119, 16384, 99
 791, 119, 16384, 99
 791, 119, 16384, 99
 791, 119, 16384, 99
 791, 119, 16384, 99
 792, 119, 16384, 99
 792, 82, 16384, 99
 792, 74, 16384, 100
 792, 74, 16384, 100
 792, 74, 16384, 100
 792, 74, 16384, 100
 792, 74, 16384, 100
 792, 74, 16384, 100
 792, 74, 16384, 100
 792, 74, 16384, 100
 793, 74, 16384, 100
 793, 94, 16384, 99
 793, 94, 16384, 99
 793, 94, 16384, 99
 793, 94, 16384, 99
 793, 94, 16384, 99
 793, 94, 16384, 99
 793, 94, 16384, 99
 793, 94, 16384, 99
 793, 94, 16384, 99
 794, 94, 16384, 99
 794, 91, 16384, 99
 794, 88, 16384, 99
 794, 91, 16384, 99
 794, 91, 16384, 99
 794, 91, 16384, 99
 794, 91, 16384, 99
 794, 91, 16384, 99
 794, 91, 16384, 99
 794, 91, 16384, 99
 795, 91, 16384, 99
 795, 106, 16384, 99
 795, 89, 16384, 99
 795, 85, 16384, 99
 795, 85, 16384, 99
 795, 85, 16384, 99
 795, 85, 16384, 99
 795, 85, 16384, 99
 795, 85, 16384, 99
 795, 85, 16384, 99
 796, 85, 16384, 99
 796, 90, 16384, 99
 796, 109, 16384, 99
 796, 109, 16384, 99
 796, 109, 16384, 99
 796, 109, 16384, 99
 796, 109, 16384, 99
 796, 109, 16384, 99
 796, 109, 16384, 99
 796, 109, 16384, 99
 797, 109, 16384, 99
 797, 97, 16384, 99
 797, 100, 16384, 99
 797, 96, 16384, 99
 797, 84, 16384, 99
 797, 84, 16384, 99
 797, 84, 16384, 99
 797, 84, 16384, 99
 797, 84, 16384, 99
 797, 84, 16384, 99
 798, 84, 16384, 99
 798, 114, 16384, 99
 798, 119, 16384, 99
 798, 119, 16384, 99
 798, 119, 16384, 99
 798, 119, 16384, 99
 798, 119, 16384, 99
 798, 119, 16384, 99
 798, 119, 16384, 99
 798, 119, 16384, 99
 799, 119, 16384, 99
 799, 142, 16384, 99
 799, 145, 16384, 99
 799, 145, 16384, 99
 799, 145, 16384, 99
 799, 145, 16384, 99
 799, 145, 16384, 99
 799, 145, 16384, 99
 799, 145, 16384, 99
 799, 145, 16384, 99
 800, 145, 16384, 99
 800, 140, 16384, 99
 800, 140, 16384, 99
 800, 140, 16384, 99
 800, 140, 16384, 99
 800, 140, 16384, 99
 800, 140, 16384, 99
 800, 140, 16384, 99
 800, 140, 16384, 99
 801, 140, 16384, 99
 801, 140, 16384, 99
 801, 115, 16384, 99
 801, 106, 16384, 99
 801, 106, 16384, 99
 801, 106, 16384, 99
 801, 106, 16384, 99
 801, 106, 16384, 99
 801, 106, 16384, 99
 801, 106, 16384, 99
 802, 106, 16384, 99
 802, 137, 16384, 99
 802, 134, 16384, 99
 802, 133, 16384, 99
 802, 137, 16384, 99
 802, 137, 16384, 99
 802, 137, 16384, 99
 802, 137, 16384, 99
 802, 137, 16384, 99
 802, 137, 16384, 99
 803, 137, 16384, 99
 803, 102, 16384, 99
 803, 101, 16384, 99
 803, 101, 16384, 99
 803, 101, 16384, 99
 803, 101, 16384, 99
 803, 101, 16384, 99
 803, 101, 16384, 99
 803, 101, 16384, 99
 803, 101, 16384, 99
 804, 101, 16384, 99
 804, 96, 16384, 99
 804, 96, 16384, 99
 804, 96, 16384, 99
 804, 97, 16384, 99
 804, 97, 16384, 99
 804, 97, 16384, 99
 804, 97, 16384, 99
 804, 97, 16384, 99
 804, 97, 16384, 99
 805, 97, 16384, 99
 805, 75, 16384, 100
 805, 74, 16384, 100
 805, 74, 16384, 100
 805, 74, 16384, 100
 805, 74, 16384, 100
 805, 74, 16384, 100
 805, 74, 16384, 100
 805, 74, 16384, 100
 805, 74, 16384, 100
 806, 74, 16384, 100
 806, 90, 16384, 99
 806, 90, 16384, 99
 806, 90, 16384, 99
 806, 90, 16384, 99
 806, 90, 16384, 99
 806, 90, 16384, 99
 806, 90, 16384, 99
 806, 90, 16384, 99
 806, 90, 16384, 99
 807, 90, 16384, 99
 807, 96, 16384, 99
 807, 92, 16384, 99
 807, 95, 16384, 99
 807, 95, 16384, 99
 807, 95, 16384, 99
 807, 95, 16384, 99
 807, 95, 16384, 99
 807, 95, 16384, 99
 807, 95, 16384, 99
 808, 95, 16384, 99
 808, 115, 16384, 99
 808, 114, 16384, 99
 808, 114, 16384, 99
 808, 114, 16384, 99
 808, 114, 16384, 99
 808, 114, 16384, 99
 808, 114, 16384, 99
 808, 114, 16384, 99
 808, 114, 16384, 99
 809, 114, 16384, 99
 809, 87, 16384, 99
 809, 109, 16384, 99
 809, 109, 16384, 99
 809, 109, 16384, 99
 809, 109, 16384, 99
 809, 109, 16384, 99
 809, 109, 16384, 99
 809, 109, 16384, 99
 810, 109, 16384, 99
 810, 109, 16384, 99
 810, 143, 16384, 99
 810, 143, 16384, 99
 810, 143, 16384, 99
 810, 143, 16384, 99
 810, 143, 16384, 99
 810, 143, 16384, 99
 810, 143, 16384, 99
 810, 143, 16384, 99
 811, 143, 16384, 99
 811, 143, 16384, 99
 811, 176, 16384, 99
 811, 150, 16384, 99
 811, 150, 16384, 99
 811, 150, 16384, 99
 811, 150, 16384, 99
 811, 150, 16384, 99
 811, 150, 16384, 99
 812, 150, 16384, 99
 812, 150, 16384, 99
 812, 150, 16384, 99
 812, 142, 16384, 99
 812, 147, 16384, 99
 812, 147, 16384, 99
 812, 147, 16384, 99
 812, 147, 16384, 99
 812, 147, 16384, 99
 812, 147, 16384, 99
 813, 147, 16384, 99
 813, 147, 16384, 99
 813, 147, 16384, 99
 813, 131, 16384, 99
 813, 132, 16384, 99
 813, 132, 16384, 99
 813, 132, 16384, 99
 813, 132, 16384, 99
 813, 132, 16384, 99
 813, 132, 16384, 99
 814, 132, 16384, 99
 814, 132, 16384, 99
 814, 132, 16384, 99
 814, 111, 16384, 99
 814, 111, 16384, 99
 814, 111, 16384, 99
 814, 111, 16384, 99
 814, 111, 16384, 99
 814, 111, 16384, 99
 814, 111, 16384, 99
 815, 111, 16384, 99
 815, 111, 16384, 99
 815, 111, 16384, 99
 815, 139, 16384, 99
 815, 136, 16384, 99
 815, 136, 16384, 99
 815, 136, 16384, 99
 815, 136, 16384, 99
 815, 136, 16384, 99
 815, 136, 16384, 99
 816, 136, 16384, 99
 816, 136, 16384, 99
 816, 136, 16384, 99
 816, 101, 16384, 99
 816, 101, 16384, 99
 816, 101, 16384, 99
 816, 101, 16384, 99
 816, 101, 16384, 99
 816, 101, 16384, 99
 816, 101, 16384, 99
 817, 101, 16384, 99
 817, 101, 16384, 99
 817, 101, 16384, 99
 817, 104, 16384, 99
 817, 108, 16384, 99
 817, 125, 16384, 99
 817, 135, 16384, 99
 817, 135, 16384, 99
 817, 135, 16384, 99
 818, 135, 16384, 99
 818, 135, 16384, 99
 818, 135, 16384, 99
 818, 227, 16384, 99
 818, 223, 16384, 99
 818, 234, 16384, 99
 818, 234, 16384, 99
 818, 234, 16384, 99
 818, 234, 16384, 99
 819, 234, 16384, 99
 819, 234, 16384, 99
 819, 234, 16384, 99
 819, 234, 16384, 99
 819, 256, 16384, 98
 819, 256, 16384, 98
 819, 256, 16384, 98
 819, 256, 16384, 98
 819, 256, 16384, 98
 819, 256, 16384, 98
 820, 256, 16384, 98
 820, 256, 16384, 98
 820, 256, 16384, 98
 820, 302, 16384, 98
 820, 301, 16384, 98
 820, 301, 16384, 98
 820, 301, 16384, 98
 820, 301, 16384, 98
 820, 301, 16384, 98
 821, 301, 16384, 98
 821, 301, 16384, 98
 821, 301, 16384, 98
 821, 301, 16384, 98
 821, 315, 16384, 98
 821, 309, 16384, 98
 821, 301, 16384, 98
 821, 301, 16384, 98
 821, 301, 16384, 98
 821, 301, 16384, 98
 822, 301, 16384, 98
 822, 301, 16384, 98
 822, 301, 16384, 98
 822, 301, 16384, 98
 822, 302, 16384, 98
 822, 319, 16384, 98
 822, 319, 16384, 98
 822, 319, 16384, 98
 822, 319, 16384, 98
 822, 319, 16384, 98
 823, 319, 16384, 98
 823, 319, 16384, 98
 823, 319, 16384, 98
 823, 319, 16384, 98
 823, 212, 16384, 99
 823, 212, 16384, 99
 823, 212, 16384, 99
 823, 212, 16384, 99
 823, 212, 16384, 99
 823, 212, 16384, 99
 824, 212, 16384, 99
 824, 212, 16384, 99
 824, 212, 16384, 99
 824, 212, 16384, 99
 824, 194, 16384, 99
 824, 194, 16384, 99
 824, 194, 16384, 99
 824, 194, 16384, 99
 824, 194, 16384, 99
 825, 194, 16384, 99
 825, 194, 16384, 99
 825, 194, 16384, 99
 825, 194, 16384, 99
 825, 157, 16384, 99
 825, 153, 16384, 99
 825, 151, 16384, 99
 825, 151, 16384, 99
 825, 151, 16384, 99
 825, 151, 16384, 99
 826, 151, 16384, 99
 826, 151, 16384, 99
 826, 151, 16384, 99
 826, 151, 16384, 99
 826, 166, 16384, 99
 826, 165, 16384, 99
 826, 159, 16384, 99
 826, 151, 16384, 99
 826, 151, 16384, 99
 826, 151, 16384, 99
 827, 151, 16384, 99
 827, 151, 16384, 99
 827, 151, 16384, 99
 827, 151, 16384, 99
 827, 141, 16384, 99
 827, 133, 16384, 99
 827, 133, 16384, 99
 827, 133, 16384, 99
 827, 133, 16384, 99
 827, 133, 16384, 99
 828, 133, 16384, 99
 828, 133, 16384, 99
 828, 133, 16384, 99
 828, 133, 16384, 99
 828, 89, 16384, 99
 828, 83, 16384, 99
 828, 83, 16384, 99
 828, 83, 16384, 99
 828, 83, 16384, 99
 828, 83, 16384, 99
 829, 83, 16384, 99
 829, 83, 16384, 99
 829, 83, 16384, 99
 829, 83, 16384, 99
 829, 91, 16384, 99
 829, 99, 16384, 99
 829, 99, 16384, 99
 829, 98, 16384, 99
 829, 98, 16384, 99
 829, 98, 16384, 99
 830, 98, 16384, 99
 830, 98, 16384, 99
 830, 98, 16384, 99
 830, 98, 16384, 99
 830, 109, 16384, 99
 830, 115, 16384, 99
 830, 118, 16384, 99
 830, 118, 16384, 99
 830, 118, 16384, 99
 830, 118, 16384, 99
 831, 118, 16384, 99
 831, 118, 16384, 99
 831, 118, 16384, 99
 831, 118, 16384, 99
 831, 131, 16384, 99
 831, 133, 16384, 99
 831, 125, 16384, 99
 831, 125, 16384, 99
 831, 125, 16384, 99
 832, 125, 16384, 99
 832, 125, 16384, 99
 832, 125, 16384, 99
 832, 125, 16384, 99
 832, 129, 16384, 99
 832, 130, 16384, 99
 832, 130, 16384, 99
 832, 130, 16384, 99
 832, 130, 16384, 99
 833, 130, 16384, 99
 833, 130, 16384, 99
 833, 130, 16384, 99
 833, 130, 16384, 99
 833, 130, 16384, 99
 833, 145, 16384, 99
 833, 142, 16384, 99
 833, 151, 16384, 99
 833, 151, 16384, 99
 833, 151, 16384, 99
 834, 151, 16384, 99
 834, 151, 16384, 99
 834, 151, 16384, 99
 834, 151, 16384, 99
 834, 151, 16384, 99
 834, 174, 16384, 99
 834, 174, 16384, 99
 834, 176, 16384, 99
 834, 176, 16384, 99
 834, 176, 16384, 99
 835, 176, 16384, 99
 835, 176, 16384, 99
 835, 176, 16384, 99
 835, 176, 16384, 99
 835, 176, 16384, 99
 835, 112, 16384, 99
 835, 112, 16384, 99
 835, 112, 16384, 99
 835, 112, 16384, 99
 835, 112, 16384, 99
 836, 112, 16384, 99
 836, 112, 16384, 99
 836, 112, 16384, 99
 836, 112, 16384, 99
 836, 112, 16384, 99
 836, 127, 16384, 99
 836, 127, 16384, 99
 836, 127, 16384, 99
 836, 127, 16384, 99
 836, 127, 16384, 99
 837, 127, 16384, 99
 837, 127, 16384, 99
 837, 127, 16384, 99
 837, 127, 16384, 99
 837, 139, 16384, 99
 837, 137, 16384, 99
 837, 135, 16384, 99
 837, 135, 16384, 99
 837, 135, 16384, 99
 838, 135, 16384, 99
 838, 135, 16384, 99
 838, 135, 16384, 99
 838, 135, 16384, 99
 838, 135, 16384, 99
 838, 124, 16384, 99
 838, 121, 16384, 99
 838, 121, 16384, 99
 838, 121, 16384, 99
 838, 121, 16384, 99
 839, 121, 16384, 99
 839, 121, 16384, 99
 839, 121, 16384, 99
 839, 121, 16384, 99
 839, 146, 16384, 99
 839, 144, 16384, 99
 839, 145, 16384, 99
 839, 145, 16384, 99
 839, 145, 16384, 99
 840, 145, 16384, 99
 840, 145, 16384, 99
 840, 145, 16384, 99
 840, 145, 16384, 99
 840, 145, 16384, 99
 840, 124, 16384, 99
 840, 124, 16384, 99
 840, 124, 16384, 99
 840, 124, 16384, 99
 840, 124, 16384, 99
 841, 124, 16384, 99
 841, 124, 16384, 99
 841, 124, 16384, 99
 841, 124, 16384, 99
 841, 124, 16384, 99
 841, 136, 16384, 99
 841, 133, 16384, 99
 841, 133, 16384, 99
 841, 133, 16384, 99
 841, 133, 16384, 99
 842, 133, 16384, 99
 842, 133, 16384, 99
 842, 133, 16384, 99
 842, 133, 16384, 99
 842, 133, 16384, 99
 842, 108, 16384, 99
 842, 102, 16384, 99
 842, 103, 16384, 99
 842, 103, 16384, 99
 842, 103, 16384, 99
 843, 103, 16384, 99
 843, 103, 16384, 99
 843, 103, 16384, 99
 843, 103, 16384, 99
 843, 103, 16384, 99
 843, 107, 16384, 99
 843, 108, 16384, 99
 843, 108, 16384, 99
 843, 108, 16384, 99
 843, 108, 16384, 99
 844, 108, 16384, 99
 844, 108, 16384, 99
 844, 108, 16384, 99
 844, 108, 16384, 99
 844, 108, 16384, 99
 844, 121, 16384, 99
 844, 108, 16384, 99
 844, 108, 16384, 99
 844, 108, 16384, 99
 844, 108, 16384, 99
 845, 108, 16384, 99
 845, 108, 16384, 99
 845, 108, 16384, 99
 845, 108, 16384, 99
 845, 108, 16384, 99
 845, 123, 16384, 99
 845, 125, 16384, 99
 845, 128, 16384, 99
 845, 128, 16384, 99
 845, 128, 16384, 99
 846, 128, 16384, 99
 846, 128, 16384, 99
 846, 128, 16384, 99
 846, 128, 16384, 99
 846, 128, 16384, 99
 846, 137, 16384, 99
 846, 137, 16384, 99
 846, 137, 16384, 99
 846, 137, 16384, 99
 847, 137, 16384, 99
 847, 137, 16384, 99
 847, 137, 16384, 99
 847, 137, 16384, 99
 847, 137, 16384, 99
 847, 137, 16384, 99
 847, 184, 16384, 99
 847, 184, 16384, 99
 847, 184, 16384, 99
 847, 184, 16384, 99
 848, 184, 16384, 99
 848, 184, 16384, 99
 848, 184, 16384, 99
 848, 184, 16384, 99
 848, 184, 16384, 99
 848, 184, 16384, 99
 848, 184, 16384, 99
 848, 184, 16384, 99
 848, 184, 16384, 99
 848, 184, 16384, 99
 849, 184, 16384, 99
 849, 184, 16384, 99
 849, 184, 16384, 99
 849, 184, 16384, 99
 849, 184, 16384, 99
 849, 184, 16384, 99
 849, 201, 16384, 99
 849, 199, 16384, 99
 849, 200, 16384, 99
 849, 186, 16384, 99
 850, 186, 16384, 99
 850, 186, 16384, 99
 850, 186, 16384, 99
 850, 186, 16384, 99
 850, 186, 16384, 99
 850, 214, 16384, 99
 850, 206, 16384, 99
 850, 200, 16384, 99
 850, 200, 16384, 99
 850, 200, 16384, 99
 851, 200, 16384, 99
 851, 200, 16384, 99
 851, 200, 16384, 99
 851, 200, 16384, 99
 851, 200, 16384, 99
 851, 176, 16384, 99
 851, 171, 16384, 99
 851, 155, 16384, 99
 851, 155, 16384, 99
 851, 155, 16384, 99
 852, 155, 16384, 99
 852, 155, 16384, 99
 852, 155, 16384, 99
 852, 155, 16384, 99
 852, 155, 16384, 99
 852, 142, 16384, 99
 852, 140, 16384, 99
 852, 140, 16384, 99
 852, 140, 16384, 99
 852, 140, 16384, 99
 853, 140, 16384, 99
 853, 140, 16384, 99
 853, 140, 16384, 99
 853, 140, 16384, 99
 853, 140, 16384, 99
 853, 177, 16384, 99
 853, 167, 16384, 99
 853, 167, 16384, 99
 853, 167, 16384, 99
 854, 167, 16384, 99
 854, 167, 16384, 99
 854, 167, 16384, 99
 854, 167, 16384, 99
 854, 167, 16384, 99
 854, 167, 16384, 99
 854, 143, 16384, 99
 854, 138, 16384, 99
 854, 152, 16384, 99
 854, 159, 16384, 99
 855, 159, 16384, 99
 855, 159, 16384, 99
 855, 159, 16384, 99
 855, 159, 16384, 99
 855, 159, 16384, 99
 855, 159, 16384, 99
 855, 179, 16384, 99
 855, 175, 16384, 99
 855, 175, 16384, 99
 855, 175, 16384, 99
 856, 175, 16384, 99
 856, 175, 16384, 99
 856, 175, 16384, 99
 856, 175, 16384, 99
 856, 175, 16384, 99
 856, 175, 16384, 99
 856, 260, 16384, 98
 856, 293, 16384, 98
 856, 284, 16384, 98
 856, 284, 16384, 98
 857, 284, 16384, 98
 857, 284, 16384, 98
 857, 284, 16384, 98
 857, 284, 16384, 98
 857, 284, 16384, 98
 857, 284, 16384, 98
 857, 327, 16384, 98
 857, 335, 16384, 98
 857, 336, 16384, 98
 857, 336, 16384, 98
 858, 336, 16384, 98
 858, 336, 16384, 98
 858, 336, 16384, 98
 858, 336, 16384, 98
 858, 336, 16384, 98
 858, 296, 16384, 98
 858, 309, 16384, 98
 858, 300, 16384, 98
 858, 300, 16384, 98
 859, 300, 16384, 98
 859, 300, 16384, 98
 859, 300, 16384, 98
 859, 300, 16384, 98
 859, 300, 16384, 98
 859, 300, 16384, 98
 859, 326, 16384, 98
 859, 322, 16384, 98
 859, 322, 16384, 98
 859, 322, 16384, 98
 860, 322, 16384, 98
 860, 322, 16384, 98
 860, 322, 16384, 98
 860, 322, 16384, 98
 860, 322, 16384, 98
 860, 322, 16384, 98
 860, 345, 16384, 98
 860, 344, 16384, 98
 860, 344, 16384, 98
 860, 344, 16384, 98
 861, 344, 16384, 98
 861, 344, 16384, 98
 861, 344, 16384, 98
 861, 344, 16384, 98
 861, 344, 16384, 98
 861, 344, 16384, 98
 861, 308, 16384, 98
 861, 308, 16384, 98
 861, 308, 16384, 98
 861, 308, 16384, 98
 862, 308, 16384, 98
 862, 308, 16384, 98
 862, 308, 16384, 98
 862, 308, 16384, 98
 862, 308, 16384, 98
 862, 308, 16384, 98
 862, 266, 16384, 98
 862, 262, 16384, 98
 862, 262, 16384, 98
 862, 262, 16384, 98
 863, 262, 16384, 98
 863, 262, 16384, 98
 863, 262, 16384, 98
 863, 262, 16384, 98
 863, 262, 16384, 98
 863, 262, 16384, 98
 863, 255, 16384, 98
 863, 263, 16384, 98
 863, 263, 16384, 98
 863, 263, 16384, 98
 864, 263, 16384, 98
 864, 263, 16384, 98
 864, 263, 16384, 98
 864, 263, 16384, 98
 864, 263, 16384, 98
 864, 263, 16384, 98
 864, 200, 16384, 99
 864, 206, 16384, 99
 864, 206, 16384, 99
 865, 206, 16384, 99
 865, 206, 16384, 99
 865, 206, 16384, 99
 865, 206, 16384, 99
 865, 206, 16384, 99
 865, 206, 16384, 99
 865, 206, 16384, 99
 865, 197, 16384, 99
 865, 191, 16384, 99
 865, 191, 16384, 99
 866, 191, 16384, 99
 866, 191, 16384, 99
 866, 191, 16384, 99
 866, 191, 16384, 99
 866, 191, 16384, 99
 866, 191, 16384, 99
 866, 191, 16384, 99
 866, 193, 16384, 99
 866, 193, 16384, 99
 866, 193, 16384, 99
 867, 193, 16384, 99
 867, 193, 16384, 99
 867, 193, 16384, 99
 867, 193, 16384, 99
 867, 193, 16384, 99
 867, 193, 16384, 99
 867, 193, 16384, 99
 867, 173, 16384, 99
 867, 173, 16384, 99
 867, 173, 16384, 99
 868, 173, 16384, 99
 868, 173, 16384, 99
 868, 173, 16384, 99
 868, 173, 16384, 99
 868, 173, 16384, 99
 868, 173, 16384, 99
 868, 207, 16384, 99
 868, 200, 16384, 99
 868, 200, 16384, 99
 868, 200, 16384, 99
 869, 200, 16384, 99
 869, 200, 16384, 99
 869, 200, 16384, 99
 869, 200, 16384, 99
 869, 200, 16384, 99
 869, 200, 16384, 99
 869, 190, 16384, 99
 869, 191, 16384, 99
 869, 191, 16384, 99
 869, 191, 16384, 99
 870, 191, 16384, 99
 870, 191, 16384, 99
 870, 191, 16384, 99
 870, 191, 16384, 99
 870, 191, 16384, 99
 870, 191, 16384, 99
 870, 227, 16384, 99
 870, 227, 16384, 99
 870, 227, 16384, 99
 870, 227, 16384, 99
 871, 227, 16384, 99
 871, 227, 16384, 99
 871, 227, 16384, 99
 871, 227, 16384, 99
 871, 227, 16384, 99
 871, 227, 16384, 99
 871, 229, 16384, 99
 871, 197, 16384, 99
 871, 205, 16384, 99
 872, 200, 16384, 99
 872, 200, 16384, 99
 872, 200, 16384, 99
 872, 200, 16384, 99
 872, 200, 16384, 99
 872, 200, 16384, 99
 872, 216, 16384, 99
 872, 205, 16384, 99
 872, 205, 16384, 99
 873, 205, 16384, 99
 873, 205, 16384, 99
 873, 205, 16384, 99
 873, 205, 16384, 99
 873, 205, 16384, 99
 873, 205, 16384, 99
 873, 205, 16384, 99
 873, 243, 16384, 99
 873, 221, 16384, 99
 873, 221, 16384, 99
 874, 221, 16384, 99
 874, 221, 16384, 99
 874, 221, 16384, 99
 874, 221, 16384, 99
 874, 221, 16384, 99
 874, 221, 16384, 99
 874, 195, 16384, 99
 874, 191, 16384, 99
 874, 191, 16384, 99
 875, 191, 16384, 99
 875, 191, 16384, 99
 875, 191, 16384, 99
 875, 191, 16384, 99
 875, 191, 16384, 99
 875, 191, 16384, 99
 875, 191, 16384, 99
 875, 133, 16384, 99
 875, 125, 16384, 99
 876, 125, 16384, 99
 876, 125, 16384, 99
 876, 125, 16384, 99
 876, 125, 16384, 99
 876, 125, 16384, 99
 876, 125, 16384, 99
 876, 125, 16384, 99
 876, 125, 16384, 99
 876, 150, 16384, 99
 876, 150, 16384, 99
 877, 150, 16384, 99
 877, 150, 16384, 99
 877, 150, 16384, 99
 877, 150, 16384, 99
 877, 150, 16384, 99
 877, 150, 16384, 99
 877, 150, 16384, 99
 877, 150, 16384, 99
 877, 183, 16384, 99
 877, 183, 16384, 99
 878, 183, 16384, 99
 878, 183, 16384, 99
 878, 183, 16384, 99
 878, 183, 16384, 99
 878, 183, 16384, 99
 878, 183, 16384, 99
 878, 183, 16384, 99
 878, 175, 16384, 99
 878, 187, 16384, 99
 879, 187, 16384, 99
 879, 187, 16384, 99
 879, 187, 16384, 99
 879, 187, 16384, 99
 879, 187, 16384, 99
 879, 187, 16384, 99
 879, 187, 16384, 99
 879, 187, 16384, 99
 879, 203, 16384, 99
 880, 209, 16384, 99
 880, 209, 16384, 99
 880, 209, 16384, 99
 880, 209, 16384, 99
 880, 209, 16384, 99
 880, 209, 16384, 99
 880, 209, 16384, 99
 880, 209, 16384, 99
 880, 220, 16384, 99
 880, 220, 16384, 99
 881, 220, 16384, 99
 881, 220, 16384, 99
 881, 220, 16384, 99
 881, 220, 16384, 99
 881, 220, 16384, 99
 881, 220, 16384, 99
 881, 220, 16384, 99
 881, 220, 16384, 99
 881, 247, 16384, 98
 881, 247, 16384, 98
 882, 243, 16384, 99
 882, 243, 16384, 99
 882, 243, 16384, 99
 882, 243, 16384, 99
 882, 243, 16384, 99
 882, 243, 16384, 99
 882, 243, 16384, 99
 882, 243, 16384, 99
 882, 168, 16384, 99
 882, 164, 16384, 99
 883, 164, 16384, 99
 883, 164, 16384, 99
 883, 164, 16384, 99
 883, 164, 16384, 99
 883, 164, 16384, 99
 883, 164, 16384, 99
 883, 164, 16384, 99
 883, 164, 16384, 99
 883, 200, 16384, 99
 884, 205, 16384, 99
 884, 205, 16384, 99
 884, 205, 16384, 99
 884, 205, 16384, 99
 884, 205, 16384, 99
 884, 205, 16384, 99
 884, 205, 16384, 99
 884, 205, 16384, 99
 884, 205, 16384, 99
 884, 177, 16384, 99
 885, 176, 16384, 99
 885, 176, 16384, 99
 885, 176, 16384, 99
 885, 176, 16384, 99
 885, 176, 16384, 99
 885, 176, 16384, 99
 885, 176, 16384, 99
 885, 176, 16384, 99
 885, 176, 16384, 99
 885, 129, 16384, 99
 886, 128, 16384, 99
 886, 128, 16384, 99
 886, 128, 16384, 99
 886, 128, 16384, 99
 886, 128, 16384, 99
 886, 128, 16384, 99
 886, 128, 16384, 99
 886, 128, 16384, 99
 886, 128, 16384, 99
 886, 196, 16384, 99
 887, 187, 16384, 99
 887, 205, 16384, 99
 887, 205, 16384, 99
 887, 205, 16384, 99
 887, 205, 16384, 99
 887, 205, 16384, 99
 887, 205, 16384, 99
 887, 205, 16384, 99
 887, 205, 16384, 99
 887, 318, 16384, 98
 888, 321, 16384, 98
 888, 340, 16384, 98
 888, 340, 16384, 98
 888, 340, 16384, 98
 888, 340, 16384, 98
 888, 340, 16384, 98
 888, 340, 16384, 98
 888, 340, 16384, 98
 888, 340, 16384, 98
 888, 315, 16384, 98
 889, 326, 16384, 98
 889, 271, 16384, 98
 889, 271, 16384, 98
 889, 271, 16384, 98
 889, 271, 16384, 98
 889, 271, 16384, 98
 889, 271, 16384, 98
 889, 271, 16384, 98
 889, 271, 16384, 98
 890, 295, 16384, 98
 890, 292, 16384, 98
 890, 286, 16384, 98
 890, 286, 16384, 98
 890, 286, 16384, 98
 890, 286, 16384, 98
 890, 286, 16384, 98
 890, 286, 16384, 98
 890, 286, 16384, 98
 890, 286, 16384, 98
 891, 313, 16384, 98
 891, 314, 16384, 98
 891, 312, 16384, 98
 891, 312, 16384, 98
 891, 312, 16384, 98
 891, 312, 16384, 98
 891, 312, 16384, 98
 891, 312, 16384, 98
 891, 312, 16384, 98
 891, 312, 16384, 98
 892, 317, 16384, 98
 892, 305, 16384, 98
 892, 305, 16384, 98
 892, 305, 16384, 98
 892, 305, 16384, 98
 892, 305, 16384, 98
 892, 305, 16384, 98
 892, 305, 16384, 98
 892, 305, 16384, 98
 892, 305, 16384, 98
 893, 323, 16384, 98
 893, 312, 16384, 98
 893, 312, 16384, 98
 893, 312, 16384, 98
 893, 312, 16384, 98
 893, 312, 16384, 98
 893, 312, 16384, 98
 893, 312, 16384, 98
 893, 312, 16384, 98
 893, 312, 16384, 98
 894, 157, 16384, 99
 894, 155, 16384, 99
 894, 159, 16384, 99
 894, 159, 16384, 99
 894, 159, 16384, 99
 894, 159, 16384, 99
 894, 159, 16384, 99
 894, 159, 16384, 99
 894, 159, 16384, 99
 894, 159, 16384, 99
 895, 173, 16384, 99
 895, 173, 16384, 99
 895, 173, 16384, 99
 895, 173, 16384, 99
 895, 173, 16384, 99
 895, 173, 16384, 99
 895, 173, 16384, 99
 895, 173, 16384, 99
 895, 173, 16384, 99
 895, 173, 16384, 99
 896, 158, 16384, 99
 896, 177, 16384, 99
 896, 177, 16384, 99
 896, 177, 16384, 99
 896, 177, 16384, 99
 896, 177, 16384, 99
 896, 177, 16384, 99
 896, 177, 16384, 99
 896, 177, 16384, 99
 896, 177, 16384, 99
 897, 156, 16384, 99
 897, 163, 16384, 99
 897, 163, 16384, 99
 897, 163, 16384, 99
 897, 163, 16384, 99
 897, 163, 16384, 99
 897, 163, 16384, 99
 897, 163, 16384, 99
 897, 163, 16384, 99
 898, 163, 16384, 99
 898, 352, 16384, 98
 898, 352, 16384, 98
 898, 352, 16384, 98
 898, 352, 16384, 98
 898, 352, 16384, 98
 898, 352, 16384, 98
 898, 352, 16384, 98
 898, 352, 16384, 98
 898, 352, 16384, 98
 899, 352, 16384, 98
 899, 378, 16384, 98
 899, 390, 16384, 98
 899, 389, 16384, 98
 899, 389, 16384, 98
 899, 389, 16384, 98
 899, 389, 16384, 98
 899, 389, 16384, 98
 899, 389, 16384, 98
 899, 389, 16384, 98
 900, 389, 16384, 98
 900, 420, 16384, 97
 900, 434, 16384, 97
 900, 432, 16384, 97
 900, 432, 16384, 97
 900, 432, 16384, 97
 900, 432, 16384, 97
 900, 432, 16384, 97
 900, 432, 16384, 97
 900, 432, 16384, 97
 901, 432, 16384, 97
 901, 382, 16384, 98
 901, 382, 16384, 98
 901, 382, 16384, 98
 901, 382, 16384, 98
 901, 382, 16384, 98
 901, 382, 16384, 98
 901, 382, 16384, 98
 901, 382, 16384, 98
 901, 382, 16384, 98
 902, 382, 16384, 98
 902, 363, 16384, 98
 902, 690, 16384, 96
 902, 671, 16384, 96
 902, 671, 16384, 96
 902, 671, 16384, 96
 902, 671, 16384, 96
 902, 671, 16384, 96
 902, 671, 16384, 96
 903, 671, 16384, 96
 903, 671, 16384, 96
 903, 558, 16384, 97
 903, 548, 16384, 97
 903, 556, 16384, 97
 903, 556, 16384, 97
 903, 556, 16384, 97
 903, 556, 16384, 97
 903, 556, 16384, 97
 903, 556, 16384, 97
 904, 556, 16384, 97
 904, 556, 16384, 97
 904, 357, 16384, 98
 904, 350, 16384, 98
 904, 350, 16384, 98
 904, 350, 16384, 98
 904, 350, 16384, 98
 904, 350, 16384, 98
 904, 350, 16384, 98
 904, 350, 16384, 98
 905, 350, 16384, 98
 905, 172, 16384, 99
 905, 190, 16384, 99
 905, 190, 16384, 99
 905, 190, 16384, 99
 905, 190, 16384, 99
 905, 190, 16384, 99
 905, 190, 16384, 99
 905, 190, 16384, 99
 905, 190, 16384, 99
 906, 190, 16384, 99
 906, 169, 16384, 99
 906, 134, 16384, 99
 906, 121, 16384, 99
 906, 121, 16384, 99
 906, 121, 16384, 99
 906, 121, 16384, 99
 906, 121, 16384, 99
 906, 121, 16384, 99
 906, 121, 16384, 99
 907, 121, 16384, 99
 907, 193, 16384, 99
 907, 190, 16384, 99
 907, 188, 16384, 99
 907, 188, 16384, 99
 907, 188, 16384, 99
 907, 188, 16384, 99
 907, 188, 16384, 99
 907, 188, 16384, 99
 907, 188, 16384, 99
 908, 188, 16384, 99
 908, 129, 16384, 99
 908, 150, 16384, 99
 908, 133, 16384, 99
 908, 152, 16384, 99
 908, 152, 16384, 99
 908, 152, 16384, 99
 908, 152, 16384, 99
 908, 152, 16384, 99
 908, 152, 16384, 99
 909, 152, 16384, 99
 909, 134, 16384, 99
 909, 134, 16384, 99
 909, 134, 16384, 99
 909, 134, 16384, 99
 909, 134, 16384, 99
 909, 134, 16384, 99
 909, 134, 16384, 99
 909, 134, 16384, 99
 910, 134, 16384, 99
 910, 134, 16384, 99
 910, 108, 16384, 99
 910, 112, 16384, 99
 910, 112, 16384, 99
 910, 112, 16384, 99
 910, 112, 16384, 99
 910, 112, 16384, 99
 910, 112, 16384, 99
 910, 112, 16384, 99
 911, 112, 16384, 99
 911, 112, 16384, 99
 911, 127, 16384, 99
 911, 128, 16384, 99
 911, 128, 16384, 99
 911, 128, 16384, 99
 911, 128, 16384, 99
 911, 128, 16384, 99
 911, 128, 16384, 99
 911, 128, 16384, 99
 912, 128, 16384, 99
 912, 128, 16384, 99
 912, 165, 16384, 99
 912, 162, 16384, 99
 912, 162, 16384, 99
 912, 162, 16384, 99
 912, 162, 16384, 99
 912, 162, 16384, 99
 912, 162, 16384, 99
 912, 162, 16384, 99
 913, 162, 16384, 99
 913, 153, 16384, 99
 913, 147, 16384, 99
 913, 147, 16384, 99
 913, 147, 16384, 99
 913, 147, 16384, 99
 913, 147, 16384, 99
 913, 147, 16384, 99
 913, 147, 16384, 99
 913, 147, 16384, 99
 914, 147, 16384, 99
 914, 145, 16384, 99
 914, 145, 16384, 99
 914, 145, 16384, 99
 914, 145, 16384, 99
 914, 145, 16384, 99
 914, 145, 16384, 99
 914, 145, 16384, 99
 914, 145, 16384, 99
 914, 145, 16384, 99
 915, 145, 16384, 99
 915, 138, 16384, 99
 915, 114, 16384, 99
 915, 114, 16384, 99
 915, 114, 16384, 99
 915, 114, 16384, 99
 915, 114, 16384, 99
 915, 114, 16384, 99
 915, 114, 16384, 99
 915, 114, 16384, 99
 916, 114, 16384, 99
 916, 108, 16384, 99
 916, 110, 16384, 99
 916, 110, 16384, 99
 916, 110, 16384, 99
 916, 110, 16384, 99
 916, 110, 16384, 99
 916, 110, 16384, 99
 916, 110, 16384, 99
 917, 110, 16384, 99
 917, 110, 16384, 99
 917, 104, 16384, 99
 917, 100, 16384, 99
 917, 121, 16384, 99
 917, 121, 16384, 99
 917, 121, 16384, 99
 917, 121, 16384, 99
 917, 121, 16384, 99
 917, 121, 16384, 99
 918, 121, 16384, 99
 918, 121, 16384, 99
 918, 110, 16384, 99
 918, 111, 16384, 99
 918, 111, 16384, 99
 918, 111, 16384, 99
 918, 111, 16384, 99
 918, 111, 16384, 99
 918, 111, 16384, 99
 918, 111, 16384, 99
 919, 111, 16384, 99
 919, 111, 16384, 99
 919, 103, 16384, 99
 919, 104, 16384, 99
 919, 87, 16384, 99
 919, 87, 16384, 99
 919, 87, 16384, 99
 919, 87, 16384, 99
 919, 87, 16384, 99
 919, 87, 16384, 99
 920, 87, 16384, 99
 920, 87, 16384, 99
 920, 101, 16384, 99
 920, 99, 16384, 99
 920, 99, 16384, 99
 920, 99, 16384, 99
 920, 99, 16384, 99
 920, 99, 16384, 99
 920, 99, 16384, 99
 920, 99, 16384, 99
 921, 99, 16384, 99
 921, 99, 16384, 99
 921, 127, 16384, 99
 921, 151, 16384, 99
 921, 150, 16384, 99
 921, 150, 16384, 99
 921, 150, 16384, 99
 921, 150, 16384, 99
 921, 150, 16384, 99
 921, 150, 16384, 99
 922, 150, 16384, 99
 922, 150, 16384, 99
 922, 175, 16384, 99
 922, 175, 16384, 99
 922, 175, 16384, 99
 922, 175, 16384, 99
 922, 175, 16384, 99
 922, 175, 16384, 99
 922, 175, 16384, 99
 922, 175, 16384, 99
 923, 175, 16384, 99
 923, 175, 16384, 99
 923, 96, 16384, 99
 923, 94, 16384, 99
 923, 94, 16384, 99
 923, 94, 16384, 99
 923, 94, 16384, 99
 923, 94, 16384, 99
 923, 94, 16384, 99
 924, 94, 16384, 99
 924, 94, 16384, 99
 924, 133, 16384, 99
 924, 130, 16384, 99
 924, 131, 16384, 99
 924, 131, 16384, 99
 924, 131, 16384, 99
 924, 131, 16384, 99
 924, 131, 16384, 99
 924, 131, 16384, 99
 925, 131, 16384, 99
 925, 131, 16384, 99
 925, 164, 16384, 99
 925, 185, 16384, 99
 925, 185, 16384, 99
 925, 185, 16384, 99
 925, 185, 16384, 99
 925, 185, 16384, 99
 925, 185, 16384, 99
 925, 185, 16384, 99
 926, 185, 16384, 99
 926, 185, 16384, 99
 926, 179, 16384, 99
 926, 175, 16384, 99
 926, 191, 16384, 99
 926, 191, 16384, 99
 926, 191, 16384, 99
 926, 191, 16384, 99
 926, 191, 16384, 99
 926, 191, 16384, 99
 927, 191, 16384, 99
 927, 191, 16384, 99
 927, 207, 16384, 99
 927, 202, 16384, 99
 927, 204, 16384, 99
 927, 204, 16384, 99
 927, 204, 16384, 99
 927, 204, 16384, 99
 927, 204, 16384, 99
 927, 204, 16384, 99
 928, 204, 16384, 99
 928, 204, 16384, 99
 928, 199, 16384, 99
 928, 201, 16384, 99
 928, 201, 16384, 99
 928, 201, 16384, 99
 928, 201, 16384, 99
 928, 201, 16384, 99
 928, 201, 16384, 99
 929, 201, 16384, 99
 929, 201, 16384, 99
 929, 201, 16384, 99
 929, 207, 16384, 99
 929, 207, 16384, 99
 929, 207, 16384, 99
 929, 207, 16384, 99
 929, 207, 16384, 99
 929, 207, 16384, 99
 929, 207, 16384, 99
 930, 207, 16384, 99
 930, 207, 16384, 99
 930, 207, 16384, 99
 930, 168, 16384, 99
 930, 174, 16384, 99
 930, 170, 16384, 99
 930, 193, 16384, 99
 930, 193, 16384, 99
 930, 193, 16384, 99
 930, 193, 16384, 99
 931, 193, 16384, 99
 931, 193, 16384, 99
 931, 172, 16384, 99
 931, 172, 16384, 99
 931, 172, 16384, 99
 931, 172, 16384, 99
 931, 172, 16384, 99
 931, 172, 16384, 99
 931, 172, 16384, 99
 931, 172, 16384, 99
 932, 172, 16384, 99
 932, 172, 16384, 99
 932, 140, 16384, 99
 932, 139, 16384, 99
 932, 135, 16384, 99
 932, 137, 16384, 99
 932, 137, 16384, 99
 932, 137, 16384, 99
 932, 137, 16384, 99
 932, 137, 16384, 99
 933, 137, 16384, 99
 933, 137, 16384, 99
 933, 130, 16384, 99
 933, 111, 16384, 99
 933, 114, 16384, 99
 933, 114, 16384, 99
 933, 114, 16384, 99
 933, 114, 16384, 99
 933, 114, 16384, 99
 934, 114, 16384, 99
 934, 114, 16384, 99
 934, 114, 16384, 99
 934, 126, 16384, 99
 934, 107, 16384, 99
 934, 146, 16384, 99
 934, 145, 16384, 99
 934, 145, 16384, 99
 934, 145, 16384, 99
 934, 145, 16384, 99
 935, 145, 16384, 99
 935, 145, 16384, 99
 935, 145, 16384, 99
 935, 132, 16384, 99
 935, 129, 16384, 99
 935, 129, 16384, 99
 935, 129, 16384, 99
 935, 129, 16384, 99
 935, 129, 16384, 99
 935, 129, 16384, 99
 936, 129, 16384, 99
 936, 129, 16384, 99
 936, 129, 16384, 99
 936, 117, 16384, 99
 936, 110, 16384, 99
 936, 106, 16384, 99
 936, 106, 16384, 99
 936, 106, 16384, 99
 936, 106, 16384, 99
 936, 106, 16384, 99
 937, 106, 16384, 99
 937, 106, 16384, 99
 937, 106, 16384, 99
 937, 117, 16384, 99
 937, 116, 16384, 99
 937, 116, 16384, 99
 937, 116, 16384, 99
 937, 116, 16384, 99
 937, 116, 16384, 99
 937, 116, 16384, 99
 938, 116, 16384, 99
 938, 116, 16384, 99
 938, 116, 16384, 99
 938, 82, 16384, 99
 938, 110, 16384, 99
 938, 105, 16384, 99
 938, 105, 16384, 99
 938, 105, 16384, 99
 938, 105, 16384, 99
 938, 105, 16384, 99
 939, 105, 16384, 99
 939, 105, 16384, 99
 939, 105, 16384, 99
 939, 90, 16384, 99
 939, 99, 16384, 99
 939, 99, 16384, 99
 939, 99, 16384, 99
 939, 99, 16384, 99
 939, 99, 16384, 99
 939, 99, 16384, 99
 940, 99, 16384, 99
 940, 99, 16384, 99
 940, 99, 16384, 99
 940, 107, 16384, 99
 940, 107, 16384, 99
 940, 107, 16384, 99
 940, 107, 16384, 99
 940, 107, 16384, 99
 940, 107, 16384, 99
 941, 107, 16384, 99
 941, 107, 16384, 99
 941, 107, 16384, 99
 941, 200, 16384, 99
 941, 185, 16384, 99
 941, 184, 16384, 99
 941, 184, 16384, 99
 941, 184, 16384, 99
 941, 184, 16384, 99
 941, 184, 16384, 99
 942, 184, 16384, 99
 942, 184, 16384, 99
 942, 184, 16384, 99
 942, 167, 16384, 99
 942, 177, 16384, 99
 942, 177, 16384, 99
 942, 177, 16384, 99
 942, 177, 16384, 99
 942, 177, 16384, 99
 943, 177, 16384, 99
 943, 177, 16384, 99
 943, 177, 16384, 99
 943, 177, 16384, 99
 943, 153, 16384, 99
 943, 153, 16384, 99
 943, 138, 16384, 99
 943, 154, 16384, 99
 943, 154, 16384, 99
 943, 154, 16384, 99
 944, 154, 16384, 99
 944, 154, 16384, 99
 944, 154, 16384, 99
 944, 154, 16384, 99
 944, 145, 16384, 99
 944, 145, 16384, 99
 944, 145, 16384, 99
 944, 145, 16384, 99
 944, 145, 16384, 99
 944, 145, 16384, 99
 945, 145, 16384, 99
 945, 145, 16384, 99
 945, 145, 16384, 99
 945, 145, 16384, 99
 945, 168, 16384, 99
 945, 169, 16384, 99
 945, 163, 16384, 99
 945, 163, 16384, 99
 945, 163, 16384, 99
 945, 163, 16384, 99
 946, 163, 16384, 99
 946, 163, 16384, 99
 946, 163, 16384, 99
 946, 163, 16384, 99
 946, 152, 16384, 99
 946, 135, 16384, 99
 946, 135, 16384, 99
 946, 135, 16384, 99
 946, 135, 16384, 99
 947, 135, 16384, 99
 947, 135, 16384, 99
 947, 135, 16384, 99
 947, 135, 16384, 99
 947, 135, 16384, 99
 947, 201, 16384, 99
 947, 176, 16384, 99
 947, 192, 16384, 99
 947, 192, 16384, 99
 947, 192, 16384, 99
 948, 192, 16384, 99
 948, 192, 16384, 99
 948, 192, 16384, 99
 948, 192, 16384, 99
 948, 192, 16384, 99
 948, 176, 16384, 99
 948, 170, 16384, 99
 948, 170, 16384, 99
 948, 170, 16384, 99
 948, 170, 16384, 99
 949, 170, 16384, 99
 949, 170, 16384, 99
 949, 170, 16384, 99
 949, 170, 16384, 99
 949, 170, 16384, 99
 949, 167, 16384, 99
 949, 170, 16384, 99
 949, 170, 16384, 99
 949, 170, 16384, 99
 949, 170, 16384, 99
 950, 170, 16384, 99
 950, 170, 16384, 99
 950, 170, 16384, 99
 950, 170, 16384, 99
 950, 170, 16384, 99
 950, 221, 16384, 99
 950, 228, 16384, 99
 950, 228, 16384, 99
 950, 228, 16384, 99
 950, 228, 16384, 99
 951, 228, 16384, 99
 951, 228, 16384, 99
 951, 228, 16384, 99
 951, 228, 16384, 99
 951, 228, 16384, 99
 951, 449, 16384, 97
 951, 442, 16384, 97
 951, 442, 16384, 97
 951, 442, 16384, 97
 951, 442, 16384, 97
 952, 442, 16384, 97
 952, 442, 16384, 97
 952, 442, 16384, 97
 952, 442, 16384, 97
 952, 442, 16384, 97
 952, 351, 16384, 98
 952, 318, 16384, 98
 952, 300, 16384, 98
 952, 300, 16384, 98
 952, 300, 16384, 98
 953, 300, 16384, 98
 953, 300, 16384, 98
 953, 300, 16384, 98
 953, 300, 16384, 98
 953, 300, 16384, 98
 953, 246, 16384, 98
 953, 242, 16384, 99
 953, 242, 16384, 99
 953, 242, 16384, 99
 953, 242, 16384, 99
 954, 242, 16384, 99
 954, 242, 16384, 99
 954, 242, 16384, 99
 954, 242, 16384, 99
 954, 242, 16384, 99
 954, 281, 16384, 98
 954, 278, 16384, 98
 954, 288, 16384, 98
 954, 288, 16384, 98
 955, 288, 16384, 98
 955, 288, 16384, 98
 955, 288, 16384, 98
 955, 288, 16384, 98
 955, 288, 16384, 98
 955, 288, 16384, 98
 955, 286, 16384, 98
 955, 305, 16384, 98
 955, 300, 16384, 98
 955, 300, 16384, 98
 956, 300, 16384, 98
 956, 300, 16384, 98
 956, 300, 16384, 98
 956, 300, 16384, 98
 956, 300, 16384, 98
 956, 300, 16384, 98
 956, 473, 16384, 97
 956, 391, 16384, 98
 956, 388, 16384, 98
 956, 388, 16384, 98
 957, 388, 16384, 98
 957, 388, 16384, 98
 957, 388, 16384, 98
 957, 388, 16384, 98
 957, 388, 16384, 98
 957, 388, 16384, 98
 957, 273, 16384, 98
 957, 278, 16384, 98
 957, 278, 16384, 98
 957, 278, 16384, 98
 958, 278, 16384, 98
 958, 278, 16384, 98
 958, 278, 16384, 98
 958, 278, 16384, 98
 958, 278, 16384, 98
 958, 278, 16384, 98
 958, 601, 16384, 96
 958, 549, 16384, 97
 958, 549, 16384, 97
 959, 549, 16384, 97
 959, 549, 16384, 97
 959, 549, 16384, 97
 959, 549, 16384, 97
 959, 549, 16384, 97
 959, 549, 16384, 97
 959, 549, 16384, 97
 959, 559, 16384, 97
 959, 536, 16384, 97
 959, 536, 16384, 97
 960, 536, 16384, 97
 960, 536, 16384, 97
 960, 536, 16384, 97
 960, 536, 16384, 97
 960, 536, 16384, 97
 960, 536, 16384, 97
 960, 536, 16384, 97
 960, 392, 16384, 98
 960, 395, 16384, 98
 960, 395, 16384, 98
 961, 395, 16384, 98
 961, 395, 16384, 98
 961, 395, 16384, 98
 961, 395, 16384, 98
 961, 395, 16384, 98
 961, 395, 16384, 98
 961, 395, 16384, 98
 961, 370, 16384, 98
 961, 387, 16384, 98
 961, 368, 16384, 98
 962, 368, 16384, 98
 962, 368, 16384, 98
 962, 368, 16384, 98
 962, 368, 16384, 98
 962, 368, 16384, 98
 962, 368, 16384, 98
 962, 404, 16384, 98
 962, 403, 16384, 98
 962, 448, 16384, 97
 962, 448, 16384, 97
 963, 448, 16384, 97
 963, 448, 16384, 97
 963, 448, 16384, 97
 963, 448, 16384, 97
 963, 448, 16384, 97
 963, 448, 16384, 97
 963, 415, 16384, 97
 963, 415, 16384, 97
 963, 425, 16384, 97
 964, 425, 16384, 97
 964, 425, 16384, 97
 964, 425, 16384, 97
 964, 425, 16384, 97
 964, 425, 16384, 97
 964, 425, 16384, 97
 964, 425, 16384, 97
 964, 425, 16384, 97
 964, 448, 16384, 97
 964, 448, 16384, 97
 965, 448, 16384, 97
 965, 448, 16384, 97
 965, 448, 16384, 97
 965, 448, 16384, 97
 965, 448, 16384, 97
 965, 448, 16384, 97
 965, 448, 16384, 97
 965, 330, 16384, 98
 965, 336, 16384, 98
 965, 331, 16384, 98
 966, 333, 16384, 98
 966, 333, 16384, 98
 966, 333, 16384, 98
 966, 333, 16384, 98
 966, 333, 16384, 98
 966, 333, 16384, 98
 966, 333, 16384, 98
 966, 441, 16384, 97
 966, 448, 16384, 97
 966, 447, 16384, 97
 967, 447, 16384, 97
 967, 447, 16384, 97
 967, 447, 16384, 97
 967, 447, 16384, 97
 967, 447, 16384, 97
 967, 447, 16384, 97
 967, 447, 16384, 97
 967, 388, 16384, 98
 967, 419, 16384, 97
 967, 420, 16384, 97
 968, 420, 16384, 97
 968, 420, 16384, 97
 968, 420, 16384, 97
 968, 420, 16384, 97
 968, 420, 16384, 97
 968, 420, 16384, 97
 968, 420, 16384, 97
 968, 428, 16384, 97
 968, 428, 16384, 97
 969, 428, 16384, 97
 969, 428, 16384, 97
 969, 428, 16384, 97
 969, 428, 16384, 97
 969, 428, 16384, 97
 969, 428, 16384, 97
 969, 428, 16384, 97
 969, 420, 16384, 97
 969, 420, 16384, 97
 969, 420, 16384, 97
 970, 420, 16384, 97
 970, 420, 16384, 97
 970, 420, 16384, 97
 970, 420, 16384, 97
 970, 420, 16384, 97
 970, 420, 16384, 97
 970, 420, 16384, 97
 970, 392, 16384, 98
 970, 393, 16384, 98
 970, 393, 16384, 98
 971, 393, 16384, 98
 971, 393, 16384, 98
 971, 393, 16384, 98
 971, 393, 16384, 98
 971, 393, 16384, 98
 971, 393, 16384, 98
 971, 393, 16384, 98
 971, 319, 16384, 98
 971, 310, 16384, 98
 971, 308, 16384, 98
 972, 308, 16384, 98
 972, 308, 16384, 98
 972, 308, 16384, 98
 972, 308, 16384, 98
 972, 308, 16384, 98
 972, 308, 16384, 98
 972, 308, 16384, 98
 972, 311, 16384, 98
 972, 299, 16384, 98
 972, 299, 16384, 98
 973, 299, 16384, 98
 973, 299, 16384, 98
 973, 299, 16384, 98
 973, 299, 16384, 98
 973, 299, 16384, 98
 973, 299, 16384, 98
 973, 299, 16384, 98
 973, 223, 16384, 99
 973, 219, 16384, 99
 973, 208, 16384, 99
 974, 208, 16384, 99
 974, 208, 16384, 99
 974, 208, 16384, 99
 974, 208, 16384, 99
 974, 208, 16384, 99
 974, 208, 16384, 99
 974, 208, 16384, 99
 974, 166, 16384, 99
 974, 164, 16384, 99
 974, 161, 16384, 99
 975, 161, 16384, 99
 975, 161, 16384, 99
 975, 161, 16384, 99
 975, 161, 16384, 99
 975, 161, 16384, 99
 975, 161, 16384, 99
 975, 161, 16384, 99
 975, 209, 16384, 99
 975, 205, 16384, 99
 976, 205, 16384, 99
 976, 205, 16384, 99
 976, 205, 16384, 99
 976, 205, 16384, 99
 976, 205, 16384, 99
 976, 205, 16384, 99
 976, 205, 16384, 99
 976, 205, 16384, 99
 976, 186, 16384, 99
 976, 187, 16384, 99
 977, 187, 16384, 99
 977, 187, 16384, 99
 977, 187, 16384, 99
 977, 187, 16384, 99
 977, 187, 16384, 99
 977, 187, 16384, 99
 977, 187, 16384, 99
 977, 187, 16384, 99
 977, 302, 16384, 98
 977, 339, 16384, 98
 978, 315, 16384, 98
 978, 315, 16384, 98
 978, 315, 16384, 98
 978, 315, 16384, 98
 978, 315, 16384, 98
 978, 315, 16384, 98
 978, 315, 16384, 98
 978, 257, 16384, 98
 978, 288, 16384, 98
 978, 288, 16384, 98
 979, 288, 16384, 98
 979, 288, 16384, 98
 979, 288, 16384, 98
 979, 288, 16384, 98
 979, 288, 16384, 98
 979, 288, 16384, 98
 979, 288, 16384, 98
 979, 291, 16384, 98
 979, 256, 16384, 98
 979, 260, 16384, 98
 980, 306, 16384, 98
 980, 306, 16384, 98
 980, 306, 16384, 98
 980, 306, 16384, 98
 980, 306, 16384, 98
 980, 306, 16384, 98
 980, 306, 16384, 98
 980, 205, 16384, 99
 980, 182, 16384, 99
 980, 165, 16384, 99
 981, 197, 16384, 99
 981, 197, 16384, 99
 981, 197, 16384, 99
 981, 197, 16384, 99
 981, 197, 16384, 99
 981, 197, 16384, 99
 981, 197, 16384, 99
 981, 221, 16384, 99
 981, 219, 16384, 99
 982, 219, 16384, 99
 982, 219, 16384, 99
 982, 219, 16384, 99
 982, 219, 16384, 99
 982, 219, 16384, 99
 982, 219, 16384, 99
 982, 219, 16384, 99
 982, 219, 16384, 99
 982, 462, 16384, 97
 982, 451, 16384, 97
 983, 451, 16384, 97
 983, 451, 16384, 97
 983, 451, 16384, 97
 983, 451, 16384, 97
 983, 451, 16384, 97
 983, 451, 16384, 97
 983, 451, 16384, 97
 983, 451, 16384, 97
 983, 405, 16384, 98
 983, 385, 16384, 98
 984, 359, 16384, 98
 984, 359, 16384, 98
 984, 359, 16384, 98
 984, 359, 16384, 98
 984, 359, 16384, 98
 984, 359, 16384, 98
 984, 359, 16384, 98
 984, 301, 16384, 98
 984, 283, 16384, 98
 985, 283, 16384, 98
 985, 283, 16384, 98
 985, 283, 16384, 98
 985, 283, 16384, 98
 985, 283, 16384, 98
 985, 283, 16384, 98
 985, 283, 16384, 98
 985, 283, 16384, 98
 985, 292, 16384, 98
 985, 292, 16384, 98
 986, 292, 16384, 98
 986, 292, 16384, 98
 986, 292, 16384, 98
 986, 292, 16384, 98
 986, 292, 16384, 98
 986, 292, 16384, 98
 986, 292, 16384, 98
 986, 292, 16384, 98
 986, 264, 16384, 98
 986, 264, 16384, 98
 987, 264, 16384, 98
 987, 264, 16384, 98
 987, 264, 16384, 98
 987, 264, 16384, 98
 987, 264, 16384, 98
 987, 264, 16384, 98
 987, 264, 16384, 98
 987, 264, 16384, 98
 987, 243, 16384, 99
 987, 239, 16384, 99
 988, 239, 16384, 99
 988, 239, 16384, 99
 988, 239, 16384, 99
 988, 239, 16384, 99
 988, 239, 16384, 99
 988, 239, 16384, 99
 988, 239, 16384, 99
 988, 239, 16384, 99
 988, 252, 16384, 98
 988, 251, 16384, 98
 989, 251, 16384, 98
 989, 251, 16384, 98
 989, 251, 16384, 98
 989, 251, 16384, 98
 989, 251, 16384, 98
 989, 251, 16384, 98
 989, 251, 16384, 98
 989, 251, 16384, 98
 989, 180, 16384, 99
 990, 201, 16384, 99
 990, 201, 16384, 99
 990, 201, 16384, 99
 990, 201, 16384, 99
 990, 201, 16384, 99
 990, 201, 16384, 99
 990, 201, 16384, 99
 990, 201, 16384, 99
 990, 211, 16384, 99
 990, 208, 16384, 99
 991, 208, 16384, 99
 991, 208, 16384, 99
 991, 208, 16384, 99
 991, 208, 16384, 99
 991, 208, 16384, 99
 991, 208, 16384, 99
 991, 208, 16384, 99
 991, 208, 16384, 99
 991, 242, 16384, 99
 991, 236, 16384, 99
 992, 229, 16384, 99
 992, 229, 16384, 99
 992, 229, 16384, 99
 992, 229, 16384, 99
 992, 229, 16384, 99
 992, 229, 16384, 99
 992, 229, 16384, 99
 992, 229, 16384, 99
 992, 300, 16384, 98
 992, 296, 16384, 98
 993, 296, 16384, 98
 993, 296, 16384, 98
 993, 296, 16384, 98
 993, 296, 16384, 98
 993, 296, 16384, 98
 993, 296, 16384, 98
 993, 296, 16384, 98
 993, 296, 16384, 98
 993, 320, 16384, 98
 993, 322, 16384, 98
 994, 322, 16384, 98
 994, 322, 16384, 98
 994, 322, 16384, 98
 994, 322, 16384, 98
 994, 322, 16384, 98
 994, 322, 16384, 98
 994, 322, 16384, 98
 994, 322, 16384, 98
 994, 325, 16384, 98
 995, 324, 16384, 98
 995, 291, 16384, 98
 995, 291, 16384, 98
 995, 291, 16384, 98
 995, 291, 16384, 98
 995, 291, 16384, 98
 995, 291, 16384, 98
 995, 291, 16384, 98
 995, 305, 16384, 98
 995, 296, 16384, 98
 996, 294, 16384, 98
 996, 294, 16384, 98
 996, 294, 16384, 98
 996, 294, 16384, 98
 996, 294, 16384, 98
 996, 294, 16384, 98
 996, 294, 16384, 98
 996, 294, 16384, 98
 996, 305, 16384, 98
 996, 305, 16384, 98
 997, 305, 16384, 98
 997, 305, 16384, 98
 997, 305, 16384, 98
 997, 305, 16384, 98
 997, 305, 16384, 98
 997, 305, 16384, 98
 997, 305, 16384, 98
 997, 305, 16384, 98
 997, 221, 16384, 99
 997, 225, 16384, 99
 998, 225, 16384, 99
 998, 225, 16384, 99
 998, 225, 16384, 99
 998, 225, 16384, 99
 998, 225, 16384, 99
 998, 225, 16384, 99
 998, 225, 16384, 99
 998, 225, 16384, 99
 998, 187, 16384, 99
 998, 188, 16384, 99
 999, 188, 16384, 99
 999, 188, 16384, 99
 999, 188, 16384, 99
 999, 188, 16384, 99
 999, 188, 16384, 99
 999, 188, 16384, 99
 999, 188, 16384, 99
 999, 188, 16384, 99
 999, 177, 16384, 99
 999, 174, 16384, 99
 1000, 194, 16384, 99
 1000, 194, 16384, 99
 1000, 194, 16384, 99
 1000, 194, 16384, 99
 1000, 194, 16384, 99
 1000, 194, 16384, 99
 1000, 194, 16384, 99
 1000, 194, 16384, 99
 1000, 193, 16384, 99
 1000, 191, 16384, 99
 1001, 189, 16384, 99
 1001, 170, 16384, 99
 1001, 170, 16384, 99
 1001, 170, 16384, 99
 1001, 170, 16384, 99
 1001, 170, 16384, 99
 1001, 170, 16384, 99
 1001, 170, 16384, 99
 1001, 175, 16384, 99
 1002, 154, 16384, 99
 1002, 142, 16384, 99
 1002, 142, 16384, 99
 1002, 142, 16384, 99
 1002, 142, 16384, 99
 1002, 142, 16384, 99
 1002, 142, 16384, 99
 1002, 142, 16384, 99
 1002, 142, 16384, 99
 1002, 289, 16384, 98
 1003, 289, 16384, 98
 1003, 289, 16384, 98
 1003, 289, 16384, 98
 1003, 289, 16384, 98
 1003, 289, 16384, 98
 1003, 289, 16384, 98
 1003, 289, 16384, 98
 1003, 289, 16384, 98
 1003, 288, 16384, 98
 1004, 297, 16384, 98
 1004, 293, 16384, 98
 1004, 293, 16384, 98
 1004, 293, 16384, 98
 1004, 293, 16384, 98
 1004, 293, 16384, 98
 1004, 293, 16384, 98
 1004, 293, 16384, 98
 1004, 294, 16384, 98
 1005, 315, 16384, 98
 1005, 270, 16384, 98
 1005, 270, 16384, 98
 1005, 270, 16384, 98
 1005, 270, 16384, 98
 1005, 270, 16384, 98
 1005, 270, 16384, 98
 1005, 270, 16384, 98
 1005, 270, 16384, 98
 1006, 282, 16384, 98
 1006, 290, 16384, 98
 1006, 286, 16384, 98
 1006, 286, 16384, 98
 1006, 286, 16384, 98
 1006, 286, 16384, 98
 1006, 286, 16384, 98
 1006, 286, 16384, 98
 1006, 286, 16384, 98
 1006, 286, 16384, 98
 1007, 308, 16384, 98
 1007, 311, 16384, 98
 1007, 310, 16384, 98
 1007, 310, 16384, 98
 1007, 310, 16384, 98
 1007, 310, 16384, 98
 1007, 310, 16384, 98
 1007, 310, 16384, 98
 1007, 310, 16384, 98
 1007, 310, 16384, 98
 1008, 171, 16384, 99
 1008, 187, 16384, 99
 1008, 187, 16384, 99
 1008, 187, 16384, 99
 1008, 187, 16384, 99
 1008, 187, 16384, 99
 1008, 187, 16384, 99
 1008, 187, 16384, 99
 1008, 187, 16384, 99
 1008, 187, 16384, 99
 1009, 142, 16384, 99
 1009, 144, 16384, 99
 1009, 144, 16384, 99
 1009, 144, 16384, 99
 1009, 144, 16384, 99
 1009, 144, 16384, 99
 1009, 144, 16384, 99
 1009, 144, 16384, 99
 1009, 144, 16384, 99
 1009, 144, 16384, 99
 1010, 141, 16384, 99
 1010, 149, 16384, 99
 1010, 161, 16384, 99
 1010, 161, 16384, 99
 1010, 161, 16384, 99
 1010, 161, 16384, 99
 1010, 161, 16384, 99
 1010, 161, 16384, 99
 1010, 161, 16384, 99
 1010, 161, 16384, 99
 1011, 218, 16384, 99
 1011, 235, 16384, 99
 1011, 240, 16384, 99
 1011, 238, 16384, 99
 1011, 238, 16384, 99
 1011, 238, 16384, 99
 1011, 238, 16384, 99
 1011, 238, 16384, 99
 1011, 238, 16384, 99
 1012, 238, 16384, 99
 1012, 277, 16384, 98
 1012, 279, 16384, 98
 1012, 279, 16384, 98
 1012, 279, 16384, 98
 1012, 279, 16384, 98
 1012, 279, 16384, 98
 1012, 279, 16384, 98
 1012, 279, 16384, 98
 1012, 279, 16384, 98
 1013, 279, 16384, 98
 1013, 285, 16384, 98
 1013, 278, 16384, 98
 1013, 278, 16384, 98
 1013, 278, 16384, 98
 1013, 278, 16384, 98
 1013, 278, 16384, 98
 1013, 278, 16384, 98
 1013, 278, 16384, 98
 1013, 278, 16384, 98
 1014, 278, 16384, 98
 1014, 293, 16384, 98
 1014, 288, 16384, 98
 1014, 288, 16384, 98
 1014, 288, 16384, 98
 1014, 288, 16384, 98
 1014, 288, 16384, 98
 1014, 288, 16384, 98
 1014, 288, 16384, 98
 1014, 288, 16384, 98
 1015, 288, 16384, 98
 1015, 272, 16384, 98
 1015, 271, 16384, 98
 1015, 267, 16384, 98
 1015, 266, 16384, 98
 1015, 266, 16384, 98
 1015, 266, 16384, 98
 1015, 266, 16384, 98
 1015, 266, 16384, 98
 1016, 266, 16384, 98
 1016, 266, 16384, 98
 1016, 189, 16384, 99
 1016, 198, 16384, 99
 1016, 196, 16384, 99
 1016, 192, 16384, 99
 1016, 192, 16384, 99
 1016, 192, 16384, 99
 1016, 192, 16384, 99
 1016, 192, 16384, 99
 1017, 192, 16384, 99
 1017, 192, 16384, 99
 1017, 174, 16384, 99
 1017, 176, 16384, 99
 1017, 176, 16384, 99
 1017, 176, 16384, 99
 1017, 176, 16384, 99
 1017, 176, 16384, 99
 1017, 176, 16384, 99
 1017, 176, 16384, 99
 1018, 176, 16384, 99
 1018, 176, 16384, 99
 1018, 144, 16384, 99
 1018, 133, 16384, 99
 1018, 141, 16384, 99
 1018, 141, 16384, 99
 1018, 141, 16384, 99
 1018, 141, 16384, 99
 1018, 141, 16384, 99
 1018, 141, 16384, 99
 1019, 141, 16384, 99
 1019, 141, 16384, 99
 1019, 167, 16384, 99
 1019, 177, 16384, 99
 1019, 177, 16384, 99
 1019, 177, 16384, 99
 1019, 177, 16384, 99
 1019, 177, 16384, 99
 1019, 177, 16384, 99
 1019, 177, 16384, 99
 1020, 177, 16384, 99
 1020, 177, 16384, 99
 1020, 171, 16384, 99
 1020, 171, 16384, 99
 1020, 171, 16384, 99
 1020, 171, 16384, 99
 1020, 171, 16384, 99
 1020, 171, 16384, 99
 1020, 171, 16384, 99
 1020, 171, 16384, 99
 1021, 171, 16384, 99
 1021, 171, 16384, 99
 1021, 147, 16384, 99
 1021, 144, 16384, 99
 1021, 165, 16384, 99
 1021, 164, 16384, 99
 1021, 164, 16384, 99
 1021, 164, 16384, 99
 1021, 164, 16384, 99
 1022, 164, 16384, 99
 1022, 164, 16384, 99
 1022, 164, 16384, 99
 1022, 170, 16384, 99
 1022, 170, 16384, 99
 1022, 166, 16384, 99
 1022, 166, 16384, 99
 1022, 166, 16384, 99
 1022, 166, 16384, 99
 1022, 166, 16384, 99
 1023, 166, 16384, 99
 1023, 166, 16384, 99
 1023, 166, 16384, 99
 1023, 150, 16384, 99
 1023, 150, 16384, 99
 1023, 150, 16384, 99
 1023, 150, 16384, 99
 1023, 150, 16384, 99
 1023, 150, 16384, 99
 1023, 150, 16384, 99
 1024, 150, 16384, 99
 1024, 150, 16384, 99
 1024, 150, 16384, 99
 1024, 146, 16384, 99
 1024, 147, 16384, 99
 1024, 153, 16384, 99
 1024, 153, 16384, 99
 1024, 153, 16384, 99
 1024, 153, 16384, 99
 1024, 153, 16384, 99
 1025, 153, 16384, 99
 1025, 153, 16384, 99
 1025, 153, 16384, 99
 1025, 122, 16384, 99
 1025, 143, 16384, 99
 1025, 143, 16384, 99
 1025, 143, 16384, 99
 1025, 143, 16384, 99
 1025, 143, 16384, 99
 1025, 143, 16384, 99
 1026, 143, 16384, 99
 1026, 143, 16384, 99
 1026, 143, 16384, 99
 1026, 119, 16384, 99
 1026, 124, 16384, 99
 1026, 60, 16384, 100
 1026, 60, 16384, 100
 1026, 60, 16384, 100
 1026, 60, 16384, 100
 1026, 60, 16384, 100
 1027, 60, 16384, 100
 1027, 60, 16384, 100
 1027, 60, 16384, 100
 1027, 125, 16384, 99
 1027, 125, 16384, 99
 1027, 127, 16384, 99
 1027, 127, 16384, 99
 1027, 127, 16384, 99
 1027, 127, 16384, 99
 1027, 127, 16384, 99
 1028, 127, 16384, 99
 1028, 127, 16384, 99
 1028, 127, 16384, 99
 1028, 125, 16384, 99
 1028, 126, 16384, 99
 1028, 126, 16384, 99
 1028, 126, 16384, 99
 1028, 126, 16384, 99
 1028, 126, 16384, 99
 1028, 126, 16384, 99
 1029, 126, 16384, 99
 1029, 126, 16384, 99
 1029, 126, 16384, 99
 1029, 146, 16384, 99
 1029, 146, 16384, 99
 1029, 146, 16384, 99
 1029, 146, 16384, 99
 1029, 146, 16384, 99
 1029, 146, 16384, 99
 1030, 146, 16384, 99
 1030, 146, 16384, 99
 1030, 146, 16384, 99
 1030, 146, 16384, 99
 1030, 117, 16384, 99
 1030, 120, 16384, 99
 1030, 120, 16384, 99
 1030, 120, 16384, 99
 1030, 120, 16384, 99
 1030, 120, 16384, 99
 1031, 120, 16384, 99
 1031, 120, 16384, 99
 1031, 120, 16384, 99
 1031, 120, 16384, 99
 1031, 140, 16384, 99
 1031, 113, 16384, 99
 1031, 113, 16384, 99
 1031, 113, 16384, 99
 1031, 113, 16384, 99
 1031, 113, 16384, 99
 1032, 113, 16384, 99
 1032, 113, 16384, 99
 1032, 113, 16384, 99
 1032, 113, 16384, 99
 1032, 131, 16384, 99
 1032, 131, 16384, 99
 1032, 131, 16384, 99
 1032, 131, 16384, 99
 1032, 131, 16384, 99
 1032, 131, 16384, 99
 1033, 131, 16384, 99
 1033, 131, 16384, 99
 1033, 131, 16384, 99
 1033, 148, 16384, 99
 1033, 135, 16384, 99
 1033, 142, 16384, 99
 1033, 142, 16384, 99
 1033, 142, 16384, 99
 1033, 142, 16384, 99
 1033, 142, 16384, 99
 1034, 142, 16384, 99
 1034, 142, 16384, 99
 1034, 142, 16384, 99
 1034, 128, 16384, 99
 1034, 91, 16384, 99
 1034, 119, 16384, 99
 1034, 119, 16384, 99
 1034, 119, 16384, 99
 1034, 119, 16384, 99
 1034, 119, 16384, 99
 1035, 119, 16384, 99
 1035, 119, 16384, 99
 1035, 119, 16384, 99
 1035, 136, 16384, 99
 1035, 134, 16384, 99
 1035, 136, 16384, 99
 1035, 136, 16384, 99
 1035, 136, 16384, 99
 1035, 136, 16384, 99
 1035, 136, 16384, 99
 1036, 136, 16384, 99
 1036, 136, 16384, 99
 1036, 136, 16384, 99
 1036, 105, 16384, 99
 1036, 105, 16384, 99
 1036, 105, 16384, 99
 1036, 105, 16384, 99
 1036, 105, 16384, 99
 1036, 105, 16384, 99
 1036, 105, 16384, 99
 1037, 105, 16384, 99
 1037, 105, 16384, 99
 1037, 105, 16384, 99
 1037, 108, 16384, 99
 1037, 110, 16384, 99
 1037, 110, 16384, 99
 1037, 110, 16384, 99
 1037, 110, 16384, 99
 1037, 110, 16384, 99
 1038, 110, 16384, 99
 1038, 110, 16384, 99
 1038, 110, 16384, 99
 1038, 110, 16384, 99
 1038, 105, 16384, 99
 1038, 105, 16384, 99
 1038, 105, 16384, 99
 1038, 105, 16384, 99
 1038, 105, 16384, 99
 1038, 105, 16384, 99
 1039, 105, 16384, 99
 1039, 105, 16384, 99
 1039, 105, 16384, 99
 1039, 105, 16384, 99
 1039, 112, 16384, 99
 1039, 113, 16384, 99
 1039, 113, 16384, 99
 1039, 113, 16384, 99
 1039, 113, 16384, 99
 1039, 113, 16384, 99
 1040, 113, 16384, 99
 1040, 113, 16384, 99
 1040, 113, 16384, 99
 1040, 113, 16384, 99
 1040, 119, 16384, 99
 1040, 119, 16384, 99
 1040, 119, 16384, 99
 1040, 119, 16384, 99
 1040, 119, 16384, 99
 1040, 119, 16384, 99
 1041, 119, 16384, 99
 1041, 119, 16384, 99
 1041, 119, 16384, 99
 1041, 119, 16384, 99
 1041, 110, 16384, 99
 1041, 112, 16384, 99
 1041, 112, 16384, 99
 1041, 112, 16384, 99
 1041, 112, 16384, 99
 1041, 112, 16384, 99
 1042, 112, 16384, 99
 1042, 112, 16384, 99
 1042, 112, 16384, 99
 1042, 112, 16384, 99
 1042, 86, 16384, 99
 1042, 86, 16384, 99
 1042, 86, 16384, 99
 1042, 86, 16384, 99
 1042, 86, 16384, 99
 1042, 86, 16384, 99
 1043, 86, 16384, 99
 1043, 86, 16384, 99
 1043, 86, 16384, 99
 1043, 84, 16384, 99
 1043, 108, 16384, 99
 1043, 113, 16384, 99
 1043, 113, 16384, 99
 1043, 113, 16384, 99
 1043, 113, 16384, 99
 1043, 113, 16384, 99
 1044, 113, 16384, 99
 1044, 113, 16384, 99
 1044, 113, 16384, 99
 1044, 105, 16384, 99
 1044, 105, 16384, 99
 1044, 119, 16384, 99
 1044, 119, 16384, 99
 1044, 119, 16384, 99
 1044, 119, 16384, 99
 1045, 119, 16384, 99
 1045, 119, 16384, 99
 1045, 119, 16384, 99
 1045, 119, 16384, 99
 1045, 135, 16384, 99
 1045, 134, 16384, 99
 1045, 134, 16384, 99
 1045, 134, 16384, 99
 1045, 134, 16384, 99
 1045, 134, 16384, 99
 1046, 134, 16384, 99
 1046, 134, 16384, 99
 1046, 134, 16384, 99
 1046, 134, 16384, 99
 1046, 114, 16384, 99
 1046, 114, 16384, 99
 1046, 114, 16384, 99
 1046, 114, 16384, 99
 1046, 114, 16384, 99
 1046, 114, 16384, 99
 1047, 114, 16384, 99
 1047, 114, 16384, 99
 1047, 114, 16384, 99
 1047, 114, 16384, 99
 1047, 134, 16384, 99
 1047, 134, 16384, 99
 1047, 134, 16384, 99
 1047, 134, 16384, 99
 1047, 134, 16384, 99
 1047, 134, 16384, 99
 1048, 134, 16384, 99
 1048, 134, 16384, 99
 1048, 134, 16384, 99
 1048, 134, 16384, 99
 1048, 226, 16384, 99
 1048, 226, 16384, 99
 1048, 226, 16384, 99
 1048, 226, 16384, 99
 1048, 226, 16384, 99
 1048, 226, 16384, 99
 1049, 226, 16384, 99
 1049, 226, 16384, 99
 1049, 226, 16384, 99
 1049, 226, 16384, 99
 1049, 321, 16384, 98
 1049, 321, 16384, 98
 1049, 321, 16384, 98
 1049, 321, 16384, 98
 1049, 321, 16384, 98
 1049, 321, 16384, 98
 1050, 321, 16384, 98
 1050, 321, 16384, 98
 1050, 321, 16384, 98
 1050, 277, 16384, 98
 1050, 309, 16384, 98
 1050, 307, 16384, 98
 1050, 307, 16384, 98
 1050, 307, 16384, 98
 1050, 307, 16384, 98
 1051, 307, 16384, 98
 1051, 307, 16384, 98
 1051, 307, 16384, 98
 1051, 307, 16384, 98
 1051, 322, 16384, 98
 1051, 329, 16384, 98
 1051, 329, 16384, 98
 1051, 329, 16384, 98
 1051, 329, 16384, 98
 1051, 329, 16384, 98
 1052, 329, 16384, 98
 1052, 329, 16384, 98
 1052, 329, 16384, 98
 1052, 329, 16384, 98
 1052, 346, 16384, 98
 1052, 340, 16384, 98
 1052, 340, 16384, 98
 1052, 340, 16384, 98
 1052, 340, 16384, 98
 1052, 340, 16384, 98
 1053, 340, 16384, 98
 1053, 340, 16384, 98
 1053, 340, 16384, 98
 1053, 340, 16384, 98
 1053, 351, 16384, 98
 1053, 349, 16384, 98
 1053, 319, 16384, 98
 1053, 319, 16384, 98
 1053, 319, 16384, 98
 1053, 319, 16384, 98
 1054, 319, 16384, 98
 1054, 319, 16384, 98
 1054, 319, 16384, 98
 1054, 319, 16384, 98
 1054, 246, 16384, 98
 1054, 242, 16384, 99
 1054, 221, 16384, 99
 1054, 221, 16384, 99
 1054, 221, 16384, 99
 1054, 221, 16384, 99
 1055, 221, 16384, 99
 1055, 221, 16384, 99
 1055, 221, 16384, 99
 1055, 221, 16384, 99
 1055, 207, 16384, 99
 1055, 207, 16384, 99
 1055, 215, 16384, 99
 1055, 240, 16384, 99
 1055, 240, 16384, 99
 1055, 240, 16384, 99
 1056, 240, 16384, 99
 1056, 240, 16384, 99
 1056, 240, 16384, 99
 1056, 240, 16384, 99
 1056, 201, 16384, 99
 1056, 201, 16384, 99
 1056, 201, 16384, 99
 1056, 201, 16384, 99
 1056, 201, 16384, 99
 1056, 201, 16384, 99
 1057, 201, 16384, 99
 1057, 201, 16384, 99
 1057, 201, 16384, 99
 1057, 201, 16384, 99
 1057, 209, 16384, 99
 1057, 210, 16384, 99
 1057, 210, 16384, 99
 1057, 210, 16384, 99
 1057, 210, 16384, 99
 1057, 210, 16384, 99
 1058, 210, 16384, 99
 1058, 210, 16384, 99
 1058, 210, 16384, 99
 1058, 210, 16384, 99
 1058, 160, 16384, 99
 1058, 185, 16384, 99
 1058, 180, 16384, 99
 1058, 180, 16384, 99
 1058, 180, 16384, 99
 1059, 180, 16384, 99
 1059, 180, 16384, 99
 1059, 180, 16384, 99
 1059, 180, 16384, 99
 1059, 180, 16384, 99
 1059, 140, 16384, 99
 1059, 140, 16384, 99
 1059, 140, 16384, 99
 1059, 140, 16384, 99
 1059, 140, 16384, 99
 1060, 140, 16384, 99
 1060, 140, 16384, 99
 1060, 140, 16384, 99
 1060, 140, 16384, 99
 1060, 229, 16384, 99
 1060, 543, 16384, 97
 1060, 543, 16384, 97
 1060, 543, 16384, 97
 1060, 543, 16384, 97
 1060, 543, 16384, 97
 1061, 543, 16384, 97
 1061, 543, 16384, 97
 1061, 543, 16384, 97
 1061, 543, 16384, 97
 1061, 506, 16384, 97
 1061, 530, 16384, 97
 1061, 537, 16384, 97
 1061, 519, 16384, 97
 1061, 519, 16384, 97
 1061, 519, 16384, 97
 1062, 519, 16384, 97
 1062, 519, 16384, 97
 1062, 519, 16384, 97
 1062, 519, 16384, 97
 1062, 402, 16384, 98
 1062, 394, 16384, 98
 1062, 394, 16384, 98
 1062, 394, 16384, 98
 1062, 394, 16384, 98
 1062, 394, 16384, 98
 1063, 394, 16384, 98
 1063, 394, 16384, 98
 1063, 394, 16384, 98
 1063, 394, 16384, 98
 1063, 503, 16384, 97
 1063, 505, 16384, 97
 1063, 505, 16384, 97
 1063, 505, 16384, 97
 1063, 505, 16384, 97
 1063, 505, 16384, 97
 1064, 505, 16384, 97
 1064, 505, 16384, 97
 1064, 505, 16384, 97
 1064, 505, 16384, 97
 1064, 426, 16384, 97
 1064, 452, 16384, 97
 1064, 452, 16384, 97
 1064, 452, 16384, 97
 1064, 452, 16384, 97
 1064, 452, 16384, 97
 1065, 452, 16384, 97
 1065, 452, 16384, 97
 1065, 452, 16384, 97
 1065, 452, 16384, 97
 1065, 419, 16384, 97
 1065, 418, 16384, 97
 1065, 418, 16384, 97
 1065, 418, 16384, 97
 1065, 418, 16384, 97
 1065, 418, 16384, 97
 1066, 418, 16384, 97
 1066, 418, 16384, 97
 1066, 418, 16384, 97
 1066, 418, 16384, 97
 1066, 424, 16384, 97
 1066, 426, 16384, 97
 1066, 426, 16384, 97
 1066, 426, 16384, 97
 1066, 426, 16384, 97
 1067, 426, 16384, 97
 1067, 426, 16384, 97
 1067, 426, 16384, 97
 1067, 426, 16384, 97
 1067, 426, 16384, 97
 1067, 410, 16384, 97
 1067, 416, 16384, 97
 1067, 422, 16384, 97
 1067, 422, 16384, 97
 1067, 422, 16384, 97
 1068, 422, 16384, 97
 1068, 422, 16384, 97
 1068, 422, 16384, 97
 1068, 422, 16384, 97
 1068, 212, 16384, 99
 1068, 222, 16384, 99
 1068, 222, 16384, 99
 1068, 222, 16384, 99
 1068, 222, 16384, 99
 1069, 222, 16384, 99
 1069, 222, 16384, 99
 1069, 222, 16384, 99
 1069, 222, 16384, 99
 1069, 222, 16384, 99
 1069, 310, 16384, 98
 1069, 308, 16384, 98
 1069, 306, 16384, 98
 1069, 306, 16384, 98
 1069, 306, 16384, 98
 1070, 306, 16384, 98
 1070, 306, 16384, 98
 1070, 306, 16384, 98
 1070, 306, 16384, 98
 1070, 306, 16384, 98
 1070, 338, 16384, 98
 1070, 329, 16384, 98
 1070, 338, 16384, 98
 1070, 337, 16384, 98
 1070, 337, 16384, 98
 1071, 337, 16384, 98
 1071, 337, 16384, 98
 1071, 337, 16384, 98
 1071, 337, 16384, 98
 1071, 337, 16384, 98
 1071, 303, 16384, 98
 1071, 304, 16384, 98
 1071, 304, 16384, 98
 1071, 304, 16384, 98
 1071, 304, 16384, 98
 1072, 304, 16384, 98
 1072, 304, 16384, 98
 1072, 304, 16384, 98
 1072, 304, 16384, 98
 1072, 304, 16384, 98
 1072, 300, 16384, 98
 1072, 304, 16384, 98
 1072, 302, 16384, 98
 1072, 302, 16384, 98
 1072, 302, 16384, 98
 1073, 302, 16384, 98
 1073, 302, 16384, 98
 1073, 302, 16384, 98
 1073, 302, 16384, 98
 1073, 302, 16384, 98
 1073, 328, 16384, 98
 1073, 323, 16384, 98
 1073, 323, 16384, 98
 1073, 323, 16384, 98
 1073, 323, 16384, 98
 1074, 323, 16384, 98
 1074, 323, 16384, 98
 1074, 323, 16384, 98
 1074, 323, 16384, 98
 1074, 323, 16384, 98
 1074, 302, 16384, 98
 1074, 294, 16384, 98
 1074, 298, 16384, 98
 1074, 298, 16384, 98
 1074, 298, 16384, 98
 1075, 298, 16384, 98
 1075, 298, 16384, 98
 1075, 298, 16384, 98
 1075, 298, 16384, 98
 1075, 298, 16384, 98
 1075, 175, 16384, 99
 1075, 172, 16384, 99
 1075, 172, 16384, 99
 1075, 172, 16384, 99
 1076, 172, 16384, 99
 1076, 172, 16384, 99
 1076, 172, 16384, 99
 1076, 172, 16384, 99
 1076, 172, 16384, 99
 1076, 172, 16384, 99
 1076, 246, 16384, 98
 1076, 243, 16384, 99
 1076, 243, 16384, 99
 1076, 243, 16384, 99
 1077, 243, 16384, 99
 1077, 243, 16384, 99
 1077, 243, 16384, 99
 1077, 243, 16384, 99
 1077, 243, 16384, 99
 1077, 243, 16384, 99
 1077, 255, 16384, 98
 1077, 260, 16384, 98
 1077, 263, 16384, 98
 1078, 253, 16384, 98
 1078, 253, 16384, 98
 1078, 253, 16384, 98
 1078, 253, 16384, 98
 1078, 253, 16384, 98
 1078, 253, 16384, 98
 1078, 253, 16384, 98
 1078, 313, 16384, 98
 1078, 341, 16384, 98
 1078, 341, 16384, 98
 1079, 341, 16384, 98
 1079, 341, 16384, 98
 1079, 341, 16384, 98
 1079, 341, 16384, 98
 1079, 341, 16384, 98
 1079, 341, 16384, 98
 1079, 341, 16384, 98
 1079, 359, 16384, 98
 1079, 352, 16384, 98
 1079, 345, 16384, 98
 1080, 345, 16384, 98
 1080, 345, 16384, 98
 1080, 345, 16384, 98
 1080, 345, 16384, 98
 1080, 345, 16384, 98
 1080, 345, 16384, 98
 1080, 345, 16384, 98
 1080, 603, 16384, 96
 1080, 596, 16384, 96
 1081, 596, 16384, 96
 1081, 596, 16384, 96
 1081, 596, 16384, 96
 1081, 596, 16384, 96
 1081, 596, 16384, 96
 1081, 596, 16384, 96
 1081, 596, 16384, 96
 1081, 596, 16384, 96
 1081, 541, 16384, 97
 1081, 533, 16384, 97
 1082, 533, 16384, 97
 1082, 533, 16384, 97
 1082, 533, 16384, 97
 1082, 533, 16384, 97
 1082, 533, 16384, 97
 1082, 533, 16384, 97
 1082, 533, 16384, 97
 1082, 533, 16384, 97
 1082, 576, 16384, 96
 1082, 576, 16384, 96
 1083, 576, 16384, 96
 1083, 576, 16384, 96
 1083, 576, 16384, 96
 1083, 576, 16384, 96
 1083, 576, 16384, 96
 1083, 576, 16384, 96
 1083, 576, 16384, 96
 1083, 576, 16384, 96
 1083, 561, 16384, 97
 1083, 555, 16384, 97
 1084, 533, 16384, 97
 1084, 542, 16384, 97
 1084, 542, 16384, 97
 1084, 542, 16384, 97
 1084, 542, 16384, 97
 1084, 542, 16384, 97
 1084, 542, 16384, 97
 1084, 542, 16384, 97
 1084, 477, 16384, 97
 1084, 450, 16384, 97
 1085, 450, 16384, 97
 1085, 450, 16384, 97
 1085, 450, 16384, 97
 1085, 450, 16384, 97
 1085, 450, 16384, 97
 1085, 450, 16384, 97
 1085, 450, 16384, 97
 1085, 450, 16384, 97
 1085, 446, 16384, 97
 1085, 431, 16384, 97
 1086, 438, 16384, 97
 1086, 427, 16384, 97
 1086, 427, 16384, 97
 1086, 427, 16384, 97
 1086, 427, 16384, 97
 1086, 427, 16384, 97
 1086, 427, 16384, 97
 1086, 427, 16384, 97
 1086, 400, 16384, 98
 1086, 399, 16384, 98
 1087, 397, 16384, 98
 1087, 397, 16384, 98
 1087, 397, 16384, 98
 1087, 397, 16384, 98
 1087, 397, 16384, 98
 1087, 397, 16384, 98
 1087, 397, 16384, 98
 1087, 397, 16384, 98
 1087, 370, 16384, 98
 1088, 368, 16384, 98
 1088, 363, 16384, 98
 1088, 362, 16384, 98
 1088, 362, 16384, 98
 1088, 362, 16384, 98
 1088, 362, 16384, 98
 1088, 362, 16384, 98
 1088, 362, 16384, 98
 1088, 362, 16384, 98
 1088, 382, 16384, 98
 1089, 416, 16384, 97
 1089, 415, 16384, 97
 1089, 415, 16384, 97
 1089, 415, 16384, 97
 1089, 415, 16384, 97
 1089, 415, 16384, 97
 1089, 415, 16384, 97
 1089, 415, 16384, 97
 1089, 415, 16384, 97
 1089, 374, 16384, 98
 1090, 374, 16384, 98
 1090, 374, 16384, 98
 1090, 374, 16384, 98
 1090, 374, 16384, 98
 1090, 374, 16384, 98
 1090, 374, 16384, 98
 1090, 374, 16384, 98
 1090, 374, 16384, 98
 1090, 374, 16384, 98
 1090, 229, 16384, 99
 1091, 224, 16384, 99
 1091, 224, 16384, 99
 1091, 224, 16384, 99
 1091, 224, 16384, 99
 1091, 224, 16384, 99
 1091, 224, 16384, 99
 1091, 224, 16384, 99
 1091, 224, 16384, 99
 1091, 224, 16384, 99
 1091, 85, 16384, 99
 1092, 207, 16384, 99
 1092, 185, 16384, 99
 1092, 185, 16384, 99
 1092, 185, 16384, 99
 1092, 185, 16384, 99
 1092, 185, 16384, 99
 1092, 185, 16384, 99
 1092, 185, 16384, 99
 1092, 185, 16384, 99
 1092, 364, 16384, 98
 1093, 384, 16384, 98
 1093, 371, 16384, 98
 1093, 370, 16384, 98
 1093, 370, 16384, 98
 1093, 370, 16384, 98
 1093, 370, 16384, 98
 1093, 370, 16384, 98
 1093, 370, 16384, 98
 1093, 370, 16384, 98
 1093, 360, 16384, 98
 1094, 353, 16384, 98
 1094, 334, 16384, 98
 1094, 334, 16384, 98
 1094, 334, 16384, 98
 1094, 334, 16384, 98
 1094, 334, 16384, 98
 1094, 334, 16384, 98
 1094, 334, 16384, 98
 1094, 334, 16384, 98
 1094, 253, 16384, 98
 1095, 250, 16384, 98
 1095, 250, 16384, 98
 1095, 250, 16384, 98
 1095, 250, 16384, 98
 1095, 250, 16384, 98
 1095, 250, 16384, 98
 1095, 250, 16384, 98
 1095, 250, 16384, 98
 1095, 250, 16384, 98
 1095, 290, 16384, 98
 1096, 293, 16384, 98
 1096, 293, 16384, 98
 1096, 293, 16384, 98
 1096, 293, 16384, 98
 1096, 293, 16384, 98
 1096, 293, 16384, 98
 1096, 293, 16384, 98
 1096, 293, 16384, 98
 1096, 293, 16384, 98
 1097, 231, 16384, 99
 1097, 240, 16384, 99
 1097, 244, 16384, 99
 1097, 244, 16384, 99
 1097, 244, 16384, 99
 1097, 244, 16384, 99
 1097, 244, 16384, 99
 1097, 244, 16384, 99
 1097, 244, 16384, 99
 1097, 244, 16384, 99
 1098, 228, 16384, 99
 1098, 228, 16384, 99
 1098, 228, 16384, 99
 1098, 228, 16384, 99
 1098, 228, 16384, 99
 1098, 228, 16384, 99
 1098, 228, 16384, 99
 1098, 228, 16384, 99
 1098, 228, 16384, 99
 1098, 283, 16384, 98
 1099, 283, 16384, 98
 1099, 283, 16384, 98
 1099, 283, 16384, 98
 1099, 283, 16384, 98
 1099, 283, 16384, 98
 1099, 283, 16384, 98
 1099, 283, 16384, 98
 1099, 283, 16384, 98
 1099, 283, 16384, 98
 1099, 424, 16384, 97
 1100, 417, 16384, 97
 1100, 437, 16384, 97
 1100, 437, 16384, 97
 1100, 437, 16384, 97
 1100, 437, 16384, 97
 1100, 437, 16384, 97
 1100, 437, 16384, 97
 1100, 437, 16384, 97
 1100, 437, 16384, 97
 1100, 386, 16384, 98
 1101, 386, 16384, 98
 1101, 386, 16384, 98
 1101, 386, 16384, 98
 1101, 386, 16384, 98
 1101, 386, 16384, 98
 1101, 386, 16384, 98
 1101, 386, 16384, 98
 1101, 386, 16384, 98
 1101, 386, 16384, 98
 1101, 388, 16384, 98
 1102, 412, 16384, 97
 1102, 412, 16384, 97
 1102, 412, 16384, 97
 1102, 412, 16384, 97
 1102, 412, 16384, 97
 1102, 412, 16384, 97
 1102, 412, 16384, 97
 1102, 412, 16384, 97
 1102, 412, 16384, 97
 1102, 392, 16384, 98
 1103, 426, 16384, 97
 1103, 426, 16384, 97
 1103, 426, 16384, 97
 1103, 426, 16384, 97
 1103, 426, 16384, 97
 1103, 426, 16384, 97
 1103, 426, 16384, 97
 1103, 426, 16384, 97
 1103, 426, 16384, 97
 1104, 448, 16384, 97
 1104, 449, 16384, 97
 1104, 449, 16384, 97
 1104, 449, 16384, 97
 1104, 449, 16384, 97
 1104, 449, 16384, 97
 1104, 449, 16384, 97
 1104, 449, 16384, 97
 1104, 449, 16384, 97
 1104, 449, 16384, 97
 1105, 427, 16384, 97
 1105, 416, 16384, 97
 1105, 416, 16384, 97
 1105, 416, 16384, 97
 1105, 416, 16384, 97
 1105, 416, 16384, 97
 1105, 416, 16384, 97
 1105, 416, 16384, 97
 1105, 416, 16384, 97
 1105, 416, 16384, 97
 1106, 353, 16384, 98
 1106, 353, 16384, 98
 1106, 353, 16384, 98
 1106, 353, 16384, 98
 1106, 353, 16384, 98
 1106, 353, 16384, 98
 1106, 353, 16384, 98
 1106, 353, 16384, 98
 1106, 353, 16384, 98
 1106, 353, 16384, 98
 1107, 473, 16384, 97
 1107, 534, 16384, 97
 1107, 534, 16384, 97
 1107, 534, 16384, 97
 1107, 534, 16384, 97
 1107, 534, 16384, 97
 1107, 534, 16384, 97
 1107, 534, 16384, 97
 1107, 534, 16384, 97
 1107, 391, 16384, 98
 1108, 386, 16384, 98
 1108, 386, 16384, 98
 1108, 386, 16384, 98
 1108, 386, 16384, 98
 1108, 386, 16384, 98
 1108, 386, 16384, 98
 1108, 386, 16384, 98
 1108, 386, 16384, 98
 1108, 386, 16384, 98
 1108, 395, 16384, 98
 1109, 395, 16384, 98
 1109, 395, 16384, 98
 1109, 395, 16384, 98
 1109, 395, 16384, 98
 1109, 395, 16384, 98
 1109, 395, 16384, 98
 1109, 395, 16384, 98
 1109, 395, 16384, 98
 1109, 395, 16384, 98
 1110, 281, 16384, 98
 1110, 281, 16384, 98
 1110, 281, 16384, 98
 1110, 281, 16384, 98
 1110, 281, 16384, 98
 1110, 281, 16384, 98
 1110, 281, 16384, 98
 1110, 281, 16384, 98
 1110, 281, 16384, 98
 1110, 281, 16384, 98
 1111, 323, 16384, 98
 1111, 348, 16384, 98
 1111, 364, 16384, 98
 1111, 364, 16384, 98
 1111, 364, 16384, 98
 1111, 364, 16384, 98
 1111, 364, 16384, 98
 1111, 364, 16384, 98
 1111, 364, 16384, 98
 1111, 364, 16384, 98
 1112, 399, 16384, 98
 1112, 395, 16384, 98
 1112, 395, 16384, 98
 1112, 395, 16384, 98
 1112, 395, 16384, 98
 1112, 395, 16384, 98
 1112, 395, 16384, 98
 1112, 395, 16384, 98
 1112, 395, 16384, 98
 1112, 395, 16384, 98
 1113, 378, 16384, 98
 1113, 378, 16384, 98
 1113, 378, 16384, 98
 1113, 378, 16384, 98
 1113, 378, 16384, 98
 1113, 378, 16384, 98
 1113, 378, 16384, 98
 1113, 378, 16384, 98
 1113, 378, 16384, 98
 1113, 378, 16384, 98
 1114, 355, 16384, 98
 1114, 353, 16384, 98
 1114, 353, 16384, 98
 1114, 353, 16384, 98
 1114, 353, 16384, 98
 1114, 353, 16384, 98
 1114, 353, 16384, 98
 1114, 353, 16384, 98
 1114, 353, 16384, 98
 1114, 353, 16384, 98
 1115, 584, 16384, 96
 1115, 597, 16384, 96
 1115, 597, 16384, 96
 1115, 597, 16384, 96
 1115, 597, 16384, 96
 1115, 597, 16384, 96
 1115, 597, 16384, 96
 1115, 597, 16384, 96
 1115, 597, 16384, 96
 1115, 597, 16384, 96
 1116, 417, 16384, 97
 1116, 364, 16384, 98
 1116, 335, 16384, 98
 1116, 335, 16384, 98
 1116, 335, 16384, 98
 1116, 335, 16384, 98
 1116, 335, 16384, 98
 1116, 335, 16384, 98
 1116, 335, 16384, 98
 1116, 335, 16384, 98
 1117, 483, 16384, 97
 1117, 483, 16384, 97
 1117, 483, 16384, 97
 1117, 483, 16384, 97
 1117, 483, 16384, 97
 1117, 483, 16384, 97
 1117, 483, 16384, 97
 1117, 483, 16384, 97
 1117, 483, 16384, 97
 1118, 483, 16384, 97
 1118, 377, 16384, 98
 1118, 397, 16384, 98
 1118, 422, 16384, 97
 1118, 421, 16384, 97
 1118, 421, 16384, 97
 1118, 421, 16384, 97
 1118, 421, 16384, 97
 1118, 421, 16384, 97
 1118, 421, 16384, 97
 1119, 421, 16384, 97
 1119, 386, 16384, 98
 1119, 401, 16384, 98
 1119, 401, 16384, 98
 1119, 401, 16384, 98
 1119, 401, 16384, 98
 1119, 401, 16384, 98
 1119, 401, 16384, 98
 1119, 401, 16384, 98
 1119, 401, 16384, 98
 1120, 401, 16384, 98
 1120, 352, 16384, 98
 1120, 318, 16384, 98
 1120, 318, 16384, 98
 1120, 318, 16384, 98
 1120, 318, 16384, 98
 1120, 318, 16384, 98
 1120, 318, 16384, 98
 1120, 318, 16384, 98
 1120, 318, 16384, 98
 1121, 318, 16384, 98
 1121, 289, 16384, 98
 1121, 313, 16384, 98
 1121, 319, 16384, 98
 1121, 319, 16384, 98
 1121, 319, 16384, 98
 1121, 319, 16384, 98
 1121, 319, 16384, 98
 1121, 319, 16384, 98
 1121, 319, 16384, 98
 1122, 319, 16384, 98
 1122, 441, 16384, 97
 1122, 452, 16384, 97
 1122, 430, 16384, 97
 1122, 430, 16384, 97
 1122, 430, 16384, 97
 1122, 430, 16384, 97
 1122, 430, 16384, 97
 1122, 430, 16384, 97
 1122, 430, 16384, 97
 1123, 430, 16384, 97
 1123, 277, 16384, 98
 1123, 260, 16384, 98
 1123, 260, 16384, 98
 1123, 260, 16384, 98
 1123, 260, 16384, 98
 1123, 260, 16384, 98
 1123, 260, 16384, 98
 1123, 260, 16384, 98
 1123, 260, 16384, 98
 1124, 260, 16384, 98
 1124, 325, 16384, 98
 1124, 317, 16384, 98
 1124, 324, 16384, 98
 1124, 324, 16384, 98
 1124, 324, 16384, 98
 1124, 324, 16384, 98
 1124, 324, 16384, 98
 1124, 324, 16384, 98
 1124, 324, 16384, 98
 1125, 324, 16384, 98
 1125, 479, 16384, 97
 1125, 455, 16384, 97
 1125, 455, 16384, 97
 1125, 455, 16384, 97
 1125, 455, 16384, 97
 1125, 455, 16384, 97
 1125, 455, 16384, 97
 1125, 455, 16384, 97
 1125, 455, 16384, 97
 1126, 455, 16384, 97
 1126, 467, 16384, 97
 1126, 375, 16384, 98
 1126, 374, 16384, 98
 1126, 348, 16384, 98
 1126, 348, 16384, 98
 1126, 348, 16384, 98
 1126, 348, 16384, 98
 1126, 348, 16384, 98
 1127, 348, 16384, 98
 1127, 912, 16384, 94
 1127, 912, 16384, 94
 1127, 912, 16384, 94
 1127, 912, 16384, 94
 1127, 912, 16384, 94
 1127, 912, 16384, 94
 1127, 912, 16384, 94
 1127, 912, 16384, 94
 1127, 912, 16384, 94
 1128, 912, 16384, 94
 1128, 594, 16384, 96
 1128, 484, 16384, 97
 1128, 350, 16384, 98
 1128, 350, 16384, 98
 1128, 350, 16384, 98
 1128, 350, 16384, 98
 1128, 350, 16384, 98
 1128, 350, 16384, 98
 1128, 350, 16384, 98
 1129, 350, 16384, 98
 1129, 394, 16384, 98
 1129, 394, 16384, 98
 1129, 394, 16384, 98
 1129, 394, 16384, 98
 1129, 394, 16384, 98
 1129, 394, 16384, 98
 1129, 394, 16384, 98
 1129, 394, 16384, 98
 1129, 394, 16384, 98
 1130, 394, 16384, 98
 1130, 242, 16384, 99
 1130, 268, 16384, 98
 1130, 272, 16384, 98
 1130, 272, 16384, 98
 1130, 272, 16384, 98
 1130, 272, 16384, 98
 1130, 272, 16384, 98
 1130, 272, 16384, 98
 1130, 272, 16384, 98
 1131, 272, 16384, 98
 1131, 343, 16384, 98
 1131, 351, 16384, 98
 1131, 351, 16384, 98
 1131, 351, 16384, 98
 1131, 351, 16384, 98
 1131, 351, 16384, 98
 1131, 351, 16384, 98
 1131, 351, 16384, 98
 1132, 351, 16384, 98
 1132, 351, 16384, 98
 1132, 279, 16384, 98
 1132, 264, 16384, 98
 1132, 328, 16384, 98
 1132, 299, 16384, 98
 1132, 299, 16384, 98
 1132, 299, 16384, 98
 1132, 299, 16384, 98
 1132, 299, 16384, 98
 1133, 299, 16384, 98
 1133, 299, 16384, 98
 1133, 448, 16384, 97
 1133, 413, 16384, 97
 1133, 414, 16384, 97
 1133, 381, 16384, 98
 1133, 381, 16384, 98
 1133, 381, 16384, 98
 1133, 381, 16384, 98
 1133, 381, 16384, 98
 1134, 381, 16384, 98
 1134, 381, 16384, 98
 1134, 319, 16384, 98
 1134, 307, 16384, 98
 1134, 307, 16384, 98
 1134, 324, 16384, 98
 1134, 324, 16384, 98
 1134, 324, 16384, 98
 1134, 324, 16384, 98
 1134, 324, 16384, 98
 1135, 324, 16384, 98
 1135, 324, 16384, 98
 1135, 635, 16384, 96
 1135, 612, 16384, 96
 1135, 612, 16384, 96
 1135, 612, 16384, 96
 1135, 612, 16384, 96
 1135, 612, 16384, 96
 1135, 612, 16384, 96
 1135, 612, 16384, 96
 1136, 612, 16384, 96
 1136, 612, 16384, 96
 1136, 322, 16384, 98
 1136, 343, 16384, 98
 1136, 333, 16384, 98
 1136, 351, 16384, 98
 1136, 351, 16384, 98
 1136, 351, 16384, 98
 1136, 351, 16384, 98
 1136, 351, 16384, 98
 1137, 351, 16384, 98
 1137, 351, 16384, 98
 1137, 290, 16384, 98
 1137, 297, 16384, 98
 1137, 297, 16384, 98
 2, 319, 16384, 98
 12, 1884, 16384, 8 1 22, 541, 16384, 97  32, 267, 16384, 98  42, 477, 16384, 97  52, 372, 16384, 98
 62, 384, 16384, 98
 8, 206, 16384, 99
 18, 371, 16384, 98  28, 375, 16384, 98  38, 351, 16384, 98  48, 480, 16384, 97  58, 446, 16384, 97  68, 428, 16384, 97  78, 257, 16384, 98 78, 257, 16384, 98
 88, 2833, 16384, 83
 10, 328, 16384, 98
 20, 359, 16384, 98  30, 236, 16384, 99  40, 238, 16384, 99  50, 224, 16384, 99  60, 250, 16384, 98  70, 336, 16384, 98 69, 314, 16384, 98
 79, 2457, 16384, 85
 7, 347, 16384, 98
 17, 415, 16384, 97  27, 330, 16384, 98
 37, 339, 16384, 98
 47, 266, 16384, 98
 57, 371, 16384, 98  67, 399, 16384, 98  77, 465, 16384, 97  87, 360, 16384, 98
 97, 1997, 16384, 88
 107, 580, 16384, 96
 117, 286, 16384, 98
 127, 181, 16384, 99
 137, 201, 16384, 99
 147, 188, 16384, 99
 157, 127, 16384, 99
 167, 133, 16384, 99
 177, 121, 16384, 99
 187, 249, 16384, 98
 197, 191, 16384, 99
 207, 94, 16384, 99
 217, 114, 16384, 99
 227, 142, 16384, 99
 237, 306, 16384, 98
 247, 223, 16384, 99
 257, 178, 16384, 99
 267, 404, 16384, 98
 277, 363, 16384, 98
 287, 263, 16384, 98
 297, 490, 16384, 97
 307, 265, 16384, 98
 317, 285, 16384, 98
 327, 380, 16384, 98
 337, 276, 16384, 98
 348, 322, 16384, 98
 358, 218, 16384, 99
 368, 297, 16384, 98
 378, 162, 16384, 99
 388, 194, 16384, 99
 398, 377, 16384, 98
 408, 191, 16384, 99
 418, 365, 16384, 98
 428, 396, 16384, 98
 438, 412, 16384, 97
 448, 418, 16384, 97
 458, 363, 16384, 98
 468, 225, 16384, 99
 478, 253, 16384, 98
 488, 423, 16384, 97
 498, 333, 16384, 98
 508, 240, 16384, 99
 518, 154, 16384, 99
 528, 268, 16384, 98
 538, 405, 16384, 98
 548, 385, 16384, 98
 558, 116, 16384, 99
 568, 173, 16384, 99
 578, 196, 16384, 99
 588, 164, 16384, 99
 598, 187, 16384, 99
 608, 396, 16384, 98
 618, 197, 16384, 99
 628, 269, 16384, 98
 638, 410, 16384, 97
 648, 326, 16384, 98
 658, 121, 16384, 99
 668, 411, 16384, 97
 678, 123, 16384, 99
 688, 198, 16384, 99
 698, 79, 16384, 100
 708, 163, 16384, 99
 718, 101, 16384, 99
 728, 352, 16384, 98
 738, 200, 16384, 99
 748, 278, 16384, 98
 758, 123, 16384, 99
 768, 118, 16384, 99
 778, 167, 16384, 99
 788, 237, 16384, 99
 798, 468, 16384, 97
 808, 284, 16384, 98
 818, 212, 16384, 99
 828, 215, 16384, 99
 838, 293, 16384, 98
 848, 266, 16384, 98
 858, 215, 16384, 99
 868, 353, 16384, 98
 878, 362, 16384, 98
 888, 262, 16384, 98
 898, 330, 16384, 98
 908, 333, 16384, 98
 918, 361, 16384, 98
 928, 337, 16384, 98
 938, 352, 16384, 98
 948, 383, 16384, 98
 958, 353, 16384, 98
 968, 404, 16384, 98
 978, 376, 16384, 98
 988, 390, 16384, 98
 998, 240, 16384, 99
 1008, 132, 16384, 99
 1018, 328, 16384, 98
 1028, 170, 16384, 99
 1038, 169, 16384, 99
 1048, 131, 16384, 99
 1058, 156, 16384, 99
 1068, 109, 16384, 99
 1078, 223, 16384, 99
 1088, 162, 16384, 99
 1098, 203, 16384, 99
 1108, 147, 16384, 99
 1118, 316, 16384, 98
 1128, 160, 16384, 99
 1138, 173, 16384, 99
 1148, 164, 16384, 99
 1158, 193, 16384, 99
 1168, 251, 16384, 98
 1178, 231, 16384, 99
 1188, 113, 16384, 99
 1198, 101, 16384, 99
 1208, 96, 16384, 99
 1218, 273, 16384, 98
 1228, 313, 16384, 98
 1238, 107, 16384, 99
 1248, 371, 16384, 98
 1258, 215, 16384, 99
 1268, 107, 16384, 99
 1278, 147, 16384, 99
 1288, 92, 16384, 99
 1298, 260, 16384, 98
 1308, 326, 16384, 98
 1318, 185, 16384, 99
 1328, 128, 16384, 99
 1338, 160, 16384, 99
 1348, 109, 16384, 99
 1358, 146, 16384, 99
 1368, 349, 16384, 98
 1378, 222, 16384, 99
 1388, 241, 16384, 99
 1398, 357, 16384, 98
 1408, 113, 16384, 99
 1418, 265, 16384, 98
 1428, 153, 16384, 99
 1438, 274, 16384, 98
 1448, 128, 16384, 99
 1458, 136, 16384, 99
 1468, 228, 16384, 99
 1478, 274, 16384, 98
 1488, 288, 16384, 98
 1498, 296, 16384, 98
 1508, 329, 16384, 98
 1518, 329, 16384, 98
 1528, 205, 16384, 99
 1538, 414, 16384, 97
 1548, 420, 16384, 97
 1558, 405, 16384, 98
 1568, 458, 16384, 97
 1578, 447, 16384, 97
 1588, 340, 16384, 98
 1598, 293, 16384, 98
 1608, 150, 16384, 99
 1618, 180, 16384, 99
 1628, 322, 16384, 98
 1638, 329, 16384, 98
